#
# There is insufficient memory for the Java Runtime Environment to continue.
# Native memory allocation (mmap) failed to map 1426063360 bytes. Error detail: G1 virtual space
# Possible reasons:
#   The system is out of physical RAM or swap space
#   This process is running with CompressedOops enabled, and the Java Heap may be blocking the growth of the native heap
# Possible solutions:
#   Reduce memory load on the system
#   Increase physical memory or swap space
#   Check if swap backing store is full
#   Decrease Java heap size (-Xmx/-Xms)
#   Decrease number of Java threads
#   Decrease Java thread stack sizes (-Xss)
#   Set larger code cache with -XX:ReservedCodeCacheSize=
#   JVM is running with Zero Based Compressed Oops mode in which the Java heap is
#     placed in the first 32GB address space. The Java Heap base address is the
#     maximum limit for the native heap growth. Please use -XX:HeapBaseMinAddress
#     to set the Java Heap base and to place the Java Heap above 32GB virtual address.
# This output file may be truncated or incomplete.
#
#  Out of Memory Error (os_windows.cpp:3702), pid=24560, tid=24460
#
# JRE version: OpenJDK Runtime Environment Microsoft-14940689 (17.0.20.1+1) (build 17.0.20.1+1-LTS)
# Java VM: OpenJDK 64-Bit Server VM Microsoft-14940689 (17.0.20.1+1-LTS, mixed mode, sharing, tiered, compressed oops, compressed class ptrs, g1 gc, windows-amd64)
# No core dump will be written. Minidumps are not enabled by default on client versions of Windows
#

---------------  S U M M A R Y ------------

Command Line: -Xmx14g -XX:+IgnoreUnrecognizedVMOptions --add-modules=jdk.incubator.vector --add-opens=java.base/java.lang=ALL-UNNAMED --add-opens=java.base/java.lang.invoke=ALL-UNNAMED --add-opens=java.base/java.lang.reflect=ALL-UNNAMED --add-opens=java.base/java.io=ALL-UNNAMED --add-opens=java.base/java.net=ALL-UNNAMED --add-opens=java.base/java.nio=ALL-UNNAMED --add-opens=java.base/java.util=ALL-UNNAMED --add-opens=java.base/java.util.concurrent=ALL-UNNAMED --add-opens=java.base/java.util.concurrent.atomic=ALL-UNNAMED --add-opens=java.base/jdk.internal.ref=ALL-UNNAMED --add-opens=java.base/sun.nio.ch=ALL-UNNAMED --add-opens=java.base/sun.nio.cs=ALL-UNNAMED --add-opens=java.base/sun.security.action=ALL-UNNAMED --add-opens=java.base/sun.util.calendar=ALL-UNNAMED --add-opens=java.security.jgss/sun.security.krb5=ALL-UNNAMED -Dio.netty.tryReflectionSetAccessible=true -Dio.netty.allocator.type=pooled -Dio.netty.handler.ssl.defaultEndpointVerificationAlgorithm=NONE --sun-misc-unsafe-memory-access=allow --enable-native-access=ALL-UNNAMED -Dderby.connection.requireAuthentication=false org.apache.spark.deploy.SparkSubmit --conf spark.master=local[16] --conf spark.driver.memory=14g --conf spark.python.worker.faulthandler.enabled=true --conf spark.default.parallelism=256 --conf spark.sql.execution.pyspark.udf.faulthandler.enabled=true --conf spark.sql.adaptive.enabled=true --conf spark.sql.adaptive.coalescePartitions.enabled=true --conf spark.app.name=mortgage-credit-risk-preprocessing --conf spark.pyspark.driver.python=c:\Users\vorad\OneDrive\Desktop\Projects\mortgage-credit-risk\venv\Scripts\python.exe --conf spark.sql.shuffle.partitions=256 --conf spark.sql.adaptive.skewJoin.enabled=true --conf spark.pyspark.python=c:\Users\vorad\OneDrive\Desktop\Projects\mortgage-credit-risk\venv\Scripts\python.exe pyspark-shell

Host: 12th Gen Intel(R) Core(TM) i7-12650H, 16 cores, 15G,  Windows 11 , 64 bit Build 26100 (10.0.26100.9168)
Time: Sun Aug 30 14:04:01 2026 India Standard Time elapsed time: 42.086837 seconds (0d 0h 0m 42s)

---------------  T H R E A D  ---------------

Current thread (0x00000192fcde6820):  VMThread "VM Thread" [stack: 0x00000076d5200000,0x00000076d5300000] [id=24460]

Stack: [0x00000076d5200000,0x00000076d5300000]
Native frames: (J=compiled Java code, j=interpreted, Vv=VM code, C=native code)
V  [jvm.dll+0x68d159]  (no source info available)
V  [jvm.dll+0x8462c9]  (no source info available)
V  [jvm.dll+0x84803b]  (no source info available)
V  [jvm.dll+0x8486c3]  (no source info available)
V  [jvm.dll+0x24d12f]  (no source info available)
V  [jvm.dll+0x68c559]  (no source info available)
V  [jvm.dll+0x68084a]  (no source info available)
V  [jvm.dll+0x3103f0]  (no source info available)
V  [jvm.dll+0x310292]  (no source info available)
V  [jvm.dll+0x317809]  (no source info available)
V  [jvm.dll+0x369b89]  (no source info available)
V  [jvm.dll+0x369dbd]  (no source info available)
V  [jvm.dll+0x2e6bfa]  (no source info available)
V  [jvm.dll+0x2e4ff1]  (no source info available)
V  [jvm.dll+0x2e478c]  (no source info available)
V  [jvm.dll+0x3290db]  (no source info available)
V  [jvm.dll+0x84cf4d]  (no source info available)
V  [jvm.dll+0x84dc63]  (no source info available)
V  [jvm.dll+0x84e194]  (no source info available)
V  [jvm.dll+0x84e578]  (no source info available)
V  [jvm.dll+0x84e66e]  (no source info available)
V  [jvm.dll+0x7f67dc]  (no source info available)
V  [jvm.dll+0x68e6f7]  (no source info available)
C  [ucrtbase.dll+0x2cd30]  (no source info available)
C  [KERNEL32.DLL+0x2ccb7]  (no source info available)
C  [ntdll.dll+0xaad6c]  (no source info available)

VM_Operation (0x00000076e98fddf0): G1CollectForAllocation, mode: safepoint, requested by thread 0x000001930ef53c80


---------------  P R O C E S S  ---------------

Threads class SMR info:
_java_thread_list=0x0000019317e304b0, length=327, elements={
0x00000192d240c660, 0x00000192fcdec820, 0x00000192fcdf2220, 0x00000192ffc7bf40,
0x00000192ffc7c810, 0x00000192ffc7d0e0, 0x00000192ffc7d9b0, 0x00000192ffc805c0,
0x00000192ffc834f0, 0x00000192ffc83e00, 0x00000192ffc71180, 0x00000192fff331b0,
0x000001930657f9d0, 0x00000192ffef0300, 0x00000193068550c0, 0x0000019306855ae0,
0x00000193068555d0, 0x0000019306853c80, 0x0000019306853260, 0x0000019306855ff0,
0x0000019306856500, 0x0000019306853770, 0x0000019306856a10, 0x00000193068546a0,
0x0000019306854bb0, 0x0000019306ed6b00, 0x0000019306ed7520, 0x0000019306ed4ca0,
0x0000019306ed5bd0, 0x0000019306ed51b0, 0x0000019306ed56c0, 0x0000019306ed60e0,
0x0000019306ed7f40, 0x0000019306ed4790, 0x0000019306ed7a30, 0x0000019306ed7010,
0x0000019306ed9da0, 0x0000019306ed8e70, 0x0000019306ed8450, 0x0000019306ed8960,
0x0000019306ed9890, 0x0000019306ed65f0, 0x0000019306eda2b0, 0x0000019306eda7c0,
0x0000019306edacd0, 0x0000019306edb1e0, 0x0000019306edb6f0, 0x0000019306edbc00,
0x0000019306edc110, 0x00000193072a1da0, 0x00000193072a1380, 0x00000193072a0e70,
0x000001930729ff40, 0x000001930729f010, 0x000001930729eb00, 0x000001930729f520,
0x00000193072a27c0, 0x00000193072a0960, 0x000001930729fa30, 0x00000193072a4b30,
0x00000193072a3c00, 0x00000193072a36f0, 0x00000193072a4110, 0x00000193072a1890,
0x00000193072a22b0, 0x00000193072a5040, 0x0000019304dd83f0, 0x0000019304dd4c40,
0x0000019304ddac70, 0x0000019304ddbba0, 0x0000019304dd8e10, 0x0000019306854190,
0x000001930d9232e0, 0x000001930d923d00, 0x000001930d924210, 0x000001930d924720,
0x000001930d924c30, 0x000001930d9237f0, 0x000001930d926070, 0x000001930d926580,
0x000001930d925140, 0x000001930d922dd0, 0x000001930d925650, 0x000001930d925b60,
0x000001930d929d30, 0x000001930d926a90, 0x000001930d9283e0, 0x000001930d926fa0,
0x000001930d92a750, 0x000001930d929820, 0x000001930d9279c0, 0x000001930d929310,
0x000001930d9288f0, 0x000001930d928e00, 0x000001930d9274b0, 0x000001930d92a240,
0x000001930d927ed0, 0x000001930e690940, 0x000001930e690430, 0x000001930e690e50,
0x000001930e68eff0, 0x000001930e68e5d0, 0x000001930e691360, 0x000001930e691870,
0x000001930e68e0c0, 0x000001930e68eae0, 0x000001930e68f500, 0x000001930e68fa10,
0x000001930e68ff20, 0x000001930e594960, 0x000001930e595890, 0x000001930e5967c0,
0x000001930e595380, 0x000001930e595da0, 0x000001930e5971e0, 0x000001930e5976f0,
0x000001930e597c00, 0x000001930e594450, 0x000001930e598110, 0x000001930e598620,
0x000001930e594e70, 0x000001930e59a480, 0x000001930e59b8c0, 0x000001930e59b3b0,
0x000001930e598b30, 0x000001930e599040, 0x000001930e59bdd0, 0x000001930e599f70,
0x000001930e599a60, 0x000001930e59a990, 0x000001930e59aea0, 0x000001930ec2e2d0,
0x000001930ec2b030, 0x000001930ec2c470, 0x000001930ec2c980, 0x000001930ec2ba50,
0x000001930ec2bf60, 0x000001930ec2ce90, 0x000001930ec2ddc0, 0x000001930ec2d3a0,
0x000001930ec2d8b0, 0x000001930ec2b540, 0x000001930ec30640, 0x000001930ec2fc20,
0x000001930ec2f710, 0x000001930ec2f200, 0x000001930ec30130, 0x000001930ec30b50,
0x000001930ec31060, 0x000001930ec31a80, 0x000001930ec31570, 0x000001930ec324a0,
0x000001930ec2e7e0, 0x000001930ec31f90, 0x000001930ec2ecf0, 0x000001930ec329b0,
0x000001930dedce90, 0x000001930dede2d0, 0x000001930dedba50, 0x000001930dedd3a0,
0x000001930dedd8b0, 0x000001930dedc470, 0x000001930dedf710, 0x000001930dedc980,
0x000001930dedddc0, 0x000001930dedecf0, 0x000001930dedbf60, 0x000001930dee1a80,
0x000001930dee1060, 0x000001930dedfc20, 0x000001930dee0130, 0x000001930dee1570,
0x000001930dee0b50, 0x000001930dee0640, 0x000001930dee29b0, 0x000001930dee1f90,
0x000001930dedf200, 0x000001930dee2ec0, 0x000001930dee33d0, 0x000001930d9d65e0,
0x000001930d9d7f30, 0x000001930d9d8440, 0x000001930d9d7000, 0x000001930d9d8e60,
0x000001930d9d8950, 0x000001930d9d6af0, 0x000001930d9d60d0, 0x000001930d9d7510,
0x000001930d9d56b0, 0x000001930d9d9370, 0x000001930d9d7a20, 0x000001930d9d5bc0,
0x000001930d9da7b0, 0x000001930d9db6e0, 0x000001930d9da2a0, 0x000001930d9dc100,
0x000001930d9dacc0, 0x000001930d9db1d0, 0x000001930d9dbbf0, 0x000001930d9d9880,
0x000001930d9dc610, 0x000001930d9dcb20, 0x000001930d9dd030, 0x000001930d9d9d90,
0x000001930fcba0e0, 0x000001930fcbb010, 0x000001930fcbce70, 0x000001930fcbbf40,
0x000001930fcbc450, 0x000001930fcbc960, 0x000001930fcbd380, 0x000001930fcbb520,
0x000001930fcbd890, 0x000001930fcbdda0, 0x000001930fcba5f0, 0x000001930fcbe2b0,
0x000001930fcbab00, 0x000001930fcbfc00, 0x000001930fcc1f70, 0x000001930fcbe7c0,
0x000001930fcc1a60, 0x000001930fcc2480, 0x000001930fcc0110, 0x000001930fcc0620,
0x000001930fcc1040, 0x000001930fcbecd0, 0x000001930fcc1550, 0x000001930fcc0b30,
0x000001930fcbf1e0, 0x000001930fcbf6f0, 0x000001930fcc2990, 0x000001930fcc6650,
0x000001930fcc42e0, 0x000001930fcc47f0, 0x000001930fcc2ea0, 0x000001930fcc3dd0,
0x000001930fcc5210, 0x000001930fcc4d00, 0x000001930fcc5c30, 0x000001930fcc6b60,
0x000001930fcc5720, 0x000001930fcc6140, 0x000001930fcc33b0, 0x000001930fcc7070,
0x000001930fcc38c0, 0x000001930fcc7fa0, 0x000001930fcc7580, 0x000001930fcc93e0,
0x000001930fcc7a90, 0x000001930fcc84b0, 0x000001930fcc89c0, 0x000001930fcc98f0,
0x000001930fcc8ed0, 0x000001930ef81cf0, 0x000001930ef83640, 0x000001930ef82710,
0x000001930ef82c20, 0x000001930ef83130, 0x000001930ef83b50, 0x000001930ef84060,
0x000001930ef84570, 0x000001930ef84a80, 0x000001930ef84f90, 0x000001930ef82200,
0x000001930ef817e0, 0x000001930ef859b0, 0x000001930ef87d20, 0x000001930ef88740,
0x000001930ef854a0, 0x000001930ef88c50, 0x000001930ef86df0, 0x000001930ef87810,
0x000001930ef89160, 0x000001930ef89670, 0x000001930ef863d0, 0x000001930ef85ec0,
0x000001930ef89b80, 0x000001930ef8a090, 0x000001930ef868e0, 0x000001930ef8aab0,
0x000001930ef87300, 0x000001930ef8c910, 0x000001930ef8d330, 0x000001930ef8dd50,
0x000001930ef8c400, 0x000001930ef8ce20, 0x000001930ef8bef0, 0x000001930ef8d840,
0x000001930ef8e260, 0x000001930ef8b9e0, 0x000001930ef8e770, 0x000001930ef51910,
0x000001930ef4fab0, 0x000001930ef509e0, 0x000001930ef4ffc0, 0x000001930ef504d0,
0x000001930ef50ef0, 0x000001930ef51400, 0x000001930ef4e160, 0x000001930ef51e20,
0x000001930ef52330, 0x000001930ef4eb80, 0x000001930ef52840, 0x000001930ef52d50,
0x000001930ef4f5a0, 0x000001930ef53c80, 0x000001930ef53260, 0x000001930dc6f960,
0x000001930ef54bb0, 0x0000019308509550, 0x000001930ef550c0, 0x0000019310170b00,
0x000001930762f3f0, 0x000001930762fe10, 0x000001930e1c2840, 0x000001930eab1d70,
0x000001931016fbd0, 0x000001930762f900, 0x000001930eab2ca0, 0x0000019307631400,
0x000001930eab2280, 0x000001930d37dfa0, 0x000001930d37e9c0, 0x00000193101700e0,
0x000001930762eee0, 0x0000019308d66fe0, 0x000001930d37eed0
}

Java Threads: ( => current thread )
  0x00000192d240c660 JavaThread "main" [_thread_in_native, id=26392, stack(0x00000076d4c00000,0x00000076d4d00000)]
  0x00000192fcdec820 JavaThread "Reference Handler" daemon [_thread_blocked, id=11528, stack(0x00000076d5300000,0x00000076d5400000)]
  0x00000192fcdf2220 JavaThread "Finalizer" daemon [_thread_blocked, id=20200, stack(0x00000076d5400000,0x00000076d5500000)]
  0x00000192ffc7bf40 JavaThread "Signal Dispatcher" daemon [_thread_blocked, id=2164, stack(0x00000076d5500000,0x00000076d5600000)]
  0x00000192ffc7c810 JavaThread "Attach Listener" daemon [_thread_blocked, id=24888, stack(0x00000076d5600000,0x00000076d5700000)]
  0x00000192ffc7d0e0 JavaThread "Service Thread" daemon [_thread_blocked, id=1616, stack(0x00000076d5700000,0x00000076d5800000)]
  0x00000192ffc7d9b0 JavaThread "Monitor Deflation Thread" daemon [_thread_blocked, id=21740, stack(0x00000076d5800000,0x00000076d5900000)]
  0x00000192ffc805c0 JavaThread "C2 CompilerThread0" daemon [_thread_blocked, id=8596, stack(0x00000076d5900000,0x00000076d5a00000)]
  0x00000192ffc834f0 JavaThread "C1 CompilerThread0" daemon [_thread_blocked, id=24104, stack(0x00000076d5a00000,0x00000076d5b00000)]
  0x00000192ffc83e00 JavaThread "Sweeper thread" daemon [_thread_blocked, id=15872, stack(0x00000076d5b00000,0x00000076d5c00000)]
  0x00000192ffc71180 JavaThread "Common-Cleaner" daemon [_thread_blocked, id=2320, stack(0x00000076d5d00000,0x00000076d5e00000)]
  0x00000192fff331b0 JavaThread "Notification Thread" daemon [_thread_blocked, id=9856, stack(0x00000076d5f00000,0x00000076d6000000)]
  0x000001930657f9d0 JavaThread "Thread-1" [_thread_in_native, id=25740, stack(0x00000076d7300000,0x00000076d7400000)]
  0x00000192ffef0300 JavaThread "Thread-2" [_thread_blocked, id=23100, stack(0x00000076d5e00000,0x00000076d5f00000)]
  0x00000193068550c0 JavaThread "rpc-boss-3-1" daemon [_thread_in_native, id=26020, stack(0x00000076d7400000,0x00000076d7500000)]
  0x0000019306855ae0 JavaThread "dispatcher-event-loop-0" daemon [_thread_blocked, id=23356, stack(0x00000076d7500000,0x00000076d7600000)]
  0x00000193068555d0 JavaThread "dispatcher-event-loop-1" daemon [_thread_blocked, id=24684, stack(0x00000076d7600000,0x00000076d7700000)]
  0x0000019306853c80 JavaThread "dispatcher-event-loop-2" daemon [_thread_blocked, id=3432, stack(0x00000076d7700000,0x00000076d7800000)]
  0x0000019306853260 JavaThread "dispatcher-event-loop-3" daemon [_thread_blocked, id=12624, stack(0x00000076d7800000,0x00000076d7900000)]
  0x0000019306855ff0 JavaThread "dispatcher-event-loop-4" daemon [_thread_blocked, id=23376, stack(0x00000076d7900000,0x00000076d7a00000)]
  0x0000019306856500 JavaThread "dispatcher-event-loop-5" daemon [_thread_blocked, id=23560, stack(0x00000076d7a00000,0x00000076d7b00000)]
  0x0000019306853770 JavaThread "dispatcher-event-loop-6" daemon [_thread_blocked, id=14016, stack(0x00000076d7b00000,0x00000076d7c00000)]
  0x0000019306856a10 JavaThread "dispatcher-event-loop-7" daemon [_thread_blocked, id=11208, stack(0x00000076d7c00000,0x00000076d7d00000)]
  0x00000193068546a0 JavaThread "dispatcher-event-loop-8" daemon [_thread_blocked, id=25072, stack(0x00000076d7d00000,0x00000076d7e00000)]
  0x0000019306854bb0 JavaThread "dispatcher-event-loop-9" daemon [_thread_blocked, id=25864, stack(0x00000076d7e00000,0x00000076d7f00000)]
  0x0000019306ed6b00 JavaThread "dispatcher-event-loop-10" daemon [_thread_blocked, id=24672, stack(0x00000076d7f00000,0x00000076d8000000)]
  0x0000019306ed7520 JavaThread "dispatcher-event-loop-11" daemon [_thread_blocked, id=21972, stack(0x00000076d8000000,0x00000076d8100000)]
  0x0000019306ed4ca0 JavaThread "dispatcher-event-loop-12" daemon [_thread_blocked, id=26312, stack(0x00000076d8100000,0x00000076d8200000)]
  0x0000019306ed5bd0 JavaThread "dispatcher-event-loop-13" daemon [_thread_blocked, id=21864, stack(0x00000076d8200000,0x00000076d8300000)]
  0x0000019306ed51b0 JavaThread "dispatcher-event-loop-14" daemon [_thread_blocked, id=23032, stack(0x00000076d8300000,0x00000076d8400000)]
  0x0000019306ed56c0 JavaThread "dispatcher-event-loop-15" daemon [_thread_blocked, id=16560, stack(0x00000076d8400000,0x00000076d8500000)]
  0x0000019306ed60e0 JavaThread "map-output-dispatcher-0" daemon [_thread_blocked, id=13556, stack(0x00000076d8500000,0x00000076d8600000)]
  0x0000019306ed7f40 JavaThread "map-output-dispatcher-1" daemon [_thread_blocked, id=25316, stack(0x00000076d8600000,0x00000076d8700000)]
  0x0000019306ed4790 JavaThread "map-output-dispatcher-2" daemon [_thread_blocked, id=23884, stack(0x00000076d8700000,0x00000076d8800000)]
  0x0000019306ed7a30 JavaThread "map-output-dispatcher-3" daemon [_thread_blocked, id=12340, stack(0x00000076d8800000,0x00000076d8900000)]
  0x0000019306ed7010 JavaThread "map-output-dispatcher-4" daemon [_thread_blocked, id=21588, stack(0x00000076d8900000,0x00000076d8a00000)]
  0x0000019306ed9da0 JavaThread "map-output-dispatcher-5" daemon [_thread_blocked, id=520, stack(0x00000076d8a00000,0x00000076d8b00000)]
  0x0000019306ed8e70 JavaThread "map-output-dispatcher-6" daemon [_thread_blocked, id=26208, stack(0x00000076d8b00000,0x00000076d8c00000)]
  0x0000019306ed8450 JavaThread "map-output-dispatcher-7" daemon [_thread_blocked, id=25488, stack(0x00000076d8c00000,0x00000076d8d00000)]
  0x0000019306ed8960 JavaThread "dispatcher-BlockManagerMaster" daemon [_thread_blocked, id=12944, stack(0x00000076d8d00000,0x00000076d8e00000)]
  0x0000019306ed9890 JavaThread "dispatcher-BlockManagerEndpoint1" daemon [_thread_blocked, id=25260, stack(0x00000076d8e00000,0x00000076d8f00000)]
  0x0000019306ed65f0 JavaThread "RemoteBlock-temp-file-clean-thread" daemon [_thread_blocked, id=23244, stack(0x00000076d8f00000,0x00000076d9000000)]
  0x0000019306eda2b0 JavaThread "refresh progress" daemon [_thread_blocked, id=23452, stack(0x00000076d9000000,0x00000076d9100000)]
  0x0000019306eda7c0 JavaThread "Thread-4" [_thread_in_native, id=14200, stack(0x00000076d9100000,0x00000076d9200000)]
  0x0000019306edacd0 JavaThread "SparkUI-58" daemon [_thread_in_native, id=26132, stack(0x00000076d9400000,0x00000076d9500000)]
  0x0000019306edb1e0 JavaThread "SparkUI-59" daemon [_thread_in_native, id=19916, stack(0x00000076d9500000,0x00000076d9600000)]
  0x0000019306edb6f0 JavaThread "SparkUI-60" daemon [_thread_in_native, id=18136, stack(0x00000076d9600000,0x00000076d9700000)]
  0x0000019306edbc00 JavaThread "SparkUI-61" daemon [_thread_in_native, id=24436, stack(0x00000076d9700000,0x00000076d9800000)]
  0x0000019306edc110 JavaThread "SparkUI-62" daemon [_thread_in_native, id=23140, stack(0x00000076d9800000,0x00000076d9900000)]
  0x00000193072a1da0 JavaThread "SparkUI-63" daemon [_thread_in_native, id=24920, stack(0x00000076d9900000,0x00000076d9a00000)]
  0x00000193072a1380 JavaThread "SparkUI-64" daemon [_thread_in_native, id=21828, stack(0x00000076d9a00000,0x00000076d9b00000)]
  0x00000193072a0e70 JavaThread "SparkUI-65" daemon [_thread_in_native, id=23280, stack(0x00000076d9b00000,0x00000076d9c00000)]
  0x000001930729ff40 JavaThread "SparkUI-66-acceptor-0@72274be6-osjs.ServerConnector@7ce0abd2{HTTP/1.1, (http/1.1)}{0.0.0.0:4043}" daemon [_thread_in_native, id=23212, stack(0x00000076d9c00000,0x00000076d9d00000)]
  0x000001930729f010 JavaThread "dispatcher-HeartbeatReceiver" daemon [_thread_blocked, id=26488, stack(0x00000076d9d00000,0x00000076d9e00000)]
  0x000001930729eb00 JavaThread "heartbeat-receiver-event-loop-thread" daemon [_thread_blocked, id=26232, stack(0x00000076d9e00000,0x00000076d9f00000)]
  0x000001930729f520 JavaThread "netty-rpc-env-timeout" daemon [_thread_blocked, id=6364, stack(0x00000076d9f00000,0x00000076da000000)]
  0x00000193072a27c0 JavaThread "dag-scheduler-event-loop" daemon [_thread_blocked, id=22104, stack(0x00000076da000000,0x00000076da100000)]
  0x00000193072a0960 JavaThread "driver-heartbeater" daemon [_thread_blocked, id=20068, stack(0x00000076da100000,0x00000076da200000)]
  0x000001930729fa30 JavaThread "executor-kill-mark-cleanup" daemon [_thread_blocked, id=24796, stack(0x00000076da200000,0x00000076da300000)]
  0x00000193072a4b30 JavaThread "executor-heartbeater" daemon [_thread_blocked, id=23004, stack(0x00000076da300000,0x00000076da400000)]
  0x00000193072a3c00 JavaThread "shuffle-boss-6-1" daemon [_thread_in_native, id=23180, stack(0x00000076da400000,0x00000076da500000)]
  0x00000193072a36f0 JavaThread "Spark Context Cleaner" daemon [_thread_blocked, id=22864, stack(0x00000076da500000,0x00000076da600000)]
  0x00000193072a4110 JavaThread "context-cleaner-periodic-gc" daemon [_thread_blocked, id=6236, stack(0x00000076da600000,0x00000076da700000)]
  0x00000193072a1890 JavaThread "spark-listener-group-appStatus" daemon [_thread_blocked, id=16800, stack(0x00000076da700000,0x00000076da800000)]
  0x00000193072a22b0 JavaThread "spark-listener-group-executorManagement" daemon [_thread_blocked, id=3208, stack(0x00000076da800000,0x00000076da900000)]
  0x00000193072a5040 JavaThread "element-tracking-store-worker" daemon [_thread_blocked, id=10244, stack(0x00000076da900000,0x00000076daa00000)]
  0x0000019304dd83f0 JavaThread "org.apache.hadoop.fs.FileSystem$Statistics$StatisticsDataReferenceCleaner" daemon [_thread_blocked, id=21924, stack(0x00000076d9200000,0x00000076d9300000)]
  0x0000019304dd4c40 JavaThread "Cleaner-0" daemon [_thread_blocked, id=26012, stack(0x00000076d6700000,0x00000076d6800000)]
  0x0000019304ddac70 JavaThread "Executor task launch worker for task 46.0 in stage 73.0 (TID 237)" daemon [_thread_blocked, id=22040, stack(0x00000076daa00000,0x00000076dab00000)]
  0x0000019304ddbba0 JavaThread "task-result-getter-0" daemon [_thread_blocked, id=15380, stack(0x00000076dab00000,0x00000076dac00000)]
  0x0000019304dd8e10 JavaThread "task-result-getter-1" daemon [_thread_blocked, id=18296, stack(0x00000076dac00000,0x00000076dad00000)]
  0x0000019306854190 JavaThread "task-result-getter-2" daemon [_thread_blocked, id=12588, stack(0x00000076dad00000,0x00000076dae00000)]
  0x000001930d9232e0 JavaThread "block-manager-storage-async-thread-pool-0" daemon [_thread_blocked, id=26432, stack(0x00000076dae00000,0x00000076daf00000)]
  0x000001930d923d00 JavaThread "block-manager-storage-async-thread-pool-1" daemon [_thread_blocked, id=4664, stack(0x00000076daf00000,0x00000076db000000)]
  0x000001930d924210 JavaThread "block-manager-storage-async-thread-pool-2" daemon [_thread_blocked, id=25392, stack(0x00000076db000000,0x00000076db100000)]
  0x000001930d924720 JavaThread "block-manager-ask-thread-pool-0" daemon [_thread_blocked, id=20512, stack(0x00000076db100000,0x00000076db200000)]
  0x000001930d924c30 JavaThread "block-manager-ask-thread-pool-1" daemon [_thread_blocked, id=23968, stack(0x00000076db200000,0x00000076db300000)]
  0x000001930d9237f0 JavaThread "block-manager-storage-async-thread-pool-3" daemon [_thread_blocked, id=21016, stack(0x00000076db300000,0x00000076db400000)]
  0x000001930d926070 JavaThread "block-manager-storage-async-thread-pool-4" daemon [_thread_blocked, id=24496, stack(0x00000076db400000,0x00000076db500000)]
  0x000001930d926580 JavaThread "block-manager-storage-async-thread-pool-5" daemon [_thread_blocked, id=23492, stack(0x00000076db500000,0x00000076db600000)]
  0x000001930d925140 JavaThread "block-manager-ask-thread-pool-2" daemon [_thread_blocked, id=24424, stack(0x00000076db600000,0x00000076db700000)]
  0x000001930d922dd0 JavaThread "block-manager-ask-thread-pool-3" daemon [_thread_blocked, id=8076, stack(0x00000076db700000,0x00000076db800000)]
  0x000001930d925650 JavaThread "task-result-getter-3" daemon [_thread_blocked, id=25560, stack(0x00000076d6800000,0x00000076d6900000)]
  0x000001930d925b60 JavaThread "block-manager-storage-async-thread-pool-6" daemon [_thread_blocked, id=17624, stack(0x00000076db800000,0x00000076db900000)]
  0x000001930d929d30 JavaThread "block-manager-storage-async-thread-pool-7" daemon [_thread_blocked, id=3248, stack(0x00000076db900000,0x00000076dba00000)]
  0x000001930d926a90 JavaThread "block-manager-storage-async-thread-pool-8" daemon [_thread_blocked, id=5328, stack(0x00000076dba00000,0x00000076dbb00000)]
  0x000001930d9283e0 JavaThread "block-manager-ask-thread-pool-4" daemon [_thread_blocked, id=14316, stack(0x00000076dbb00000,0x00000076dbc00000)]
  0x000001930d926fa0 JavaThread "block-manager-ask-thread-pool-5" daemon [_thread_blocked, id=23272, stack(0x00000076dbc00000,0x00000076dbd00000)]
  0x000001930d92a750 JavaThread "block-manager-storage-async-thread-pool-9" daemon [_thread_blocked, id=25124, stack(0x00000076dbd00000,0x00000076dbe00000)]
  0x000001930d929820 JavaThread "block-manager-storage-async-thread-pool-10" daemon [_thread_blocked, id=25820, stack(0x00000076dbe00000,0x00000076dbf00000)]
  0x000001930d9279c0 JavaThread "block-manager-storage-async-thread-pool-11" daemon [_thread_blocked, id=22840, stack(0x00000076dbf00000,0x00000076dc000000)]
  0x000001930d929310 JavaThread "block-manager-ask-thread-pool-6" daemon [_thread_blocked, id=12096, stack(0x00000076dc000000,0x00000076dc100000)]
  0x000001930d9288f0 JavaThread "block-manager-ask-thread-pool-7" daemon [_thread_blocked, id=19140, stack(0x00000076dc100000,0x00000076dc200000)]
  0x000001930d928e00 JavaThread "block-manager-storage-async-thread-pool-12" daemon [_thread_blocked, id=25248, stack(0x00000076dc200000,0x00000076dc300000)]
  0x000001930d9274b0 JavaThread "block-manager-storage-async-thread-pool-13" daemon [_thread_blocked, id=4960, stack(0x00000076dc300000,0x00000076dc400000)]
  0x000001930d92a240 JavaThread "block-manager-storage-async-thread-pool-14" daemon [_thread_blocked, id=25312, stack(0x00000076dc400000,0x00000076dc500000)]
  0x000001930d927ed0 JavaThread "block-manager-ask-thread-pool-8" daemon [_thread_blocked, id=18088, stack(0x00000076dc500000,0x00000076dc600000)]
  0x000001930e690940 JavaThread "block-manager-ask-thread-pool-9" daemon [_thread_blocked, id=10416, stack(0x00000076dc600000,0x00000076dc700000)]
  0x000001930e690430 JavaThread "Thread-16" daemon [_thread_in_native, id=25532, stack(0x00000076dcb00000,0x00000076dcc00000)]
  0x000001930e690e50 JavaThread "Thread-17" daemon [_thread_in_native, id=21732, stack(0x00000076dcc00000,0x00000076dcd00000)]
  0x000001930e68eff0 JavaThread "Thread-18" daemon [_thread_in_native, id=23616, stack(0x00000076dcd00000,0x00000076dce00000)]
  0x000001930e68e5d0 JavaThread "Thread-19" daemon [_thread_in_native, id=7180, stack(0x00000076dce00000,0x00000076dcf00000)]
  0x000001930e691360 JavaThread "Thread-20" daemon [_thread_in_native, id=9488, stack(0x00000076dcf00000,0x00000076dd000000)]
  0x000001930e691870 JavaThread "Thread-21" daemon [_thread_in_native, id=22636, stack(0x00000076dd000000,0x00000076dd100000)]
  0x000001930e68e0c0 JavaThread "Thread-22" daemon [_thread_in_native, id=21608, stack(0x00000076dd100000,0x00000076dd200000)]
  0x000001930e68eae0 JavaThread "Thread-23" daemon [_thread_in_native, id=6504, stack(0x00000076dd200000,0x00000076dd300000)]
  0x000001930e68f500 JavaThread "Thread-24" daemon [_thread_in_native, id=22364, stack(0x00000076dd300000,0x00000076dd400000)]
  0x000001930e68fa10 JavaThread "Thread-25" daemon [_thread_in_native, id=25176, stack(0x00000076dd400000,0x00000076dd500000)]
  0x000001930e68ff20 JavaThread "Thread-26" daemon [_thread_in_native, id=9340, stack(0x00000076dd500000,0x00000076dd600000)]
  0x000001930e594960 JavaThread "Thread-27" daemon [_thread_in_native, id=24572, stack(0x00000076dd600000,0x00000076dd700000)]
  0x000001930e595890 JavaThread "Thread-28" daemon [_thread_in_native, id=24608, stack(0x00000076dd700000,0x00000076dd800000)]
  0x000001930e5967c0 JavaThread "Thread-29" daemon [_thread_in_native, id=2824, stack(0x00000076dd800000,0x00000076dd900000)]
  0x000001930e595380 JavaThread "Thread-30" daemon [_thread_in_native, id=20524, stack(0x00000076dd900000,0x00000076dda00000)]
  0x000001930e595da0 JavaThread "Thread-31" daemon [_thread_in_native, id=11376, stack(0x00000076dda00000,0x00000076ddb00000)]
  0x000001930e5971e0 JavaThread "Thread-32" daemon [_thread_in_native, id=11160, stack(0x00000076ddb00000,0x00000076ddc00000)]
  0x000001930e5976f0 JavaThread "ForkJoinPool.commonPool-worker-1" daemon [_thread_blocked, id=20712, stack(0x00000076ddc00000,0x00000076ddd00000)]
  0x000001930e597c00 JavaThread "block-manager-storage-async-thread-pool-15" daemon [_thread_blocked, id=20044, stack(0x00000076ddd00000,0x00000076dde00000)]
  0x000001930e594450 JavaThread "block-manager-storage-async-thread-pool-16" daemon [_thread_blocked, id=24548, stack(0x00000076dde00000,0x00000076ddf00000)]
  0x000001930e598110 JavaThread "block-manager-storage-async-thread-pool-17" daemon [_thread_blocked, id=22268, stack(0x00000076ddf00000,0x00000076de000000)]
  0x000001930e598620 JavaThread "block-manager-ask-thread-pool-10" daemon [_thread_blocked, id=21816, stack(0x00000076de000000,0x00000076de100000)]
  0x000001930e594e70 JavaThread "block-manager-ask-thread-pool-11" daemon [_thread_blocked, id=11196, stack(0x00000076de100000,0x00000076de200000)]
  0x000001930e59a480 JavaThread "block-manager-storage-async-thread-pool-18" daemon [_thread_blocked, id=22576, stack(0x00000076de200000,0x00000076de300000)]
  0x000001930e59b8c0 JavaThread "block-manager-storage-async-thread-pool-19" daemon [_thread_blocked, id=21048, stack(0x00000076de300000,0x00000076de400000)]
  0x000001930e59b3b0 JavaThread "block-manager-storage-async-thread-pool-20" daemon [_thread_blocked, id=26376, stack(0x00000076de400000,0x00000076de500000)]
  0x000001930e598b30 JavaThread "block-manager-ask-thread-pool-12" daemon [_thread_blocked, id=26316, stack(0x00000076de500000,0x00000076de600000)]
  0x000001930e599040 JavaThread "block-manager-ask-thread-pool-13" daemon [_thread_blocked, id=16328, stack(0x00000076de600000,0x00000076de700000)]
  0x000001930e59bdd0 JavaThread "block-manager-storage-async-thread-pool-21" daemon [_thread_blocked, id=5684, stack(0x00000076de700000,0x00000076de800000)]
  0x000001930e599f70 JavaThread "block-manager-storage-async-thread-pool-22" daemon [_thread_blocked, id=26044, stack(0x00000076de800000,0x00000076de900000)]
  0x000001930e599a60 JavaThread "block-manager-storage-async-thread-pool-23" daemon [_thread_blocked, id=2932, stack(0x00000076de900000,0x00000076dea00000)]
  0x000001930e59a990 JavaThread "block-manager-ask-thread-pool-14" daemon [_thread_blocked, id=22348, stack(0x00000076dea00000,0x00000076deb00000)]
  0x000001930e59aea0 JavaThread "block-manager-ask-thread-pool-15" daemon [_thread_blocked, id=24524, stack(0x00000076deb00000,0x00000076dec00000)]
  0x000001930ec2e2d0 JavaThread "block-manager-storage-async-thread-pool-24" daemon [_thread_blocked, id=26524, stack(0x00000076dec00000,0x00000076ded00000)]
  0x000001930ec2b030 JavaThread "block-manager-storage-async-thread-pool-25" daemon [_thread_blocked, id=26176, stack(0x00000076ded00000,0x00000076dee00000)]
  0x000001930ec2c470 JavaThread "block-manager-storage-async-thread-pool-26" daemon [_thread_blocked, id=24032, stack(0x00000076dee00000,0x00000076def00000)]
  0x000001930ec2c980 JavaThread "block-manager-ask-thread-pool-16" daemon [_thread_blocked, id=5416, stack(0x00000076def00000,0x00000076df000000)]
  0x000001930ec2ba50 JavaThread "block-manager-ask-thread-pool-17" daemon [_thread_blocked, id=2492, stack(0x00000076df000000,0x00000076df100000)]
  0x000001930ec2bf60 JavaThread "block-manager-storage-async-thread-pool-27" daemon [_thread_blocked, id=24712, stack(0x00000076df100000,0x00000076df200000)]
  0x000001930ec2ce90 JavaThread "block-manager-storage-async-thread-pool-28" daemon [_thread_blocked, id=25352, stack(0x00000076df200000,0x00000076df300000)]
  0x000001930ec2ddc0 JavaThread "block-manager-storage-async-thread-pool-29" daemon [_thread_blocked, id=1252, stack(0x00000076df300000,0x00000076df400000)]
  0x000001930ec2d3a0 JavaThread "block-manager-ask-thread-pool-18" daemon [_thread_blocked, id=24212, stack(0x00000076df400000,0x00000076df500000)]
  0x000001930ec2d8b0 JavaThread "block-manager-ask-thread-pool-19" daemon [_thread_blocked, id=11484, stack(0x00000076df500000,0x00000076df600000)]
  0x000001930ec2b540 JavaThread "block-manager-storage-async-thread-pool-30" daemon [_thread_blocked, id=23936, stack(0x00000076df600000,0x00000076df700000)]
  0x000001930ec30640 JavaThread "block-manager-storage-async-thread-pool-31" daemon [_thread_blocked, id=22196, stack(0x00000076df700000,0x00000076df800000)]
  0x000001930ec2fc20 JavaThread "block-manager-storage-async-thread-pool-32" daemon [_thread_blocked, id=25692, stack(0x00000076df800000,0x00000076df900000)]
  0x000001930ec2f710 JavaThread "block-manager-ask-thread-pool-20" daemon [_thread_blocked, id=13084, stack(0x00000076df900000,0x00000076dfa00000)]
  0x000001930ec2f200 JavaThread "block-manager-ask-thread-pool-21" daemon [_thread_blocked, id=22764, stack(0x00000076dfa00000,0x00000076dfb00000)]
  0x000001930ec30130 JavaThread "block-manager-storage-async-thread-pool-33" daemon [_thread_blocked, id=23328, stack(0x00000076dfb00000,0x00000076dfc00000)]
  0x000001930ec30b50 JavaThread "block-manager-storage-async-thread-pool-34" daemon [_thread_blocked, id=26424, stack(0x00000076dfc00000,0x00000076dfd00000)]
  0x000001930ec31060 JavaThread "block-manager-storage-async-thread-pool-35" daemon [_thread_blocked, id=2800, stack(0x00000076dfd00000,0x00000076dfe00000)]
  0x000001930ec31a80 JavaThread "block-manager-ask-thread-pool-22" daemon [_thread_blocked, id=23344, stack(0x00000076dfe00000,0x00000076dff00000)]
  0x000001930ec31570 JavaThread "block-manager-ask-thread-pool-23" daemon [_thread_blocked, id=21560, stack(0x00000076dff00000,0x00000076e0000000)]
  0x000001930ec324a0 JavaThread "block-manager-storage-async-thread-pool-36" daemon [_thread_blocked, id=26600, stack(0x00000076e0000000,0x00000076e0100000)]
  0x000001930ec2e7e0 JavaThread "block-manager-storage-async-thread-pool-37" daemon [_thread_blocked, id=6452, stack(0x00000076e0100000,0x00000076e0200000)]
  0x000001930ec31f90 JavaThread "block-manager-storage-async-thread-pool-38" daemon [_thread_blocked, id=13880, stack(0x00000076e0200000,0x00000076e0300000)]
  0x000001930ec2ecf0 JavaThread "block-manager-ask-thread-pool-24" daemon [_thread_blocked, id=22640, stack(0x00000076e0300000,0x00000076e0400000)]
  0x000001930ec329b0 JavaThread "block-manager-ask-thread-pool-25" daemon [_thread_blocked, id=22708, stack(0x00000076e0400000,0x00000076e0500000)]
  0x000001930dedce90 JavaThread "block-manager-storage-async-thread-pool-39" daemon [_thread_blocked, id=25508, stack(0x00000076e0500000,0x00000076e0600000)]
  0x000001930dede2d0 JavaThread "block-manager-storage-async-thread-pool-40" daemon [_thread_blocked, id=22932, stack(0x00000076e0600000,0x00000076e0700000)]
  0x000001930dedba50 JavaThread "block-manager-storage-async-thread-pool-41" daemon [_thread_blocked, id=4396, stack(0x00000076e0700000,0x00000076e0800000)]
  0x000001930dedd3a0 JavaThread "block-manager-ask-thread-pool-26" daemon [_thread_blocked, id=23756, stack(0x00000076e0800000,0x00000076e0900000)]
  0x000001930dedd8b0 JavaThread "block-manager-ask-thread-pool-27" daemon [_thread_blocked, id=24604, stack(0x00000076e0900000,0x00000076e0a00000)]
  0x000001930dedc470 JavaThread "block-manager-storage-async-thread-pool-42" daemon [_thread_blocked, id=22092, stack(0x00000076e0a00000,0x00000076e0b00000)]
  0x000001930dedf710 JavaThread "block-manager-storage-async-thread-pool-43" daemon [_thread_blocked, id=18556, stack(0x00000076e0b00000,0x00000076e0c00000)]
  0x000001930dedc980 JavaThread "block-manager-storage-async-thread-pool-44" daemon [_thread_blocked, id=24172, stack(0x00000076e0c00000,0x00000076e0d00000)]
  0x000001930dedddc0 JavaThread "block-manager-ask-thread-pool-28" daemon [_thread_blocked, id=26292, stack(0x00000076e0d00000,0x00000076e0e00000)]
  0x000001930dedecf0 JavaThread "block-manager-ask-thread-pool-29" daemon [_thread_blocked, id=23564, stack(0x00000076e0e00000,0x00000076e0f00000)]
  0x000001930dedbf60 JavaThread "block-manager-storage-async-thread-pool-45" daemon [_thread_blocked, id=23836, stack(0x00000076e0f00000,0x00000076e1000000)]
  0x000001930dee1a80 JavaThread "block-manager-storage-async-thread-pool-46" daemon [_thread_blocked, id=22516, stack(0x00000076e1000000,0x00000076e1100000)]
  0x000001930dee1060 JavaThread "block-manager-storage-async-thread-pool-47" daemon [_thread_blocked, id=22632, stack(0x00000076e1100000,0x00000076e1200000)]
  0x000001930dedfc20 JavaThread "block-manager-ask-thread-pool-30" daemon [_thread_blocked, id=23532, stack(0x00000076e1200000,0x00000076e1300000)]
  0x000001930dee0130 JavaThread "block-manager-ask-thread-pool-31" daemon [_thread_blocked, id=316, stack(0x00000076e1300000,0x00000076e1400000)]
  0x000001930dee1570 JavaThread "block-manager-storage-async-thread-pool-48" daemon [_thread_blocked, id=22044, stack(0x00000076e1400000,0x00000076e1500000)]
  0x000001930dee0b50 JavaThread "block-manager-storage-async-thread-pool-49" daemon [_thread_blocked, id=14064, stack(0x00000076e1500000,0x00000076e1600000)]
  0x000001930dee0640 JavaThread "block-manager-storage-async-thread-pool-50" daemon [_thread_blocked, id=24564, stack(0x00000076e1600000,0x00000076e1700000)]
  0x000001930dee29b0 JavaThread "block-manager-ask-thread-pool-32" daemon [_thread_blocked, id=25424, stack(0x00000076e1700000,0x00000076e1800000)]
  0x000001930dee1f90 JavaThread "block-manager-ask-thread-pool-33" daemon [_thread_blocked, id=9356, stack(0x00000076e1800000,0x00000076e1900000)]
  0x000001930dedf200 JavaThread "block-manager-storage-async-thread-pool-51" daemon [_thread_blocked, id=22212, stack(0x00000076e1900000,0x00000076e1a00000)]
  0x000001930dee2ec0 JavaThread "block-manager-storage-async-thread-pool-52" daemon [_thread_blocked, id=26056, stack(0x00000076e1a00000,0x00000076e1b00000)]
  0x000001930dee33d0 JavaThread "block-manager-storage-async-thread-pool-53" daemon [_thread_blocked, id=21716, stack(0x00000076e1b00000,0x00000076e1c00000)]
  0x000001930d9d65e0 JavaThread "block-manager-ask-thread-pool-34" daemon [_thread_blocked, id=868, stack(0x00000076e1c00000,0x00000076e1d00000)]
  0x000001930d9d7f30 JavaThread "block-manager-ask-thread-pool-35" daemon [_thread_blocked, id=23640, stack(0x00000076e1d00000,0x00000076e1e00000)]
  0x000001930d9d8440 JavaThread "block-manager-storage-async-thread-pool-54" daemon [_thread_blocked, id=15548, stack(0x00000076e1e00000,0x00000076e1f00000)]
  0x000001930d9d7000 JavaThread "block-manager-storage-async-thread-pool-55" daemon [_thread_blocked, id=23612, stack(0x00000076e1f00000,0x00000076e2000000)]
  0x000001930d9d8e60 JavaThread "block-manager-storage-async-thread-pool-56" daemon [_thread_blocked, id=2728, stack(0x00000076e2000000,0x00000076e2100000)]
  0x000001930d9d8950 JavaThread "block-manager-ask-thread-pool-36" daemon [_thread_blocked, id=23928, stack(0x00000076e2100000,0x00000076e2200000)]
  0x000001930d9d6af0 JavaThread "block-manager-ask-thread-pool-37" daemon [_thread_blocked, id=24708, stack(0x00000076e2200000,0x00000076e2300000)]
  0x000001930d9d60d0 JavaThread "block-manager-storage-async-thread-pool-57" daemon [_thread_blocked, id=25852, stack(0x00000076e2300000,0x00000076e2400000)]
  0x000001930d9d7510 JavaThread "block-manager-storage-async-thread-pool-58" daemon [_thread_blocked, id=24880, stack(0x00000076e2400000,0x00000076e2500000)]
  0x000001930d9d56b0 JavaThread "block-manager-storage-async-thread-pool-59" daemon [_thread_blocked, id=26544, stack(0x00000076e2500000,0x00000076e2600000)]
  0x000001930d9d9370 JavaThread "block-manager-ask-thread-pool-38" daemon [_thread_blocked, id=25348, stack(0x00000076e2600000,0x00000076e2700000)]
  0x000001930d9d7a20 JavaThread "block-manager-ask-thread-pool-39" daemon [_thread_blocked, id=25100, stack(0x00000076e2700000,0x00000076e2800000)]
  0x000001930d9d5bc0 JavaThread "block-manager-storage-async-thread-pool-60" daemon [_thread_blocked, id=25840, stack(0x00000076e2800000,0x00000076e2900000)]
  0x000001930d9da7b0 JavaThread "block-manager-storage-async-thread-pool-61" daemon [_thread_blocked, id=23092, stack(0x00000076e2900000,0x00000076e2a00000)]
  0x000001930d9db6e0 JavaThread "block-manager-storage-async-thread-pool-62" daemon [_thread_blocked, id=24508, stack(0x00000076e2a00000,0x00000076e2b00000)]
  0x000001930d9da2a0 JavaThread "block-manager-ask-thread-pool-40" daemon [_thread_blocked, id=14920, stack(0x00000076e2b00000,0x00000076e2c00000)]
  0x000001930d9dc100 JavaThread "block-manager-ask-thread-pool-41" daemon [_thread_blocked, id=24332, stack(0x00000076e2c00000,0x00000076e2d00000)]
  0x000001930d9dacc0 JavaThread "block-manager-storage-async-thread-pool-63" daemon [_thread_blocked, id=23448, stack(0x00000076e2d00000,0x00000076e2e00000)]
  0x000001930d9db1d0 JavaThread "block-manager-storage-async-thread-pool-64" daemon [_thread_blocked, id=24980, stack(0x00000076e2e00000,0x00000076e2f00000)]
  0x000001930d9dbbf0 JavaThread "block-manager-storage-async-thread-pool-65" daemon [_thread_blocked, id=6376, stack(0x00000076e2f00000,0x00000076e3000000)]
  0x000001930d9d9880 JavaThread "block-manager-ask-thread-pool-42" daemon [_thread_blocked, id=11624, stack(0x00000076e3000000,0x00000076e3100000)]
  0x000001930d9dc610 JavaThread "block-manager-ask-thread-pool-43" daemon [_thread_blocked, id=25076, stack(0x00000076e3100000,0x00000076e3200000)]
  0x000001930d9dcb20 JavaThread "block-manager-storage-async-thread-pool-66" daemon [_thread_blocked, id=23728, stack(0x00000076e3200000,0x00000076e3300000)]
  0x000001930d9dd030 JavaThread "block-manager-storage-async-thread-pool-67" daemon [_thread_blocked, id=24420, stack(0x00000076e3300000,0x00000076e3400000)]
  0x000001930d9d9d90 JavaThread "block-manager-storage-async-thread-pool-68" daemon [_thread_blocked, id=484, stack(0x00000076e3400000,0x00000076e3500000)]
  0x000001930fcba0e0 JavaThread "block-manager-ask-thread-pool-44" daemon [_thread_blocked, id=22644, stack(0x00000076e3500000,0x00000076e3600000)]
  0x000001930fcbb010 JavaThread "block-manager-ask-thread-pool-45" daemon [_thread_blocked, id=25280, stack(0x00000076e3600000,0x00000076e3700000)]
  0x000001930fcbce70 JavaThread "block-manager-storage-async-thread-pool-69" daemon [_thread_blocked, id=19828, stack(0x00000076e3700000,0x00000076e3800000)]
  0x000001930fcbbf40 JavaThread "block-manager-storage-async-thread-pool-70" daemon [_thread_blocked, id=22304, stack(0x00000076e3800000,0x00000076e3900000)]
  0x000001930fcbc450 JavaThread "block-manager-storage-async-thread-pool-71" daemon [_thread_blocked, id=24320, stack(0x00000076e3900000,0x00000076e3a00000)]
  0x000001930fcbc960 JavaThread "block-manager-ask-thread-pool-46" daemon [_thread_blocked, id=22896, stack(0x00000076e3a00000,0x00000076e3b00000)]
  0x000001930fcbd380 JavaThread "block-manager-ask-thread-pool-47" daemon [_thread_blocked, id=24816, stack(0x00000076e3b00000,0x00000076e3c00000)]
  0x000001930fcbb520 JavaThread "block-manager-storage-async-thread-pool-72" daemon [_thread_blocked, id=1876, stack(0x00000076e3c00000,0x00000076e3d00000)]
  0x000001930fcbd890 JavaThread "block-manager-storage-async-thread-pool-73" daemon [_thread_blocked, id=14460, stack(0x00000076e3d00000,0x00000076e3e00000)]
  0x000001930fcbdda0 JavaThread "block-manager-storage-async-thread-pool-74" daemon [_thread_blocked, id=22772, stack(0x00000076e3e00000,0x00000076e3f00000)]
  0x000001930fcba5f0 JavaThread "block-manager-ask-thread-pool-48" daemon [_thread_blocked, id=25244, stack(0x00000076e3f00000,0x00000076e4000000)]
  0x000001930fcbe2b0 JavaThread "block-manager-ask-thread-pool-49" daemon [_thread_blocked, id=26036, stack(0x00000076e4000000,0x00000076e4100000)]
  0x000001930fcbab00 JavaThread "block-manager-storage-async-thread-pool-75" daemon [_thread_blocked, id=22240, stack(0x00000076e4100000,0x00000076e4200000)]
  0x000001930fcbfc00 JavaThread "block-manager-storage-async-thread-pool-76" daemon [_thread_blocked, id=22668, stack(0x00000076e4200000,0x00000076e4300000)]
  0x000001930fcc1f70 JavaThread "block-manager-storage-async-thread-pool-77" daemon [_thread_blocked, id=25376, stack(0x00000076e4300000,0x00000076e4400000)]
  0x000001930fcbe7c0 JavaThread "block-manager-ask-thread-pool-50" daemon [_thread_blocked, id=25776, stack(0x00000076e4400000,0x00000076e4500000)]
  0x000001930fcc1a60 JavaThread "block-manager-ask-thread-pool-51" daemon [_thread_blocked, id=920, stack(0x00000076e4500000,0x00000076e4600000)]
  0x000001930fcc2480 JavaThread "block-manager-storage-async-thread-pool-78" daemon [_thread_blocked, id=25924, stack(0x00000076e4600000,0x00000076e4700000)]
  0x000001930fcc0110 JavaThread "block-manager-storage-async-thread-pool-79" daemon [_thread_blocked, id=11248, stack(0x00000076e4700000,0x00000076e4800000)]
  0x000001930fcc0620 JavaThread "block-manager-storage-async-thread-pool-80" daemon [_thread_blocked, id=19884, stack(0x00000076e4a00000,0x00000076e4b00000)]
  0x000001930fcc1040 JavaThread "block-manager-ask-thread-pool-52" daemon [_thread_blocked, id=12120, stack(0x00000076e4b00000,0x00000076e4c00000)]
  0x000001930fcbecd0 JavaThread "block-manager-ask-thread-pool-53" daemon [_thread_blocked, id=9164, stack(0x00000076e4c00000,0x00000076e4d00000)]
  0x000001930fcc1550 JavaThread "block-manager-storage-async-thread-pool-81" daemon [_thread_blocked, id=26116, stack(0x00000076e4d00000,0x00000076e4e00000)]
  0x000001930fcc0b30 JavaThread "block-manager-storage-async-thread-pool-82" daemon [_thread_blocked, id=12444, stack(0x00000076e4e00000,0x00000076e4f00000)]
  0x000001930fcbf1e0 JavaThread "block-manager-storage-async-thread-pool-83" daemon [_thread_blocked, id=26216, stack(0x00000076e4f00000,0x00000076e5000000)]
  0x000001930fcbf6f0 JavaThread "block-manager-ask-thread-pool-54" daemon [_thread_blocked, id=23224, stack(0x00000076e5000000,0x00000076e5100000)]
  0x000001930fcc2990 JavaThread "block-manager-ask-thread-pool-55" daemon [_thread_blocked, id=23252, stack(0x00000076e5100000,0x00000076e5200000)]
  0x000001930fcc6650 JavaThread "block-manager-storage-async-thread-pool-84" daemon [_thread_blocked, id=3756, stack(0x00000076e5200000,0x00000076e5300000)]
  0x000001930fcc42e0 JavaThread "block-manager-storage-async-thread-pool-85" daemon [_thread_blocked, id=24988, stack(0x00000076e5300000,0x00000076e5400000)]
  0x000001930fcc47f0 JavaThread "block-manager-storage-async-thread-pool-86" daemon [_thread_blocked, id=23048, stack(0x00000076e5400000,0x00000076e5500000)]
  0x000001930fcc2ea0 JavaThread "block-manager-ask-thread-pool-56" daemon [_thread_blocked, id=4056, stack(0x00000076e5500000,0x00000076e5600000)]
  0x000001930fcc3dd0 JavaThread "block-manager-ask-thread-pool-57" daemon [_thread_blocked, id=22884, stack(0x00000076e5600000,0x00000076e5700000)]
  0x000001930fcc5210 JavaThread "block-manager-storage-async-thread-pool-87" daemon [_thread_blocked, id=15376, stack(0x00000076e5700000,0x00000076e5800000)]
  0x000001930fcc4d00 JavaThread "block-manager-storage-async-thread-pool-88" daemon [_thread_blocked, id=12228, stack(0x00000076e5800000,0x00000076e5900000)]
  0x000001930fcc5c30 JavaThread "block-manager-storage-async-thread-pool-89" daemon [_thread_blocked, id=25976, stack(0x00000076e5900000,0x00000076e5a00000)]
  0x000001930fcc6b60 JavaThread "block-manager-ask-thread-pool-58" daemon [_thread_blocked, id=26004, stack(0x00000076e5a00000,0x00000076e5b00000)]
  0x000001930fcc5720 JavaThread "block-manager-ask-thread-pool-59" daemon [_thread_blocked, id=10592, stack(0x00000076e5b00000,0x00000076e5c00000)]
  0x000001930fcc6140 JavaThread "block-manager-storage-async-thread-pool-90" daemon [_thread_blocked, id=23124, stack(0x00000076e5c00000,0x00000076e5d00000)]
  0x000001930fcc33b0 JavaThread "block-manager-storage-async-thread-pool-91" daemon [_thread_blocked, id=12352, stack(0x00000076e5d00000,0x00000076e5e00000)]
  0x000001930fcc7070 JavaThread "block-manager-storage-async-thread-pool-92" daemon [_thread_blocked, id=5972, stack(0x00000076e5e00000,0x00000076e5f00000)]
  0x000001930fcc38c0 JavaThread "block-manager-ask-thread-pool-60" daemon [_thread_blocked, id=8548, stack(0x00000076e5f00000,0x00000076e6000000)]
  0x000001930fcc7fa0 JavaThread "block-manager-ask-thread-pool-61" daemon [_thread_blocked, id=24924, stack(0x00000076e6000000,0x00000076e6100000)]
  0x000001930fcc7580 JavaThread "block-manager-storage-async-thread-pool-93" daemon [_thread_blocked, id=23628, stack(0x00000076e6100000,0x00000076e6200000)]
  0x000001930fcc93e0 JavaThread "block-manager-storage-async-thread-pool-94" daemon [_thread_blocked, id=25904, stack(0x00000076e6200000,0x00000076e6300000)]
  0x000001930fcc7a90 JavaThread "block-manager-storage-async-thread-pool-95" daemon [_thread_blocked, id=26120, stack(0x00000076e6300000,0x00000076e6400000)]
  0x000001930fcc84b0 JavaThread "block-manager-ask-thread-pool-62" daemon [_thread_blocked, id=24396, stack(0x00000076e6400000,0x00000076e6500000)]
  0x000001930fcc89c0 JavaThread "block-manager-ask-thread-pool-63" daemon [_thread_blocked, id=8516, stack(0x00000076e6500000,0x00000076e6600000)]
  0x000001930fcc98f0 JavaThread "block-manager-storage-async-thread-pool-96" daemon [_thread_blocked, id=21636, stack(0x00000076e6600000,0x00000076e6700000)]
  0x000001930fcc8ed0 JavaThread "block-manager-storage-async-thread-pool-97" daemon [_thread_blocked, id=25628, stack(0x00000076e6700000,0x00000076e6800000)]
  0x000001930ef81cf0 JavaThread "block-manager-storage-async-thread-pool-98" daemon [_thread_blocked, id=25412, stack(0x00000076e6800000,0x00000076e6900000)]
  0x000001930ef83640 JavaThread "block-manager-ask-thread-pool-64" daemon [_thread_blocked, id=22956, stack(0x00000076e6900000,0x00000076e6a00000)]
  0x000001930ef82710 JavaThread "block-manager-ask-thread-pool-65" daemon [_thread_blocked, id=3656, stack(0x00000076e6a00000,0x00000076e6b00000)]
  0x000001930ef82c20 JavaThread "block-manager-storage-async-thread-pool-99" daemon [_thread_blocked, id=23960, stack(0x00000076e6b00000,0x00000076e6c00000)]
  0x000001930ef83130 JavaThread "block-manager-ask-thread-pool-66" daemon [_thread_blocked, id=4560, stack(0x00000076e6c00000,0x00000076e6d00000)]
  0x000001930ef83b50 JavaThread "block-manager-ask-thread-pool-67" daemon [_thread_blocked, id=6736, stack(0x00000076e6d00000,0x00000076e6e00000)]
  0x000001930ef84060 JavaThread "block-manager-ask-thread-pool-68" daemon [_thread_blocked, id=26276, stack(0x00000076e6e00000,0x00000076e6f00000)]
  0x000001930ef84570 JavaThread "block-manager-ask-thread-pool-69" daemon [_thread_blocked, id=4536, stack(0x00000076e6f00000,0x00000076e7000000)]
  0x000001930ef84a80 JavaThread "block-manager-ask-thread-pool-70" daemon [_thread_blocked, id=23880, stack(0x00000076e7000000,0x00000076e7100000)]
  0x000001930ef84f90 JavaThread "block-manager-ask-thread-pool-71" daemon [_thread_blocked, id=24156, stack(0x00000076e7100000,0x00000076e7200000)]
  0x000001930ef82200 JavaThread "block-manager-ask-thread-pool-72" daemon [_thread_blocked, id=26532, stack(0x00000076e7200000,0x00000076e7300000)]
  0x000001930ef817e0 JavaThread "block-manager-ask-thread-pool-73" daemon [_thread_blocked, id=26204, stack(0x00000076e7300000,0x00000076e7400000)]
  0x000001930ef859b0 JavaThread "block-manager-ask-thread-pool-74" daemon [_thread_blocked, id=2720, stack(0x00000076e7400000,0x00000076e7500000)]
  0x000001930ef87d20 JavaThread "block-manager-ask-thread-pool-75" daemon [_thread_blocked, id=12852, stack(0x00000076e7500000,0x00000076e7600000)]
  0x000001930ef88740 JavaThread "block-manager-ask-thread-pool-76" daemon [_thread_blocked, id=24472, stack(0x00000076e7600000,0x00000076e7700000)]
  0x000001930ef854a0 JavaThread "block-manager-ask-thread-pool-77" daemon [_thread_blocked, id=23132, stack(0x00000076e7700000,0x00000076e7800000)]
  0x000001930ef88c50 JavaThread "block-manager-ask-thread-pool-78" daemon [_thread_blocked, id=25496, stack(0x00000076e7800000,0x00000076e7900000)]
  0x000001930ef86df0 JavaThread "block-manager-ask-thread-pool-79" daemon [_thread_blocked, id=1944, stack(0x00000076e7900000,0x00000076e7a00000)]
  0x000001930ef87810 JavaThread "block-manager-ask-thread-pool-80" daemon [_thread_blocked, id=4716, stack(0x00000076e7a00000,0x00000076e7b00000)]
  0x000001930ef89160 JavaThread "block-manager-ask-thread-pool-81" daemon [_thread_blocked, id=4740, stack(0x00000076e7b00000,0x00000076e7c00000)]
  0x000001930ef89670 JavaThread "block-manager-ask-thread-pool-82" daemon [_thread_blocked, id=24628, stack(0x00000076e7c00000,0x00000076e7d00000)]
  0x000001930ef863d0 JavaThread "block-manager-ask-thread-pool-83" daemon [_thread_blocked, id=25224, stack(0x00000076e7d00000,0x00000076e7e00000)]
  0x000001930ef85ec0 JavaThread "block-manager-ask-thread-pool-84" daemon [_thread_blocked, id=24244, stack(0x00000076e7e00000,0x00000076e7f00000)]
  0x000001930ef89b80 JavaThread "block-manager-ask-thread-pool-85" daemon [_thread_blocked, id=12060, stack(0x00000076e7f00000,0x00000076e8000000)]
  0x000001930ef8a090 JavaThread "block-manager-ask-thread-pool-86" daemon [_thread_blocked, id=9064, stack(0x00000076e8000000,0x00000076e8100000)]
  0x000001930ef868e0 JavaThread "block-manager-ask-thread-pool-87" daemon [_thread_blocked, id=25536, stack(0x00000076e8100000,0x00000076e8200000)]
  0x000001930ef8aab0 JavaThread "block-manager-ask-thread-pool-88" daemon [_thread_blocked, id=25556, stack(0x00000076dca00000,0x00000076dcb00000)]
  0x000001930ef87300 JavaThread "block-manager-ask-thread-pool-89" daemon [_thread_blocked, id=23680, stack(0x00000076e8200000,0x00000076e8300000)]
  0x000001930ef8c910 JavaThread "block-manager-ask-thread-pool-90" daemon [_thread_blocked, id=10792, stack(0x00000076e8300000,0x00000076e8400000)]
  0x000001930ef8d330 JavaThread "block-manager-ask-thread-pool-91" daemon [_thread_blocked, id=23624, stack(0x00000076e8400000,0x00000076e8500000)]
  0x000001930ef8dd50 JavaThread "block-manager-ask-thread-pool-92" daemon [_thread_blocked, id=22784, stack(0x00000076e8500000,0x00000076e8600000)]
  0x000001930ef8c400 JavaThread "block-manager-ask-thread-pool-93" daemon [_thread_blocked, id=25088, stack(0x00000076e8600000,0x00000076e8700000)]
  0x000001930ef8ce20 JavaThread "block-manager-ask-thread-pool-94" daemon [_thread_blocked, id=13956, stack(0x00000076e8700000,0x00000076e8800000)]
  0x000001930ef8bef0 JavaThread "block-manager-ask-thread-pool-95" daemon [_thread_blocked, id=23536, stack(0x00000076e8800000,0x00000076e8900000)]
  0x000001930ef8d840 JavaThread "block-manager-ask-thread-pool-96" daemon [_thread_blocked, id=21056, stack(0x00000076e8900000,0x00000076e8a00000)]
  0x000001930ef8e260 JavaThread "block-manager-ask-thread-pool-97" daemon [_thread_blocked, id=3104, stack(0x00000076e8a00000,0x00000076e8b00000)]
  0x000001930ef8b9e0 JavaThread "block-manager-ask-thread-pool-98" daemon [_thread_blocked, id=22908, stack(0x00000076e8b00000,0x00000076e8c00000)]
  0x000001930ef8e770 JavaThread "block-manager-ask-thread-pool-99" daemon [_thread_blocked, id=13340, stack(0x00000076e8c00000,0x00000076e8d00000)]
  0x000001930ef51910 JavaThread "shuffle-exchange-0" daemon [_thread_blocked, id=24180, stack(0x00000076d9300000,0x00000076d9400000)]
  0x000001930ef4fab0 JavaThread "Executor task launch worker for task 7.0 in stage 73.0 (TID 198)" daemon [_thread_blocked, id=24044, stack(0x00000076dc800000,0x00000076dc900000)]
  0x000001930ef509e0 JavaThread "Executor task launch worker for task 19.0 in stage 73.0 (TID 210)" daemon [_thread_blocked, id=14376, stack(0x00000076dc900000,0x00000076dca00000)]
  0x000001930ef4ffc0 JavaThread "Executor task launch worker for task 34.0 in stage 73.0 (TID 225)" daemon [_thread_blocked, id=23708, stack(0x00000076e8d00000,0x00000076e8e00000)]
  0x000001930ef504d0 JavaThread "Executor task launch worker for task 28.0 in stage 73.0 (TID 219)" daemon [_thread_blocked, id=24112, stack(0x00000076e8e00000,0x00000076e8f00000)]
  0x000001930ef50ef0 JavaThread "Executor task launch worker for task 25.0 in stage 73.0 (TID 216)" daemon [_thread_blocked, id=22000, stack(0x00000076e8f00000,0x00000076e9000000)]
  0x000001930ef51400 JavaThread "Executor task launch worker for task 31.0 in stage 73.0 (TID 222)" daemon [_thread_blocked, id=25164, stack(0x00000076e9000000,0x00000076e9100000)]
  0x000001930ef4e160 JavaThread "Executor task launch worker for task 1.0 in stage 73.0 (TID 192)" daemon [_thread_blocked, id=13680, stack(0x00000076e9100000,0x00000076e9200000)]
  0x000001930ef51e20 JavaThread "Executor task launch worker for task 10.0 in stage 73.0 (TID 201)" daemon [_thread_blocked, id=23468, stack(0x00000076e9200000,0x00000076e9300000)]
  0x000001930ef52330 JavaThread "Executor task launch worker for task 40.0 in stage 73.0 (TID 231)" daemon [_thread_blocked, id=25032, stack(0x00000076e9300000,0x00000076e9400000)]
  0x000001930ef4eb80 JavaThread "Executor task launch worker for task 13.0 in stage 73.0 (TID 204)" daemon [_thread_blocked, id=9512, stack(0x00000076e9400000,0x00000076e9500000)]
  0x000001930ef52840 JavaThread "Executor task launch worker for task 43.0 in stage 73.0 (TID 234)" daemon [_thread_blocked, id=13412, stack(0x00000076e9500000,0x00000076e9600000)]
  0x000001930ef52d50 JavaThread "Executor task launch worker for task 37.0 in stage 73.0 (TID 228)" daemon [_thread_blocked, id=26124, stack(0x00000076e9600000,0x00000076e9700000)]
  0x000001930ef4f5a0 JavaThread "Executor task launch worker for task 22.0 in stage 73.0 (TID 213)" daemon [_thread_blocked, id=26024, stack(0x00000076e9700000,0x00000076e9800000)]
  0x000001930ef53c80 JavaThread "Executor task launch worker for task 16.0 in stage 73.0 (TID 207)" daemon [_thread_blocked, id=24676, stack(0x00000076e9800000,0x00000076e9900000)]
  0x000001930ef53260 JavaThread "Executor task launch worker for task 4.0 in stage 73.0 (TID 195)" daemon [_thread_blocked, id=26576, stack(0x00000076e9900000,0x00000076e9a00000)]
  0x000001930dc6f960 JavaThread "QueryStageCreator-0" daemon [_thread_blocked, id=22656, stack(0x00000076ea000000,0x00000076ea100000)]
  0x000001930ef54bb0 JavaThread "ResultQueryStageExecution-0" daemon [_thread_blocked, id=23080, stack(0x00000076ea100000,0x00000076ea200000)]
  0x0000019308509550 JavaThread "QueryStageCreator-1" daemon [_thread_blocked, id=9132, stack(0x00000076e9f00000,0x00000076ea000000)]
  0x000001930ef550c0 JavaThread "shuffle-exchange-1" daemon [_thread_blocked, id=23220, stack(0x00000076e9e00000,0x00000076e9f00000)]
  0x0000019310170b00 JavaThread "ForkJoinPool.commonPool-worker-2" daemon [_thread_blocked, id=20784, stack(0x00000076ea400000,0x00000076ea500000)]
  0x000001930762f3f0 JavaThread "ForkJoinPool.commonPool-worker-3" daemon [_thread_blocked, id=24184, stack(0x00000076ea500000,0x00000076ea600000)]
  0x000001930762fe10 JavaThread "ForkJoinPool.commonPool-worker-4" daemon [_thread_blocked, id=20964, stack(0x00000076ea600000,0x00000076ea700000)]
  0x000001930e1c2840 JavaThread "ForkJoinPool.commonPool-worker-5" daemon [_thread_blocked, id=23952, stack(0x00000076ea700000,0x00000076ea800000)]
  0x000001930eab1d70 JavaThread "ForkJoinPool.commonPool-worker-8" daemon [_thread_blocked, id=24652, stack(0x00000076ea800000,0x00000076ea900000)]
  0x000001931016fbd0 JavaThread "ForkJoinPool.commonPool-worker-7" daemon [_thread_blocked, id=25992, stack(0x00000076ea900000,0x00000076eaa00000)]
  0x000001930762f900 JavaThread "ForkJoinPool.commonPool-worker-9" daemon [_thread_blocked, id=24692, stack(0x00000076eaa00000,0x00000076eab00000)]
  0x000001930eab2ca0 JavaThread "ForkJoinPool.commonPool-worker-6" daemon [_thread_blocked, id=14092, stack(0x00000076eab00000,0x00000076eac00000)]
  0x0000019307631400 JavaThread "ForkJoinPool.commonPool-worker-10" daemon [_thread_blocked, id=20668, stack(0x00000076eac00000,0x00000076ead00000)]
  0x000001930eab2280 JavaThread "ForkJoinPool.commonPool-worker-11" daemon [_thread_blocked, id=16044, stack(0x00000076ead00000,0x00000076eae00000)]
  0x000001930d37dfa0 JavaThread "ForkJoinPool.commonPool-worker-12" daemon [_thread_blocked, id=14860, stack(0x00000076eae00000,0x00000076eaf00000)]
  0x000001930d37e9c0 JavaThread "ForkJoinPool.commonPool-worker-13" daemon [_thread_blocked, id=12732, stack(0x00000076eaf00000,0x00000076eb000000)]
  0x00000193101700e0 JavaThread "ForkJoinPool.commonPool-worker-14" daemon [_thread_blocked, id=22692, stack(0x00000076eb000000,0x00000076eb100000)]
  0x000001930762eee0 JavaThread "ForkJoinPool.commonPool-worker-15" daemon [_thread_blocked, id=25512, stack(0x00000076eb100000,0x00000076eb200000)]
  0x0000019308d66fe0 JavaThread "Thread-33" daemon [_thread_blocked, id=20340, stack(0x00000076eb200000,0x00000076eb300000)]
  0x000001930d37eed0 JavaThread "Thread-34" daemon [_thread_blocked, id=24160, stack(0x00000076eb400000,0x00000076eb500000)]

Other Threads:
=>0x00000192fcde6820 VMThread "VM Thread" [stack: 0x00000076d5200000,0x00000076d5300000] [id=24460]
  0x00000192fff3fd30 WatcherThread [stack: 0x00000076d6000000,0x00000076d6100000] [id=22504]
  0x00000192fcc43be0 GCTaskThread "GC Thread#0" [stack: 0x00000076d4d00000,0x00000076d4e00000] [id=25500]
  0x00000193044c64c0 GCTaskThread "GC Thread#1" [stack: 0x00000076d6100000,0x00000076d6200000] [id=22788]
  0x00000193045ab810 GCTaskThread "GC Thread#2" [stack: 0x00000076d6200000,0x00000076d6300000] [id=25444]
  0x000001930446d370 GCTaskThread "GC Thread#3" [stack: 0x00000076d6300000,0x00000076d6400000] [id=24484]
  0x000001930446d910 GCTaskThread "GC Thread#4" [stack: 0x00000076d6400000,0x00000076d6500000] [id=1364]
  0x000001930446dbe0 GCTaskThread "GC Thread#5" [stack: 0x00000076d6500000,0x00000076d6600000] [id=24776]
  0x000001930446cdd0 GCTaskThread "GC Thread#6" [stack: 0x00000076d6a00000,0x00000076d6b00000] [id=25256]
  0x000001930446d0a0 GCTaskThread "GC Thread#7" [stack: 0x00000076d6b00000,0x00000076d6c00000] [id=18284]
  0x000001930446d640 GCTaskThread "GC Thread#8" [stack: 0x00000076d6c00000,0x00000076d6d00000] [id=22168]
  0x00000193066fef90 GCTaskThread "GC Thread#9" [stack: 0x00000076d6d00000,0x00000076d6e00000] [id=22600]
  0x00000193066fecc0 GCTaskThread "GC Thread#10" [stack: 0x00000076d6e00000,0x00000076d6f00000] [id=26080]
  0x00000193067008e0 GCTaskThread "GC Thread#11" [stack: 0x00000076d6f00000,0x00000076d7000000] [id=18400]
  0x00000193066fe180 GCTaskThread "GC Thread#12" [stack: 0x00000076d7000000,0x00000076d7100000] [id=26068]
  0x00000192fcc53720 ConcurrentGCThread "G1 Main Marker" [stack: 0x00000076d4e00000,0x00000076d4f00000] [id=20440]
  0x00000192fcc54050 ConcurrentGCThread "G1 Conc#0" [stack: 0x00000076d4f00000,0x00000076d5000000] [id=25848]
  0x0000019306700610 ConcurrentGCThread "G1 Conc#1" [stack: 0x00000076d7100000,0x00000076d7200000] [id=20796]
  0x0000019306700340 ConcurrentGCThread "G1 Conc#2" [stack: 0x00000076d7200000,0x00000076d7300000] [id=16780]
  0x00000192fcd1f010 ConcurrentGCThread "G1 Refine#0" [stack: 0x00000076d5000000,0x00000076d5100000] [id=25212]
  0x000001930e39aa30 ConcurrentGCThread "G1 Refine#1" [stack: 0x00000076eb300000,0x00000076eb400000] [id=20820]
  0x000001930d86cb40 ConcurrentGCThread "G1 Refine#2" [stack: 0x00000076d5c00000,0x00000076d5d00000] [id=19068]
  0x000001930d86b040 ConcurrentGCThread "G1 Refine#3" [stack: 0x00000076d6600000,0x00000076d6700000] [id=508]
  0x000001930d86bf40 ConcurrentGCThread "G1 Refine#4" [stack: 0x00000076e9a00000,0x00000076e9b00000] [id=23512]
  0x000001930d86b640 ConcurrentGCThread "G1 Refine#5" [stack: 0x00000076e9b00000,0x00000076e9c00000] [id=25328]
  0x000001930d86b940 ConcurrentGCThread "G1 Refine#6" [stack: 0x00000076e9c00000,0x00000076e9d00000] [id=13632]
  0x00000192fcd20810 ConcurrentGCThread "G1 Service" [stack: 0x00000076d5100000,0x00000076d5200000] [id=22252]

Threads with active compile tasks:

VM state: at safepoint (normal execution)

VM Mutex/Monitor currently owned by a thread:  ([mutex/lock_event])
[0x00000192d01bc5e0] Threads_lock - owner thread: 0x00000192fcde6820
[0x00000192d2409790] Heap_lock - owner thread: 0x000001930ef53c80

Heap address: 0x0000000480000000, size: 14336 MB, Compressed Oops mode: Zero based, Oop shift amount: 3

CDS archive(s) mapped at: [0x000001928e000000-0x000001928ebb0000-0x000001928ebb0000), size 12255232, SharedBaseAddress: 0x000001928e000000, ArchiveRelocationMode: 1.
Compressed class space mapped at: 0x000001928f000000-0x00000192cf000000, reserved size: 1073741824
Narrow klass base: 0x000001928e000000, Narrow klass shift: 0, Narrow klass range: 0x100000000

GC Precious Log:
 CPUs: 16 total, 16 available
 Memory: 16051M
 Large Page Support: Disabled
 NUMA Support: Disabled
 Compressed Oops: Enabled (Zero based)
 Heap Region Size: 8M
 Heap Min Capacity: 8M
 Heap Initial Capacity: 256M
 Heap Max Capacity: 14G
 Pre-touch: Disabled
 Parallel Workers: 13
 Concurrent Workers: 3
 Concurrent Refinement Workers: 13
 Periodic GC: Disabled

Heap:
 garbage-first heap   total 11198464K, used 1183704K [0x0000000480000000, 0x0000000800000000)
  region size 8192K, 4 young (32768K), 4 survivors (32768K)
 Metaspace       used 161475K, committed 163648K, reserved 1245184K
  class space    used 20431K, committed 21504K, reserved 1048576K

Heap Regions: E=young(eden), S=young(survivor), O=old, HS=humongous(starts), HC=humongous(continues), CS=collection set, F=free, OA=open archive, CA=closed archive, TAMS=top-at-mark-start (previous, next)
|   0|0x0000000480000000, 0x0000000480800000, 0x0000000480800000|100%| O|  |TAMS 0x0000000480800000, 0x0000000480000000| Untracked 
|   1|0x0000000480800000, 0x0000000481000000, 0x0000000481000000|100%| O|  |TAMS 0x0000000481000000, 0x0000000480800000| Untracked 
|   2|0x0000000481000000, 0x0000000481800000, 0x0000000481800000|100%| O|  |TAMS 0x0000000481800000, 0x0000000481000000| Untracked 
|   3|0x0000000481800000, 0x0000000482000000, 0x0000000482000000|100%| O|  |TAMS 0x0000000482000000, 0x0000000481800000| Untracked 
|   4|0x0000000482000000, 0x0000000482800000, 0x0000000482800000|100%| O|  |TAMS 0x0000000482800000, 0x0000000482000000| Untracked 
|   5|0x0000000482800000, 0x0000000483000000, 0x0000000483000000|100%| O|  |TAMS 0x0000000483000000, 0x0000000482800000| Untracked 
|   6|0x0000000483000000, 0x0000000483800000, 0x0000000483800000|100%| O|  |TAMS 0x0000000483800000, 0x0000000483000000| Untracked 
|   7|0x0000000483800000, 0x0000000484000000, 0x0000000484000000|100%| O|  |TAMS 0x0000000484000000, 0x0000000483800000| Untracked 
|   8|0x0000000484000000, 0x0000000484800000, 0x0000000484800000|100%| O|  |TAMS 0x0000000484800000, 0x0000000484000000| Untracked 
|   9|0x0000000484800000, 0x0000000485000000, 0x0000000485000000|100%| O|  |TAMS 0x0000000484800000, 0x0000000484800000| Untracked 
|  10|0x0000000485000000, 0x0000000485800000, 0x0000000485800000|100%| O|  |TAMS 0x0000000485800000, 0x0000000485000000| Untracked 
|  11|0x0000000485800000, 0x0000000486000000, 0x0000000486000000|100%| O|  |TAMS 0x0000000486000000, 0x0000000485800000| Untracked 
|  12|0x0000000486000000, 0x0000000486800000, 0x0000000486800000|100%| O|  |TAMS 0x0000000486800000, 0x0000000486000000| Untracked 
|  13|0x0000000486800000, 0x0000000487000000, 0x0000000487000000|100%| O|  |TAMS 0x0000000487000000, 0x0000000486800000| Untracked 
|  14|0x0000000487000000, 0x0000000487800000, 0x0000000487800000|100%| O|  |TAMS 0x0000000487800000, 0x0000000487000000| Untracked 
|  15|0x0000000487800000, 0x0000000488000000, 0x0000000488000000|100%| O|  |TAMS 0x0000000488000000, 0x0000000487800000| Untracked 
|  16|0x0000000488000000, 0x0000000488800000, 0x0000000488800000|100%| O|  |TAMS 0x0000000488800000, 0x0000000488000000| Untracked 
|  17|0x0000000488800000, 0x0000000489000000, 0x0000000489000000|100%| O|  |TAMS 0x0000000489000000, 0x0000000488800000| Untracked 
|  18|0x0000000489000000, 0x0000000489800000, 0x0000000489800000|100%| O|  |TAMS 0x0000000489800000, 0x0000000489000000| Untracked 
|  19|0x0000000489800000, 0x000000048a000000, 0x000000048a000000|100%| O|  |TAMS 0x000000048a000000, 0x0000000489800000| Untracked 
|  20|0x000000048a000000, 0x000000048a800000, 0x000000048a800000|100%| O|  |TAMS 0x000000048a800000, 0x000000048a000000| Untracked 
|  21|0x000000048a800000, 0x000000048b000000, 0x000000048b000000|100%| O|  |TAMS 0x000000048b000000, 0x000000048a800000| Untracked 
|  22|0x000000048b000000, 0x000000048b800000, 0x000000048b800000|100%| O|  |TAMS 0x000000048b800000, 0x000000048b000000| Untracked 
|  23|0x000000048b800000, 0x000000048c000000, 0x000000048c000000|100%| O|  |TAMS 0x000000048c000000, 0x000000048b800000| Untracked 
|  24|0x000000048c000000, 0x000000048c800000, 0x000000048c800000|100%| O|  |TAMS 0x000000048c800000, 0x000000048c000000| Untracked 
|  25|0x000000048c800000, 0x000000048d000000, 0x000000048d000000|100%| O|  |TAMS 0x000000048cfa6800, 0x000000048c800000| Untracked 
|  26|0x000000048d000000, 0x000000048d800000, 0x000000048d800000|100%| O|  |TAMS 0x000000048d000000, 0x000000048d000000| Untracked 
|  27|0x000000048d800000, 0x000000048e000000, 0x000000048e000000|100%| O|  |TAMS 0x000000048d800000, 0x000000048d800000| Untracked 
|  28|0x000000048e000000, 0x000000048e800000, 0x000000048e800000|100%| O|  |TAMS 0x000000048e000000, 0x000000048e000000| Untracked 
|  29|0x000000048e800000, 0x000000048f000000, 0x000000048f000000|100%| O|  |TAMS 0x000000048e800000, 0x000000048e800000| Untracked 
|  30|0x000000048f000000, 0x000000048f800000, 0x000000048f800000|100%| O|  |TAMS 0x000000048f000000, 0x000000048f000000| Untracked 
|  31|0x000000048f800000, 0x0000000490000000, 0x0000000490000000|100%| O|  |TAMS 0x000000048f800000, 0x000000048f800000| Untracked 
|  32|0x0000000490000000, 0x0000000490800000, 0x0000000490800000|100%| O|  |TAMS 0x0000000490000000, 0x0000000490000000| Untracked 
|  33|0x0000000490800000, 0x0000000491000000, 0x0000000491000000|100%| O|  |TAMS 0x0000000490800000, 0x0000000490800000| Untracked 
|  34|0x0000000491000000, 0x0000000491800000, 0x0000000491800000|100%| O|  |TAMS 0x0000000491000000, 0x0000000491000000| Untracked 
|  35|0x0000000491800000, 0x0000000492000000, 0x0000000492000000|100%| O|  |TAMS 0x0000000491800000, 0x0000000491800000| Untracked 
|  36|0x0000000492000000, 0x0000000492800000, 0x0000000492800000|100%| O|  |TAMS 0x0000000492000000, 0x0000000492000000| Untracked 
|  37|0x0000000492800000, 0x0000000493000000, 0x0000000493000000|100%| O|  |TAMS 0x0000000492800000, 0x0000000492800000| Untracked 
|  38|0x0000000493000000, 0x0000000493800000, 0x0000000493800000|100%| O|  |TAMS 0x0000000493000000, 0x0000000493000000| Untracked 
|  39|0x0000000493800000, 0x0000000494000000, 0x0000000494000000|100%| O|  |TAMS 0x0000000493800000, 0x0000000493800000| Untracked 
|  40|0x0000000494000000, 0x0000000494800000, 0x0000000494800000|100%| O|  |TAMS 0x0000000494000000, 0x0000000494000000| Untracked 
|  41|0x0000000494800000, 0x0000000495000000, 0x0000000495000000|100%| O|  |TAMS 0x0000000494800000, 0x0000000494800000| Untracked 
|  42|0x0000000495000000, 0x0000000495800000, 0x0000000495800000|100%| O|  |TAMS 0x0000000495000000, 0x0000000495000000| Untracked 
|  43|0x0000000495800000, 0x0000000496000000, 0x0000000496000000|100%| O|  |TAMS 0x0000000495800000, 0x0000000495800000| Untracked 
|  44|0x0000000496000000, 0x0000000496800000, 0x0000000496800000|100%| O|  |TAMS 0x0000000496000000, 0x0000000496000000| Untracked 
|  45|0x0000000496800000, 0x0000000497000000, 0x0000000497000000|100%| O|  |TAMS 0x0000000496800000, 0x0000000496800000| Untracked 
|  46|0x0000000497000000, 0x0000000497800000, 0x0000000497800000|100%| O|  |TAMS 0x0000000497000000, 0x0000000497000000| Untracked 
|  47|0x0000000497800000, 0x0000000498000000, 0x0000000498000000|100%| O|  |TAMS 0x0000000497800000, 0x0000000497800000| Untracked 
|  48|0x0000000498000000, 0x0000000498800000, 0x0000000498800000|100%| O|  |TAMS 0x0000000498000000, 0x0000000498000000| Untracked 
|  49|0x0000000498800000, 0x0000000499000000, 0x0000000499000000|100%| O|  |TAMS 0x0000000498800000, 0x0000000498800000| Untracked 
|  50|0x0000000499000000, 0x0000000499800000, 0x0000000499800000|100%| O|  |TAMS 0x0000000499000000, 0x0000000499000000| Untracked 
|  51|0x0000000499800000, 0x000000049a000000, 0x000000049a000000|100%| O|  |TAMS 0x0000000499800000, 0x0000000499800000| Untracked 
|  52|0x000000049a000000, 0x000000049a800000, 0x000000049a800000|100%| O|  |TAMS 0x000000049a000000, 0x000000049a000000| Untracked 
|  53|0x000000049a800000, 0x000000049b000000, 0x000000049b000000|100%| O|  |TAMS 0x000000049a800000, 0x000000049a800000| Untracked 
|  54|0x000000049b000000, 0x000000049b800000, 0x000000049b800000|100%| O|  |TAMS 0x000000049b000000, 0x000000049b000000| Untracked 
|  55|0x000000049b800000, 0x000000049c000000, 0x000000049c000000|100%| O|  |TAMS 0x000000049b800000, 0x000000049b800000| Untracked 
|  56|0x000000049c000000, 0x000000049c800000, 0x000000049c800000|100%| O|  |TAMS 0x000000049c000000, 0x000000049c000000| Untracked 
|  57|0x000000049c800000, 0x000000049d000000, 0x000000049d000000|100%| O|  |TAMS 0x000000049c800000, 0x000000049c800000| Untracked 
|  58|0x000000049d000000, 0x000000049d800000, 0x000000049d800000|100%| O|  |TAMS 0x000000049d000000, 0x000000049d000000| Untracked 
|  59|0x000000049d800000, 0x000000049e000000, 0x000000049e000000|100%| O|  |TAMS 0x000000049d800000, 0x000000049d800000| Untracked 
|  60|0x000000049e000000, 0x000000049e800000, 0x000000049e800000|100%| O|  |TAMS 0x000000049e000000, 0x000000049e000000| Untracked 
|  61|0x000000049e800000, 0x000000049f000000, 0x000000049f000000|100%| O|  |TAMS 0x000000049e800000, 0x000000049e800000| Untracked 
|  62|0x000000049f000000, 0x000000049f800000, 0x000000049f800000|100%| O|  |TAMS 0x000000049f000000, 0x000000049f000000| Untracked 
|  63|0x000000049f800000, 0x00000004a0000000, 0x00000004a0000000|100%| O|  |TAMS 0x000000049f800000, 0x000000049f800000| Untracked 
|  64|0x00000004a0000000, 0x00000004a0800000, 0x00000004a0800000|100%| O|  |TAMS 0x00000004a0000000, 0x00000004a0000000| Untracked 
|  65|0x00000004a0800000, 0x00000004a1000000, 0x00000004a1000000|100%| O|  |TAMS 0x00000004a0800000, 0x00000004a0800000| Untracked 
|  66|0x00000004a1000000, 0x00000004a1800000, 0x00000004a1800000|100%| O|  |TAMS 0x00000004a1000000, 0x00000004a1000000| Untracked 
|  67|0x00000004a1800000, 0x00000004a2000000, 0x00000004a2000000|100%| O|  |TAMS 0x00000004a1800000, 0x00000004a1800000| Untracked 
|  68|0x00000004a2000000, 0x00000004a2800000, 0x00000004a2800000|100%| O|  |TAMS 0x00000004a2000000, 0x00000004a2000000| Untracked 
|  69|0x00000004a2800000, 0x00000004a3000000, 0x00000004a3000000|100%| O|  |TAMS 0x00000004a2800000, 0x00000004a2800000| Untracked 
|  70|0x00000004a3000000, 0x00000004a3800000, 0x00000004a3800000|100%| O|  |TAMS 0x00000004a3000000, 0x00000004a3000000| Untracked 
|  71|0x00000004a3800000, 0x00000004a4000000, 0x00000004a4000000|100%| O|  |TAMS 0x00000004a3800000, 0x00000004a3800000| Untracked 
|  72|0x00000004a4000000, 0x00000004a4800000, 0x00000004a4800000|100%| O|  |TAMS 0x00000004a4000000, 0x00000004a4000000| Untracked 
|  73|0x00000004a4800000, 0x00000004a5000000, 0x00000004a5000000|100%| O|  |TAMS 0x00000004a4800000, 0x00000004a4800000| Untracked 
|  74|0x00000004a5000000, 0x00000004a5800000, 0x00000004a5800000|100%| O|  |TAMS 0x00000004a5000000, 0x00000004a5000000| Untracked 
|  75|0x00000004a5800000, 0x00000004a6000000, 0x00000004a6000000|100%| O|  |TAMS 0x00000004a5800000, 0x00000004a5800000| Untracked 
|  76|0x00000004a6000000, 0x00000004a6800000, 0x00000004a6800000|100%| O|  |TAMS 0x00000004a6000000, 0x00000004a6000000| Untracked 
|  77|0x00000004a6800000, 0x00000004a7000000, 0x00000004a7000000|100%| O|  |TAMS 0x00000004a6800000, 0x00000004a6800000| Untracked 
|  78|0x00000004a7000000, 0x00000004a7800000, 0x00000004a7800000|100%| O|  |TAMS 0x00000004a7000000, 0x00000004a7000000| Untracked 
|  79|0x00000004a7800000, 0x00000004a8000000, 0x00000004a8000000|100%| O|  |TAMS 0x00000004a7800000, 0x00000004a7800000| Untracked 
|  80|0x00000004a8000000, 0x00000004a8800000, 0x00000004a8800000|100%| O|  |TAMS 0x00000004a8000000, 0x00000004a8000000| Untracked 
|  81|0x00000004a8800000, 0x00000004a9000000, 0x00000004a9000000|100%| O|  |TAMS 0x00000004a8800000, 0x00000004a8800000| Untracked 
|  82|0x00000004a9000000, 0x00000004a9800000, 0x00000004a9800000|100%| O|  |TAMS 0x00000004a9000000, 0x00000004a9000000| Untracked 
|  83|0x00000004a9800000, 0x00000004aa000000, 0x00000004aa000000|100%| O|  |TAMS 0x00000004a9800000, 0x00000004a9800000| Untracked 
|  84|0x00000004aa000000, 0x00000004aa800000, 0x00000004aa800000|100%| O|  |TAMS 0x00000004aa000000, 0x00000004aa000000| Untracked 
|  85|0x00000004aa800000, 0x00000004ab000000, 0x00000004ab000000|100%| O|  |TAMS 0x00000004aa800000, 0x00000004aa800000| Untracked 
|  86|0x00000004ab000000, 0x00000004ab800000, 0x00000004ab800000|100%| O|  |TAMS 0x00000004ab000000, 0x00000004ab000000| Untracked 
|  87|0x00000004ab800000, 0x00000004ac000000, 0x00000004ac000000|100%| O|  |TAMS 0x00000004ab800000, 0x00000004ab800000| Untracked 
|  88|0x00000004ac000000, 0x00000004ac800000, 0x00000004ac800000|100%| O|  |TAMS 0x00000004ac000000, 0x00000004ac000000| Untracked 
|  89|0x00000004ac800000, 0x00000004ad000000, 0x00000004ad000000|100%| O|  |TAMS 0x00000004ac800000, 0x00000004ac800000| Untracked 
|  90|0x00000004ad000000, 0x00000004ad800000, 0x00000004ad800000|100%| O|  |TAMS 0x00000004ad000000, 0x00000004ad000000| Untracked 
|  91|0x00000004ad800000, 0x00000004ae000000, 0x00000004ae000000|100%| O|  |TAMS 0x00000004ad800000, 0x00000004ad800000| Untracked 
|  92|0x00000004ae000000, 0x00000004ae800000, 0x00000004ae800000|100%| O|  |TAMS 0x00000004ae000000, 0x00000004ae000000| Untracked 
|  93|0x00000004ae800000, 0x00000004af000000, 0x00000004af000000|100%| O|  |TAMS 0x00000004ae800000, 0x00000004ae800000| Untracked 
|  94|0x00000004af000000, 0x00000004af800000, 0x00000004af800000|100%| O|  |TAMS 0x00000004af000000, 0x00000004af000000| Untracked 
|  95|0x00000004af800000, 0x00000004b0000000, 0x00000004b0000000|100%| O|  |TAMS 0x00000004af800000, 0x00000004af800000| Untracked 
|  96|0x00000004b0000000, 0x00000004b0800000, 0x00000004b0800000|100%| O|  |TAMS 0x00000004b0000000, 0x00000004b0000000| Untracked 
|  97|0x00000004b0800000, 0x00000004b1000000, 0x00000004b1000000|100%| O|  |TAMS 0x00000004b0800000, 0x00000004b0800000| Untracked 
|  98|0x00000004b1000000, 0x00000004b1800000, 0x00000004b1800000|100%| O|  |TAMS 0x00000004b1000000, 0x00000004b1000000| Untracked 
|  99|0x00000004b1800000, 0x00000004b2000000, 0x00000004b2000000|100%| O|  |TAMS 0x00000004b1800000, 0x00000004b1800000| Untracked 
| 100|0x00000004b2000000, 0x00000004b2800000, 0x00000004b2800000|100%| O|  |TAMS 0x00000004b2000000, 0x00000004b2000000| Untracked 
| 101|0x00000004b2800000, 0x00000004b3000000, 0x00000004b3000000|100%| O|  |TAMS 0x00000004b2800000, 0x00000004b2800000| Untracked 
| 102|0x00000004b3000000, 0x00000004b3800000, 0x00000004b3800000|100%| O|  |TAMS 0x00000004b3000000, 0x00000004b3000000| Untracked 
| 103|0x00000004b3800000, 0x00000004b4000000, 0x00000004b4000000|100%| O|  |TAMS 0x00000004b3800000, 0x00000004b3800000| Untracked 
| 104|0x00000004b4000000, 0x00000004b4800000, 0x00000004b4800000|100%| O|  |TAMS 0x00000004b4000000, 0x00000004b4000000| Untracked 
| 105|0x00000004b4800000, 0x00000004b5000000, 0x00000004b5000000|100%| O|  |TAMS 0x00000004b4800000, 0x00000004b4800000| Untracked 
| 106|0x00000004b5000000, 0x00000004b5800000, 0x00000004b5800000|100%| O|  |TAMS 0x00000004b5000000, 0x00000004b5000000| Untracked 
| 107|0x00000004b5800000, 0x00000004b6000000, 0x00000004b6000000|100%| O|  |TAMS 0x00000004b5800000, 0x00000004b5800000| Untracked 
| 108|0x00000004b6000000, 0x00000004b6800000, 0x00000004b6800000|100%| O|  |TAMS 0x00000004b6000000, 0x00000004b6000000| Untracked 
| 109|0x00000004b6800000, 0x00000004b7000000, 0x00000004b7000000|100%| O|  |TAMS 0x00000004b6800000, 0x00000004b6800000| Untracked 
| 110|0x00000004b7000000, 0x00000004b7800000, 0x00000004b7800000|100%| O|  |TAMS 0x00000004b7000000, 0x00000004b7000000| Untracked 
| 111|0x00000004b7800000, 0x00000004b8000000, 0x00000004b8000000|100%| O|  |TAMS 0x00000004b7800000, 0x00000004b7800000| Untracked 
| 112|0x00000004b8000000, 0x00000004b8800000, 0x00000004b8800000|100%| O|  |TAMS 0x00000004b8000000, 0x00000004b8000000| Untracked 
| 113|0x00000004b8800000, 0x00000004b9000000, 0x00000004b9000000|100%| O|  |TAMS 0x00000004b8800000, 0x00000004b8800000| Untracked 
| 114|0x00000004b9000000, 0x00000004b9800000, 0x00000004b9800000|100%| O|  |TAMS 0x00000004b9000000, 0x00000004b9000000| Untracked 
| 115|0x00000004b9800000, 0x00000004ba000000, 0x00000004ba000000|100%| O|  |TAMS 0x00000004b9800000, 0x00000004b9800000| Untracked 
| 116|0x00000004ba000000, 0x00000004ba800000, 0x00000004ba800000|100%| O|  |TAMS 0x00000004ba000000, 0x00000004ba000000| Untracked 
| 117|0x00000004ba800000, 0x00000004bb000000, 0x00000004bb000000|100%| O|  |TAMS 0x00000004ba800000, 0x00000004ba800000| Untracked 
| 118|0x00000004bb000000, 0x00000004bb800000, 0x00000004bb800000|100%| O|  |TAMS 0x00000004bb000000, 0x00000004bb000000| Untracked 
| 119|0x00000004bb800000, 0x00000004bc000000, 0x00000004bc000000|100%| O|  |TAMS 0x00000004bb800000, 0x00000004bb800000| Untracked 
| 120|0x00000004bc000000, 0x00000004bc800000, 0x00000004bc800000|100%| O|  |TAMS 0x00000004bc000000, 0x00000004bc000000| Untracked 
| 121|0x00000004bc800000, 0x00000004bd000000, 0x00000004bd000000|100%| O|  |TAMS 0x00000004bc800000, 0x00000004bc800000| Untracked 
| 122|0x00000004bd000000, 0x00000004bd800000, 0x00000004bd800000|100%| O|  |TAMS 0x00000004bd000000, 0x00000004bd000000| Untracked 
| 123|0x00000004bd800000, 0x00000004be000000, 0x00000004be000000|100%| O|  |TAMS 0x00000004bd800000, 0x00000004bd800000| Untracked 
| 124|0x00000004be000000, 0x00000004be800000, 0x00000004be800000|100%| O|  |TAMS 0x00000004be000000, 0x00000004be000000| Untracked 
| 125|0x00000004be800000, 0x00000004bf000000, 0x00000004bf000000|100%| O|  |TAMS 0x00000004be800000, 0x00000004be800000| Untracked 
| 126|0x00000004bf000000, 0x00000004bf800000, 0x00000004bf800000|100%| O|  |TAMS 0x00000004bf000000, 0x00000004bf000000| Untracked 
| 127|0x00000004bf800000, 0x00000004c0000000, 0x00000004c0000000|100%| O|  |TAMS 0x00000004bf800000, 0x00000004bf800000| Untracked 
| 128|0x00000004c0000000, 0x00000004c0800000, 0x00000004c0800000|100%| O|  |TAMS 0x00000004c0000000, 0x00000004c0000000| Untracked 
| 129|0x00000004c0800000, 0x00000004c1000000, 0x00000004c1000000|100%| O|  |TAMS 0x00000004c0800000, 0x00000004c0800000| Untracked 
| 130|0x00000004c1000000, 0x00000004c1800000, 0x00000004c1800000|100%| O|  |TAMS 0x00000004c1000000, 0x00000004c1000000| Untracked 
| 131|0x00000004c1800000, 0x00000004c2000000, 0x00000004c2000000|100%| O|  |TAMS 0x00000004c1800000, 0x00000004c1800000| Untracked 
| 132|0x00000004c2000000, 0x00000004c2800000, 0x00000004c2800000|100%| O|  |TAMS 0x00000004c2000000, 0x00000004c2000000| Untracked 
| 133|0x00000004c2800000, 0x00000004c3000000, 0x00000004c3000000|100%| O|  |TAMS 0x00000004c2800000, 0x00000004c2800000| Untracked 
| 134|0x00000004c3000000, 0x00000004c3800000, 0x00000004c3800000|100%| O|  |TAMS 0x00000004c3000000, 0x00000004c3000000| Untracked 
| 135|0x00000004c3800000, 0x00000004c4000000, 0x00000004c4000000|100%| O|  |TAMS 0x00000004c3800000, 0x00000004c3800000| Untracked 
| 136|0x00000004c4000000, 0x00000004c4800000, 0x00000004c4800000|100%| O|  |TAMS 0x00000004c4000000, 0x00000004c4000000| Untracked 
| 137|0x00000004c4800000, 0x00000004c5000000, 0x00000004c5000000|100%| O|  |TAMS 0x00000004c4800000, 0x00000004c4800000| Untracked 
| 138|0x00000004c5000000, 0x00000004c5800000, 0x00000004c5800000|100%| O|  |TAMS 0x00000004c5000000, 0x00000004c5000000| Untracked 
| 139|0x00000004c5800000, 0x00000004c5c61c00, 0x00000004c6000000| 54%| O|  |TAMS 0x00000004c5800000, 0x00000004c5800000| Untracked 
| 140|0x00000004c6000000, 0x00000004c6000000, 0x00000004c6800000|  0%| F|  |TAMS 0x00000004c6000000, 0x00000004c6000000| Untracked 
| 141|0x00000004c6800000, 0x00000004c6800000, 0x00000004c7000000|  0%| F|  |TAMS 0x00000004c6800000, 0x00000004c6800000| Untracked 
| 142|0x00000004c7000000, 0x00000004c7000000, 0x00000004c7800000|  0%| F|  |TAMS 0x00000004c7000000, 0x00000004c7000000| Untracked 
| 143|0x00000004c7800000, 0x00000004c7800000, 0x00000004c8000000|  0%| F|  |TAMS 0x00000004c7800000, 0x00000004c7800000| Untracked 
| 144|0x00000004c8000000, 0x00000004c8000000, 0x00000004c8800000|  0%| F|  |TAMS 0x00000004c8000000, 0x00000004c8000000| Untracked 
| 145|0x00000004c8800000, 0x00000004c8800000, 0x00000004c9000000|  0%| F|  |TAMS 0x00000004c8800000, 0x00000004c8800000| Untracked 
| 146|0x00000004c9000000, 0x00000004c9000000, 0x00000004c9800000|  0%| F|  |TAMS 0x00000004c9000000, 0x00000004c9000000| Untracked 
| 147|0x00000004c9800000, 0x00000004c9800000, 0x00000004ca000000|  0%| F|  |TAMS 0x00000004c9800000, 0x00000004c9800000| Untracked 
| 148|0x00000004ca000000, 0x00000004ca000000, 0x00000004ca800000|  0%| F|  |TAMS 0x00000004ca000000, 0x00000004ca000000| Untracked 
| 149|0x00000004ca800000, 0x00000004ca800000, 0x00000004cb000000|  0%| F|  |TAMS 0x00000004ca800000, 0x00000004ca800000| Untracked 
| 150|0x00000004cb000000, 0x00000004cb000000, 0x00000004cb800000|  0%| F|  |TAMS 0x00000004cb000000, 0x00000004cb000000| Untracked 
| 151|0x00000004cb800000, 0x00000004cb800000, 0x00000004cc000000|  0%| F|  |TAMS 0x00000004cb800000, 0x00000004cb800000| Untracked 
| 152|0x00000004cc000000, 0x00000004cc000000, 0x00000004cc800000|  0%| F|  |TAMS 0x00000004cc000000, 0x00000004cc000000| Untracked 
| 153|0x00000004cc800000, 0x00000004cc800000, 0x00000004cd000000|  0%| F|  |TAMS 0x00000004cc800000, 0x00000004cc800000| Untracked 
| 154|0x00000004cd000000, 0x00000004cd000000, 0x00000004cd800000|  0%| F|  |TAMS 0x00000004cd000000, 0x00000004cd000000| Untracked 
| 155|0x00000004cd800000, 0x00000004cd800000, 0x00000004ce000000|  0%| F|  |TAMS 0x00000004cd800000, 0x00000004cd800000| Untracked 
| 156|0x00000004ce000000, 0x00000004ce000000, 0x00000004ce800000|  0%| F|  |TAMS 0x00000004ce000000, 0x00000004ce000000| Untracked 
| 157|0x00000004ce800000, 0x00000004ce800000, 0x00000004cf000000|  0%| F|  |TAMS 0x00000004ce800000, 0x00000004ce800000| Untracked 
| 158|0x00000004cf000000, 0x00000004cf000000, 0x00000004cf800000|  0%| F|  |TAMS 0x00000004cf000000, 0x00000004cf000000| Untracked 
| 159|0x00000004cf800000, 0x00000004cf800000, 0x00000004d0000000|  0%| F|  |TAMS 0x00000004cf800000, 0x00000004cf800000| Untracked 
| 160|0x00000004d0000000, 0x00000004d0000000, 0x00000004d0800000|  0%| F|  |TAMS 0x00000004d0000000, 0x00000004d0000000| Untracked 
| 161|0x00000004d0800000, 0x00000004d0800000, 0x00000004d1000000|  0%| F|  |TAMS 0x00000004d0800000, 0x00000004d0800000| Untracked 
| 162|0x00000004d1000000, 0x00000004d1000000, 0x00000004d1800000|  0%| F|  |TAMS 0x00000004d1000000, 0x00000004d1000000| Untracked 
| 163|0x00000004d1800000, 0x00000004d1800000, 0x00000004d2000000|  0%| F|  |TAMS 0x00000004d1800000, 0x00000004d1800000| Untracked 
| 164|0x00000004d2000000, 0x00000004d2000000, 0x00000004d2800000|  0%| F|  |TAMS 0x00000004d2000000, 0x00000004d2000000| Untracked 
| 165|0x00000004d2800000, 0x00000004d2800000, 0x00000004d3000000|  0%| F|  |TAMS 0x00000004d2800000, 0x00000004d2800000| Untracked 
| 166|0x00000004d3000000, 0x00000004d3000000, 0x00000004d3800000|  0%| F|  |TAMS 0x00000004d3000000, 0x00000004d3000000| Untracked 
| 167|0x00000004d3800000, 0x00000004d3800000, 0x00000004d4000000|  0%| F|  |TAMS 0x00000004d3800000, 0x00000004d3800000| Untracked 
| 168|0x00000004d4000000, 0x00000004d4000000, 0x00000004d4800000|  0%| F|  |TAMS 0x00000004d4000000, 0x00000004d4000000| Untracked 
| 169|0x00000004d4800000, 0x00000004d4800000, 0x00000004d5000000|  0%| F|  |TAMS 0x00000004d4800000, 0x00000004d4800000| Untracked 
| 170|0x00000004d5000000, 0x00000004d5000000, 0x00000004d5800000|  0%| F|  |TAMS 0x00000004d5000000, 0x00000004d5000000| Untracked 
| 171|0x00000004d5800000, 0x00000004d5800000, 0x00000004d6000000|  0%| F|  |TAMS 0x00000004d5800000, 0x00000004d5800000| Untracked 
| 172|0x00000004d6000000, 0x00000004d6000000, 0x00000004d6800000|  0%| F|  |TAMS 0x00000004d6000000, 0x00000004d6000000| Untracked 
| 173|0x00000004d6800000, 0x00000004d6800000, 0x00000004d7000000|  0%| F|  |TAMS 0x00000004d6800000, 0x00000004d6800000| Untracked 
| 174|0x00000004d7000000, 0x00000004d7000000, 0x00000004d7800000|  0%| F|  |TAMS 0x00000004d7000000, 0x00000004d7000000| Untracked 
| 175|0x00000004d7800000, 0x00000004d7800000, 0x00000004d8000000|  0%| F|  |TAMS 0x00000004d7800000, 0x00000004d7800000| Untracked 
| 176|0x00000004d8000000, 0x00000004d8000000, 0x00000004d8800000|  0%| F|  |TAMS 0x00000004d8000000, 0x00000004d8000000| Untracked 
| 177|0x00000004d8800000, 0x00000004d8800000, 0x00000004d9000000|  0%| F|  |TAMS 0x00000004d8800000, 0x00000004d8800000| Untracked 
| 178|0x00000004d9000000, 0x00000004d9000000, 0x00000004d9800000|  0%| F|  |TAMS 0x00000004d9000000, 0x00000004d9000000| Untracked 
| 179|0x00000004d9800000, 0x00000004d9800000, 0x00000004da000000|  0%| F|  |TAMS 0x00000004d9800000, 0x00000004d9800000| Untracked 
| 180|0x00000004da000000, 0x00000004da000000, 0x00000004da800000|  0%| F|  |TAMS 0x00000004da000000, 0x00000004da000000| Untracked 
| 181|0x00000004da800000, 0x00000004da800000, 0x00000004db000000|  0%| F|  |TAMS 0x00000004da800000, 0x00000004da800000| Untracked 
| 182|0x00000004db000000, 0x00000004db000000, 0x00000004db800000|  0%| F|  |TAMS 0x00000004db000000, 0x00000004db000000| Untracked 
| 183|0x00000004db800000, 0x00000004db800000, 0x00000004dc000000|  0%| F|  |TAMS 0x00000004db800000, 0x00000004db800000| Untracked 
| 184|0x00000004dc000000, 0x00000004dc000000, 0x00000004dc800000|  0%| F|  |TAMS 0x00000004dc000000, 0x00000004dc000000| Untracked 
| 185|0x00000004dc800000, 0x00000004dc800000, 0x00000004dd000000|  0%| F|  |TAMS 0x00000004dc800000, 0x00000004dc800000| Untracked 
| 186|0x00000004dd000000, 0x00000004dd000000, 0x00000004dd800000|  0%| F|  |TAMS 0x00000004dd000000, 0x00000004dd000000| Untracked 
| 187|0x00000004dd800000, 0x00000004dd800000, 0x00000004de000000|  0%| F|  |TAMS 0x00000004dd800000, 0x00000004dd800000| Untracked 
| 188|0x00000004de000000, 0x00000004de000000, 0x00000004de800000|  0%| F|  |TAMS 0x00000004de000000, 0x00000004de000000| Untracked 
| 189|0x00000004de800000, 0x00000004de800000, 0x00000004df000000|  0%| F|  |TAMS 0x00000004de800000, 0x00000004de800000| Untracked 
| 190|0x00000004df000000, 0x00000004df000000, 0x00000004df800000|  0%| F|  |TAMS 0x00000004df000000, 0x00000004df000000| Untracked 
| 191|0x00000004df800000, 0x00000004df800000, 0x00000004e0000000|  0%| F|  |TAMS 0x00000004df800000, 0x00000004df800000| Untracked 
| 192|0x00000004e0000000, 0x00000004e0000000, 0x00000004e0800000|  0%| F|  |TAMS 0x00000004e0000000, 0x00000004e0000000| Untracked 
| 193|0x00000004e0800000, 0x00000004e0800000, 0x00000004e1000000|  0%| F|  |TAMS 0x00000004e0800000, 0x00000004e0800000| Untracked 
| 194|0x00000004e1000000, 0x00000004e1000000, 0x00000004e1800000|  0%| F|  |TAMS 0x00000004e1000000, 0x00000004e1000000| Untracked 
| 195|0x00000004e1800000, 0x00000004e1800000, 0x00000004e2000000|  0%| F|  |TAMS 0x00000004e1800000, 0x00000004e1800000| Untracked 
| 196|0x00000004e2000000, 0x00000004e2000000, 0x00000004e2800000|  0%| F|  |TAMS 0x00000004e2000000, 0x00000004e2000000| Untracked 
| 197|0x00000004e2800000, 0x00000004e2800000, 0x00000004e3000000|  0%| F|  |TAMS 0x00000004e2800000, 0x00000004e2800000| Untracked 
| 198|0x00000004e3000000, 0x00000004e3000000, 0x00000004e3800000|  0%| F|  |TAMS 0x00000004e3000000, 0x00000004e3000000| Untracked 
| 199|0x00000004e3800000, 0x00000004e3800000, 0x00000004e4000000|  0%| F|  |TAMS 0x00000004e3800000, 0x00000004e3800000| Untracked 
| 200|0x00000004e4000000, 0x00000004e4000000, 0x00000004e4800000|  0%| F|  |TAMS 0x00000004e4000000, 0x00000004e4000000| Untracked 
| 201|0x00000004e4800000, 0x00000004e4800000, 0x00000004e5000000|  0%| F|  |TAMS 0x00000004e4800000, 0x00000004e4800000| Untracked 
| 202|0x00000004e5000000, 0x00000004e5000000, 0x00000004e5800000|  0%| F|  |TAMS 0x00000004e5000000, 0x00000004e5000000| Untracked 
| 203|0x00000004e5800000, 0x00000004e5800000, 0x00000004e6000000|  0%| F|  |TAMS 0x00000004e5800000, 0x00000004e5800000| Untracked 
| 204|0x00000004e6000000, 0x00000004e6000000, 0x00000004e6800000|  0%| F|  |TAMS 0x00000004e6000000, 0x00000004e6000000| Untracked 
| 205|0x00000004e6800000, 0x00000004e6800000, 0x00000004e7000000|  0%| F|  |TAMS 0x00000004e6800000, 0x00000004e6800000| Untracked 
| 206|0x00000004e7000000, 0x00000004e7000000, 0x00000004e7800000|  0%| F|  |TAMS 0x00000004e7000000, 0x00000004e7000000| Untracked 
| 207|0x00000004e7800000, 0x00000004e7800000, 0x00000004e8000000|  0%| F|  |TAMS 0x00000004e7800000, 0x00000004e7800000| Untracked 
| 208|0x00000004e8000000, 0x00000004e8000000, 0x00000004e8800000|  0%| F|  |TAMS 0x00000004e8000000, 0x00000004e8000000| Untracked 
| 209|0x00000004e8800000, 0x00000004e8800000, 0x00000004e9000000|  0%| F|  |TAMS 0x00000004e8800000, 0x00000004e8800000| Untracked 
| 210|0x00000004e9000000, 0x00000004e9000000, 0x00000004e9800000|  0%| F|  |TAMS 0x00000004e9000000, 0x00000004e9000000| Untracked 
| 211|0x00000004e9800000, 0x00000004e9800000, 0x00000004ea000000|  0%| F|  |TAMS 0x00000004e9800000, 0x00000004e9800000| Untracked 
| 212|0x00000004ea000000, 0x00000004ea000000, 0x00000004ea800000|  0%| F|  |TAMS 0x00000004ea000000, 0x00000004ea000000| Untracked 
| 213|0x00000004ea800000, 0x00000004ea800000, 0x00000004eb000000|  0%| F|  |TAMS 0x00000004ea800000, 0x00000004ea800000| Untracked 
| 214|0x00000004eb000000, 0x00000004eb000000, 0x00000004eb800000|  0%| F|  |TAMS 0x00000004eb000000, 0x00000004eb000000| Untracked 
| 215|0x00000004eb800000, 0x00000004eb800000, 0x00000004ec000000|  0%| F|  |TAMS 0x00000004eb800000, 0x00000004eb800000| Untracked 
| 216|0x00000004ec000000, 0x00000004ec000000, 0x00000004ec800000|  0%| F|  |TAMS 0x00000004ec000000, 0x00000004ec000000| Untracked 
| 217|0x00000004ec800000, 0x00000004ec800000, 0x00000004ed000000|  0%| F|  |TAMS 0x00000004ec800000, 0x00000004ec800000| Untracked 
| 218|0x00000004ed000000, 0x00000004ed000000, 0x00000004ed800000|  0%| F|  |TAMS 0x00000004ed000000, 0x00000004ed000000| Untracked 
| 219|0x00000004ed800000, 0x00000004ed800000, 0x00000004ee000000|  0%| F|  |TAMS 0x00000004ed800000, 0x00000004ed800000| Untracked 
| 220|0x00000004ee000000, 0x00000004ee000000, 0x00000004ee800000|  0%| F|  |TAMS 0x00000004ee000000, 0x00000004ee000000| Untracked 
| 221|0x00000004ee800000, 0x00000004ee800000, 0x00000004ef000000|  0%| F|  |TAMS 0x00000004ee800000, 0x00000004ee800000| Untracked 
| 222|0x00000004ef000000, 0x00000004ef000000, 0x00000004ef800000|  0%| F|  |TAMS 0x00000004ef000000, 0x00000004ef000000| Untracked 
| 223|0x00000004ef800000, 0x00000004ef800000, 0x00000004f0000000|  0%| F|  |TAMS 0x00000004ef800000, 0x00000004ef800000| Untracked 
| 224|0x00000004f0000000, 0x00000004f0000000, 0x00000004f0800000|  0%| F|  |TAMS 0x00000004f0000000, 0x00000004f0000000| Untracked 
| 225|0x00000004f0800000, 0x00000004f0800000, 0x00000004f1000000|  0%| F|  |TAMS 0x00000004f0800000, 0x00000004f0800000| Untracked 
| 226|0x00000004f1000000, 0x00000004f1000000, 0x00000004f1800000|  0%| F|  |TAMS 0x00000004f1000000, 0x00000004f1000000| Untracked 
| 227|0x00000004f1800000, 0x00000004f1800000, 0x00000004f2000000|  0%| F|  |TAMS 0x00000004f1800000, 0x00000004f1800000| Untracked 
| 228|0x00000004f2000000, 0x00000004f2000000, 0x00000004f2800000|  0%| F|  |TAMS 0x00000004f2000000, 0x00000004f2000000| Untracked 
| 229|0x00000004f2800000, 0x00000004f2800000, 0x00000004f3000000|  0%| F|  |TAMS 0x00000004f2800000, 0x00000004f2800000| Untracked 
| 230|0x00000004f3000000, 0x00000004f3000000, 0x00000004f3800000|  0%| F|  |TAMS 0x00000004f3000000, 0x00000004f3000000| Untracked 
| 231|0x00000004f3800000, 0x00000004f3800000, 0x00000004f4000000|  0%| F|  |TAMS 0x00000004f3800000, 0x00000004f3800000| Untracked 
| 232|0x00000004f4000000, 0x00000004f4000000, 0x00000004f4800000|  0%| F|  |TAMS 0x00000004f4000000, 0x00000004f4000000| Untracked 
| 233|0x00000004f4800000, 0x00000004f4800000, 0x00000004f5000000|  0%| F|  |TAMS 0x00000004f4800000, 0x00000004f4800000| Untracked 
| 234|0x00000004f5000000, 0x00000004f5000000, 0x00000004f5800000|  0%| F|  |TAMS 0x00000004f5000000, 0x00000004f5000000| Untracked 
| 235|0x00000004f5800000, 0x00000004f5800000, 0x00000004f6000000|  0%| F|  |TAMS 0x00000004f5800000, 0x00000004f5800000| Untracked 
| 236|0x00000004f6000000, 0x00000004f6000000, 0x00000004f6800000|  0%| F|  |TAMS 0x00000004f6000000, 0x00000004f6000000| Untracked 
| 237|0x00000004f6800000, 0x00000004f6800000, 0x00000004f7000000|  0%| F|  |TAMS 0x00000004f6800000, 0x00000004f6800000| Untracked 
| 238|0x00000004f7000000, 0x00000004f7000000, 0x00000004f7800000|  0%| F|  |TAMS 0x00000004f7000000, 0x00000004f7000000| Untracked 
| 239|0x00000004f7800000, 0x00000004f7800000, 0x00000004f8000000|  0%| F|  |TAMS 0x00000004f7800000, 0x00000004f7800000| Untracked 
| 240|0x00000004f8000000, 0x00000004f8000000, 0x00000004f8800000|  0%| F|  |TAMS 0x00000004f8000000, 0x00000004f8000000| Untracked 
| 241|0x00000004f8800000, 0x00000004f8800000, 0x00000004f9000000|  0%| F|  |TAMS 0x00000004f8800000, 0x00000004f8800000| Untracked 
| 242|0x00000004f9000000, 0x00000004f9000000, 0x00000004f9800000|  0%| F|  |TAMS 0x00000004f9000000, 0x00000004f9000000| Untracked 
| 243|0x00000004f9800000, 0x00000004f9800000, 0x00000004fa000000|  0%| F|  |TAMS 0x00000004f9800000, 0x00000004f9800000| Untracked 
| 244|0x00000004fa000000, 0x00000004fa000000, 0x00000004fa800000|  0%| F|  |TAMS 0x00000004fa000000, 0x00000004fa000000| Untracked 
| 245|0x00000004fa800000, 0x00000004fa800000, 0x00000004fb000000|  0%| F|  |TAMS 0x00000004fa800000, 0x00000004fa800000| Untracked 
| 246|0x00000004fb000000, 0x00000004fb000000, 0x00000004fb800000|  0%| F|  |TAMS 0x00000004fb000000, 0x00000004fb000000| Untracked 
| 247|0x00000004fb800000, 0x00000004fb800000, 0x00000004fc000000|  0%| F|  |TAMS 0x00000004fb800000, 0x00000004fb800000| Untracked 
| 248|0x00000004fc000000, 0x00000004fc000000, 0x00000004fc800000|  0%| F|  |TAMS 0x00000004fc000000, 0x00000004fc000000| Untracked 
| 249|0x00000004fc800000, 0x00000004fc800000, 0x00000004fd000000|  0%| F|  |TAMS 0x00000004fc800000, 0x00000004fc800000| Untracked 
| 250|0x00000004fd000000, 0x00000004fd000000, 0x00000004fd800000|  0%| F|  |TAMS 0x00000004fd000000, 0x00000004fd000000| Untracked 
| 251|0x00000004fd800000, 0x00000004fd800000, 0x00000004fe000000|  0%| F|  |TAMS 0x00000004fd800000, 0x00000004fd800000| Untracked 
| 252|0x00000004fe000000, 0x00000004fe000000, 0x00000004fe800000|  0%| F|  |TAMS 0x00000004fe000000, 0x00000004fe000000| Untracked 
| 253|0x00000004fe800000, 0x00000004fe800000, 0x00000004ff000000|  0%| F|  |TAMS 0x00000004fe800000, 0x00000004fe800000| Untracked 
| 254|0x00000004ff000000, 0x00000004ff000000, 0x00000004ff800000|  0%| F|  |TAMS 0x00000004ff000000, 0x00000004ff000000| Untracked 
| 255|0x00000004ff800000, 0x00000004ff800000, 0x0000000500000000|  0%| F|  |TAMS 0x00000004ff800000, 0x00000004ff800000| Untracked 
| 256|0x0000000500000000, 0x0000000500000000, 0x0000000500800000|  0%| F|  |TAMS 0x0000000500000000, 0x0000000500000000| Untracked 
| 257|0x0000000500800000, 0x0000000500800000, 0x0000000501000000|  0%| F|  |TAMS 0x0000000500800000, 0x0000000500800000| Untracked 
| 258|0x0000000501000000, 0x0000000501000000, 0x0000000501800000|  0%| F|  |TAMS 0x0000000501000000, 0x0000000501000000| Untracked 
| 259|0x0000000501800000, 0x0000000501800000, 0x0000000502000000|  0%| F|  |TAMS 0x0000000501800000, 0x0000000501800000| Untracked 
| 260|0x0000000502000000, 0x0000000502000000, 0x0000000502800000|  0%| F|  |TAMS 0x0000000502000000, 0x0000000502000000| Untracked 
| 261|0x0000000502800000, 0x0000000502800000, 0x0000000503000000|  0%| F|  |TAMS 0x0000000502800000, 0x0000000502800000| Untracked 
| 262|0x0000000503000000, 0x0000000503000000, 0x0000000503800000|  0%| F|  |TAMS 0x0000000503000000, 0x0000000503000000| Untracked 
| 263|0x0000000503800000, 0x0000000503800000, 0x0000000504000000|  0%| F|  |TAMS 0x0000000503800000, 0x0000000503800000| Untracked 
| 264|0x0000000504000000, 0x0000000504000000, 0x0000000504800000|  0%| F|  |TAMS 0x0000000504000000, 0x0000000504000000| Untracked 
| 265|0x0000000504800000, 0x0000000504800000, 0x0000000505000000|  0%| F|  |TAMS 0x0000000504800000, 0x0000000504800000| Untracked 
| 266|0x0000000505000000, 0x0000000505000000, 0x0000000505800000|  0%| F|  |TAMS 0x0000000505000000, 0x0000000505000000| Untracked 
| 267|0x0000000505800000, 0x0000000505800000, 0x0000000506000000|  0%| F|  |TAMS 0x0000000505800000, 0x0000000505800000| Untracked 
| 268|0x0000000506000000, 0x0000000506000000, 0x0000000506800000|  0%| F|  |TAMS 0x0000000506000000, 0x0000000506000000| Untracked 
| 269|0x0000000506800000, 0x0000000506800000, 0x0000000507000000|  0%| F|  |TAMS 0x0000000506800000, 0x0000000506800000| Untracked 
| 270|0x0000000507000000, 0x0000000507000000, 0x0000000507800000|  0%| F|  |TAMS 0x0000000507000000, 0x0000000507000000| Untracked 
| 271|0x0000000507800000, 0x0000000507800000, 0x0000000508000000|  0%| F|  |TAMS 0x0000000507800000, 0x0000000507800000| Untracked 
| 272|0x0000000508000000, 0x0000000508000000, 0x0000000508800000|  0%| F|  |TAMS 0x0000000508000000, 0x0000000508000000| Untracked 
| 273|0x0000000508800000, 0x0000000508800000, 0x0000000509000000|  0%| F|  |TAMS 0x0000000508800000, 0x0000000508800000| Untracked 
| 274|0x0000000509000000, 0x0000000509000000, 0x0000000509800000|  0%| F|  |TAMS 0x0000000509000000, 0x0000000509000000| Untracked 
| 275|0x0000000509800000, 0x0000000509800000, 0x000000050a000000|  0%| F|  |TAMS 0x0000000509800000, 0x0000000509800000| Untracked 
| 276|0x000000050a000000, 0x000000050a000000, 0x000000050a800000|  0%| F|  |TAMS 0x000000050a000000, 0x000000050a000000| Untracked 
| 277|0x000000050a800000, 0x000000050a800000, 0x000000050b000000|  0%| F|  |TAMS 0x000000050a800000, 0x000000050a800000| Untracked 
| 278|0x000000050b000000, 0x000000050b000000, 0x000000050b800000|  0%| F|  |TAMS 0x000000050b000000, 0x000000050b000000| Untracked 
| 279|0x000000050b800000, 0x000000050b800000, 0x000000050c000000|  0%| F|  |TAMS 0x000000050b800000, 0x000000050b800000| Untracked 
| 280|0x000000050c000000, 0x000000050c000000, 0x000000050c800000|  0%| F|  |TAMS 0x000000050c000000, 0x000000050c000000| Untracked 
| 281|0x000000050c800000, 0x000000050c800000, 0x000000050d000000|  0%| F|  |TAMS 0x000000050c800000, 0x000000050c800000| Untracked 
| 282|0x000000050d000000, 0x000000050d000000, 0x000000050d800000|  0%| F|  |TAMS 0x000000050d000000, 0x000000050d000000| Untracked 
| 283|0x000000050d800000, 0x000000050d800000, 0x000000050e000000|  0%| F|  |TAMS 0x000000050d800000, 0x000000050d800000| Untracked 
| 284|0x000000050e000000, 0x000000050e000000, 0x000000050e800000|  0%| F|  |TAMS 0x000000050e000000, 0x000000050e000000| Untracked 
| 285|0x000000050e800000, 0x000000050e800000, 0x000000050f000000|  0%| F|  |TAMS 0x000000050e800000, 0x000000050e800000| Untracked 
| 286|0x000000050f000000, 0x000000050f000000, 0x000000050f800000|  0%| F|  |TAMS 0x000000050f000000, 0x000000050f000000| Untracked 
| 287|0x000000050f800000, 0x000000050f800000, 0x0000000510000000|  0%| F|  |TAMS 0x000000050f800000, 0x000000050f800000| Untracked 
| 288|0x0000000510000000, 0x0000000510000000, 0x0000000510800000|  0%| F|  |TAMS 0x0000000510000000, 0x0000000510000000| Untracked 
| 289|0x0000000510800000, 0x0000000510800000, 0x0000000511000000|  0%| F|  |TAMS 0x0000000510800000, 0x0000000510800000| Untracked 
| 290|0x0000000511000000, 0x0000000511000000, 0x0000000511800000|  0%| F|  |TAMS 0x0000000511000000, 0x0000000511000000| Untracked 
| 291|0x0000000511800000, 0x0000000511800000, 0x0000000512000000|  0%| F|  |TAMS 0x0000000511800000, 0x0000000511800000| Untracked 
| 292|0x0000000512000000, 0x0000000512000000, 0x0000000512800000|  0%| F|  |TAMS 0x0000000512000000, 0x0000000512000000| Untracked 
| 293|0x0000000512800000, 0x0000000512800000, 0x0000000513000000|  0%| F|  |TAMS 0x0000000512800000, 0x0000000512800000| Untracked 
| 294|0x0000000513000000, 0x0000000513000000, 0x0000000513800000|  0%| F|  |TAMS 0x0000000513000000, 0x0000000513000000| Untracked 
| 295|0x0000000513800000, 0x0000000513800000, 0x0000000514000000|  0%| F|  |TAMS 0x0000000513800000, 0x0000000513800000| Untracked 
| 296|0x0000000514000000, 0x0000000514000000, 0x0000000514800000|  0%| F|  |TAMS 0x0000000514000000, 0x0000000514000000| Untracked 
| 297|0x0000000514800000, 0x0000000514800000, 0x0000000515000000|  0%| F|  |TAMS 0x0000000514800000, 0x0000000514800000| Untracked 
| 298|0x0000000515000000, 0x0000000515000000, 0x0000000515800000|  0%| F|  |TAMS 0x0000000515000000, 0x0000000515000000| Untracked 
| 299|0x0000000515800000, 0x0000000515800000, 0x0000000516000000|  0%| F|  |TAMS 0x0000000515800000, 0x0000000515800000| Untracked 
| 300|0x0000000516000000, 0x0000000516000000, 0x0000000516800000|  0%| F|  |TAMS 0x0000000516000000, 0x0000000516000000| Untracked 
| 301|0x0000000516800000, 0x0000000516800000, 0x0000000517000000|  0%| F|  |TAMS 0x0000000516800000, 0x0000000516800000| Untracked 
| 302|0x0000000517000000, 0x0000000517000000, 0x0000000517800000|  0%| F|  |TAMS 0x0000000517000000, 0x0000000517000000| Untracked 
| 303|0x0000000517800000, 0x0000000517800000, 0x0000000518000000|  0%| F|  |TAMS 0x0000000517800000, 0x0000000517800000| Untracked 
| 304|0x0000000518000000, 0x0000000518000000, 0x0000000518800000|  0%| F|  |TAMS 0x0000000518000000, 0x0000000518000000| Untracked 
| 305|0x0000000518800000, 0x0000000518800000, 0x0000000519000000|  0%| F|  |TAMS 0x0000000518800000, 0x0000000518800000| Untracked 
| 306|0x0000000519000000, 0x0000000519000000, 0x0000000519800000|  0%| F|  |TAMS 0x0000000519000000, 0x0000000519000000| Untracked 
| 307|0x0000000519800000, 0x0000000519800000, 0x000000051a000000|  0%| F|  |TAMS 0x0000000519800000, 0x0000000519800000| Untracked 
| 308|0x000000051a000000, 0x000000051a000000, 0x000000051a800000|  0%| F|  |TAMS 0x000000051a000000, 0x000000051a000000| Untracked 
| 309|0x000000051a800000, 0x000000051a800000, 0x000000051b000000|  0%| F|  |TAMS 0x000000051a800000, 0x000000051a800000| Untracked 
| 310|0x000000051b000000, 0x000000051b000000, 0x000000051b800000|  0%| F|  |TAMS 0x000000051b000000, 0x000000051b000000| Untracked 
| 311|0x000000051b800000, 0x000000051b800000, 0x000000051c000000|  0%| F|  |TAMS 0x000000051b800000, 0x000000051b800000| Untracked 
| 312|0x000000051c000000, 0x000000051c000000, 0x000000051c800000|  0%| F|  |TAMS 0x000000051c000000, 0x000000051c000000| Untracked 
| 313|0x000000051c800000, 0x000000051c800000, 0x000000051d000000|  0%| F|  |TAMS 0x000000051c800000, 0x000000051c800000| Untracked 
| 314|0x000000051d000000, 0x000000051d000000, 0x000000051d800000|  0%| F|  |TAMS 0x000000051d000000, 0x000000051d000000| Untracked 
| 315|0x000000051d800000, 0x000000051d800000, 0x000000051e000000|  0%| F|  |TAMS 0x000000051d800000, 0x000000051d800000| Untracked 
| 316|0x000000051e000000, 0x000000051e000000, 0x000000051e800000|  0%| F|  |TAMS 0x000000051e000000, 0x000000051e000000| Untracked 
| 317|0x000000051e800000, 0x000000051e800000, 0x000000051f000000|  0%| F|  |TAMS 0x000000051e800000, 0x000000051e800000| Untracked 
| 318|0x000000051f000000, 0x000000051f000000, 0x000000051f800000|  0%| F|  |TAMS 0x000000051f000000, 0x000000051f000000| Untracked 
| 319|0x000000051f800000, 0x000000051f800000, 0x0000000520000000|  0%| F|  |TAMS 0x000000051f800000, 0x000000051f800000| Untracked 
| 320|0x0000000520000000, 0x0000000520000000, 0x0000000520800000|  0%| F|  |TAMS 0x0000000520000000, 0x0000000520000000| Untracked 
| 321|0x0000000520800000, 0x0000000520800000, 0x0000000521000000|  0%| F|  |TAMS 0x0000000520800000, 0x0000000520800000| Untracked 
| 322|0x0000000521000000, 0x0000000521000000, 0x0000000521800000|  0%| F|  |TAMS 0x0000000521000000, 0x0000000521000000| Untracked 
| 323|0x0000000521800000, 0x0000000521800000, 0x0000000522000000|  0%| F|  |TAMS 0x0000000521800000, 0x0000000521800000| Untracked 
| 324|0x0000000522000000, 0x0000000522000000, 0x0000000522800000|  0%| F|  |TAMS 0x0000000522000000, 0x0000000522000000| Untracked 
| 325|0x0000000522800000, 0x0000000522800000, 0x0000000523000000|  0%| F|  |TAMS 0x0000000522800000, 0x0000000522800000| Untracked 
| 326|0x0000000523000000, 0x0000000523000000, 0x0000000523800000|  0%| F|  |TAMS 0x0000000523000000, 0x0000000523000000| Untracked 
| 327|0x0000000523800000, 0x0000000523800000, 0x0000000524000000|  0%| F|  |TAMS 0x0000000523800000, 0x0000000523800000| Untracked 
| 328|0x0000000524000000, 0x0000000524000000, 0x0000000524800000|  0%| F|  |TAMS 0x0000000524000000, 0x0000000524000000| Untracked 
| 329|0x0000000524800000, 0x0000000524800000, 0x0000000525000000|  0%| F|  |TAMS 0x0000000524800000, 0x0000000524800000| Untracked 
| 330|0x0000000525000000, 0x0000000525000000, 0x0000000525800000|  0%| F|  |TAMS 0x0000000525000000, 0x0000000525000000| Untracked 
| 331|0x0000000525800000, 0x0000000525800000, 0x0000000526000000|  0%| F|  |TAMS 0x0000000525800000, 0x0000000525800000| Untracked 
| 332|0x0000000526000000, 0x0000000526000000, 0x0000000526800000|  0%| F|  |TAMS 0x0000000526000000, 0x0000000526000000| Untracked 
| 333|0x0000000526800000, 0x0000000526800000, 0x0000000527000000|  0%| F|  |TAMS 0x0000000526800000, 0x0000000526800000| Untracked 
| 334|0x0000000527000000, 0x0000000527000000, 0x0000000527800000|  0%| F|  |TAMS 0x0000000527000000, 0x0000000527000000| Untracked 
| 335|0x0000000527800000, 0x0000000527800000, 0x0000000528000000|  0%| F|  |TAMS 0x0000000527800000, 0x0000000527800000| Untracked 
| 336|0x0000000528000000, 0x0000000528000000, 0x0000000528800000|  0%| F|  |TAMS 0x0000000528000000, 0x0000000528000000| Untracked 
| 337|0x0000000528800000, 0x0000000528800000, 0x0000000529000000|  0%| F|  |TAMS 0x0000000528800000, 0x0000000528800000| Untracked 
| 338|0x0000000529000000, 0x0000000529000000, 0x0000000529800000|  0%| F|  |TAMS 0x0000000529000000, 0x0000000529000000| Untracked 
| 339|0x0000000529800000, 0x0000000529800000, 0x000000052a000000|  0%| F|  |TAMS 0x0000000529800000, 0x0000000529800000| Untracked 
| 340|0x000000052a000000, 0x000000052a000000, 0x000000052a800000|  0%| F|  |TAMS 0x000000052a000000, 0x000000052a000000| Untracked 
| 341|0x000000052a800000, 0x000000052a800000, 0x000000052b000000|  0%| F|  |TAMS 0x000000052a800000, 0x000000052a800000| Untracked 
| 342|0x000000052b000000, 0x000000052b000000, 0x000000052b800000|  0%| F|  |TAMS 0x000000052b000000, 0x000000052b000000| Untracked 
| 343|0x000000052b800000, 0x000000052b800000, 0x000000052c000000|  0%| F|  |TAMS 0x000000052b800000, 0x000000052b800000| Untracked 
| 344|0x000000052c000000, 0x000000052c000000, 0x000000052c800000|  0%| F|  |TAMS 0x000000052c000000, 0x000000052c000000| Untracked 
| 345|0x000000052c800000, 0x000000052c800000, 0x000000052d000000|  0%| F|  |TAMS 0x000000052c800000, 0x000000052c800000| Untracked 
| 346|0x000000052d000000, 0x000000052d000000, 0x000000052d800000|  0%| F|  |TAMS 0x000000052d000000, 0x000000052d000000| Untracked 
| 347|0x000000052d800000, 0x000000052d800000, 0x000000052e000000|  0%| F|  |TAMS 0x000000052d800000, 0x000000052d800000| Untracked 
| 348|0x000000052e000000, 0x000000052e000000, 0x000000052e800000|  0%| F|  |TAMS 0x000000052e000000, 0x000000052e000000| Untracked 
| 349|0x000000052e800000, 0x000000052e800000, 0x000000052f000000|  0%| F|  |TAMS 0x000000052e800000, 0x000000052e800000| Untracked 
| 350|0x000000052f000000, 0x000000052f000000, 0x000000052f800000|  0%| F|  |TAMS 0x000000052f000000, 0x000000052f000000| Untracked 
| 351|0x000000052f800000, 0x000000052f800000, 0x0000000530000000|  0%| F|  |TAMS 0x000000052f800000, 0x000000052f800000| Untracked 
| 352|0x0000000530000000, 0x0000000530000000, 0x0000000530800000|  0%| F|  |TAMS 0x0000000530000000, 0x0000000530000000| Untracked 
| 353|0x0000000530800000, 0x0000000530800000, 0x0000000531000000|  0%| F|  |TAMS 0x0000000530800000, 0x0000000530800000| Untracked 
| 354|0x0000000531000000, 0x0000000531000000, 0x0000000531800000|  0%| F|  |TAMS 0x0000000531000000, 0x0000000531000000| Untracked 
| 355|0x0000000531800000, 0x0000000531800000, 0x0000000532000000|  0%| F|  |TAMS 0x0000000531800000, 0x0000000531800000| Untracked 
| 356|0x0000000532000000, 0x0000000532000000, 0x0000000532800000|  0%| F|  |TAMS 0x0000000532000000, 0x0000000532000000| Untracked 
| 357|0x0000000532800000, 0x0000000532800000, 0x0000000533000000|  0%| F|  |TAMS 0x0000000532800000, 0x0000000532800000| Untracked 
| 358|0x0000000533000000, 0x0000000533000000, 0x0000000533800000|  0%| F|  |TAMS 0x0000000533000000, 0x0000000533000000| Untracked 
| 359|0x0000000533800000, 0x0000000533800000, 0x0000000534000000|  0%| F|  |TAMS 0x0000000533800000, 0x0000000533800000| Untracked 
| 360|0x0000000534000000, 0x0000000534000000, 0x0000000534800000|  0%| F|  |TAMS 0x0000000534000000, 0x0000000534000000| Untracked 
| 361|0x0000000534800000, 0x0000000534800000, 0x0000000535000000|  0%| F|  |TAMS 0x0000000534800000, 0x0000000534800000| Untracked 
| 362|0x0000000535000000, 0x0000000535000000, 0x0000000535800000|  0%| F|  |TAMS 0x0000000535000000, 0x0000000535000000| Untracked 
| 363|0x0000000535800000, 0x0000000535800000, 0x0000000536000000|  0%| F|  |TAMS 0x0000000535800000, 0x0000000535800000| Untracked 
| 364|0x0000000536000000, 0x0000000536000000, 0x0000000536800000|  0%| F|  |TAMS 0x0000000536000000, 0x0000000536000000| Untracked 
| 365|0x0000000536800000, 0x0000000536800000, 0x0000000537000000|  0%| F|  |TAMS 0x0000000536800000, 0x0000000536800000| Untracked 
| 366|0x0000000537000000, 0x0000000537000000, 0x0000000537800000|  0%| F|  |TAMS 0x0000000537000000, 0x0000000537000000| Untracked 
| 367|0x0000000537800000, 0x0000000537800000, 0x0000000538000000|  0%| F|  |TAMS 0x0000000537800000, 0x0000000537800000| Untracked 
| 368|0x0000000538000000, 0x0000000538000000, 0x0000000538800000|  0%| F|  |TAMS 0x0000000538000000, 0x0000000538000000| Untracked 
| 369|0x0000000538800000, 0x0000000538800000, 0x0000000539000000|  0%| F|  |TAMS 0x0000000538800000, 0x0000000538800000| Untracked 
| 370|0x0000000539000000, 0x0000000539000000, 0x0000000539800000|  0%| F|  |TAMS 0x0000000539000000, 0x0000000539000000| Untracked 
| 371|0x0000000539800000, 0x0000000539800000, 0x000000053a000000|  0%| F|  |TAMS 0x0000000539800000, 0x0000000539800000| Untracked 
| 372|0x000000053a000000, 0x000000053a000000, 0x000000053a800000|  0%| F|  |TAMS 0x000000053a000000, 0x000000053a000000| Untracked 
| 373|0x000000053a800000, 0x000000053a800000, 0x000000053b000000|  0%| F|  |TAMS 0x000000053a800000, 0x000000053a800000| Untracked 
| 374|0x000000053b000000, 0x000000053b000000, 0x000000053b800000|  0%| F|  |TAMS 0x000000053b000000, 0x000000053b000000| Untracked 
| 375|0x000000053b800000, 0x000000053b800000, 0x000000053c000000|  0%| F|  |TAMS 0x000000053b800000, 0x000000053b800000| Untracked 
| 376|0x000000053c000000, 0x000000053c000000, 0x000000053c800000|  0%| F|  |TAMS 0x000000053c000000, 0x000000053c000000| Untracked 
| 377|0x000000053c800000, 0x000000053c800000, 0x000000053d000000|  0%| F|  |TAMS 0x000000053c800000, 0x000000053c800000| Untracked 
| 378|0x000000053d000000, 0x000000053d000000, 0x000000053d800000|  0%| F|  |TAMS 0x000000053d000000, 0x000000053d000000| Untracked 
| 379|0x000000053d800000, 0x000000053d800000, 0x000000053e000000|  0%| F|  |TAMS 0x000000053d800000, 0x000000053d800000| Untracked 
| 380|0x000000053e000000, 0x000000053e000000, 0x000000053e800000|  0%| F|  |TAMS 0x000000053e000000, 0x000000053e000000| Untracked 
| 381|0x000000053e800000, 0x000000053e800000, 0x000000053f000000|  0%| F|  |TAMS 0x000000053e800000, 0x000000053e800000| Untracked 
| 382|0x000000053f000000, 0x000000053f000000, 0x000000053f800000|  0%| F|  |TAMS 0x000000053f000000, 0x000000053f000000| Untracked 
| 383|0x000000053f800000, 0x000000053f800000, 0x0000000540000000|  0%| F|  |TAMS 0x000000053f800000, 0x000000053f800000| Untracked 
| 384|0x0000000540000000, 0x0000000540000000, 0x0000000540800000|  0%| F|  |TAMS 0x0000000540000000, 0x0000000540000000| Untracked 
| 385|0x0000000540800000, 0x0000000540800000, 0x0000000541000000|  0%| F|  |TAMS 0x0000000540800000, 0x0000000540800000| Untracked 
| 386|0x0000000541000000, 0x0000000541000000, 0x0000000541800000|  0%| F|  |TAMS 0x0000000541000000, 0x0000000541000000| Untracked 
| 387|0x0000000541800000, 0x0000000541800000, 0x0000000542000000|  0%| F|  |TAMS 0x0000000541800000, 0x0000000541800000| Untracked 
| 388|0x0000000542000000, 0x0000000542000000, 0x0000000542800000|  0%| F|  |TAMS 0x0000000542000000, 0x0000000542000000| Untracked 
| 389|0x0000000542800000, 0x0000000542800000, 0x0000000543000000|  0%| F|  |TAMS 0x0000000542800000, 0x0000000542800000| Untracked 
| 390|0x0000000543000000, 0x0000000543000000, 0x0000000543800000|  0%| F|  |TAMS 0x0000000543000000, 0x0000000543000000| Untracked 
| 391|0x0000000543800000, 0x0000000543800000, 0x0000000544000000|  0%| F|  |TAMS 0x0000000543800000, 0x0000000543800000| Untracked 
| 392|0x0000000544000000, 0x0000000544000000, 0x0000000544800000|  0%| F|  |TAMS 0x0000000544000000, 0x0000000544000000| Untracked 
| 393|0x0000000544800000, 0x0000000544800000, 0x0000000545000000|  0%| F|  |TAMS 0x0000000544800000, 0x0000000544800000| Untracked 
| 394|0x0000000545000000, 0x0000000545000000, 0x0000000545800000|  0%| F|  |TAMS 0x0000000545000000, 0x0000000545000000| Untracked 
| 395|0x0000000545800000, 0x0000000545800000, 0x0000000546000000|  0%| F|  |TAMS 0x0000000545800000, 0x0000000545800000| Untracked 
| 396|0x0000000546000000, 0x0000000546000000, 0x0000000546800000|  0%| F|  |TAMS 0x0000000546000000, 0x0000000546000000| Untracked 
| 397|0x0000000546800000, 0x0000000546800000, 0x0000000547000000|  0%| F|  |TAMS 0x0000000546800000, 0x0000000546800000| Untracked 
| 398|0x0000000547000000, 0x0000000547000000, 0x0000000547800000|  0%| F|  |TAMS 0x0000000547000000, 0x0000000547000000| Untracked 
| 399|0x0000000547800000, 0x0000000547800000, 0x0000000548000000|  0%| F|  |TAMS 0x0000000547800000, 0x0000000547800000| Untracked 
| 400|0x0000000548000000, 0x0000000548000000, 0x0000000548800000|  0%| F|  |TAMS 0x0000000548000000, 0x0000000548000000| Untracked 
| 401|0x0000000548800000, 0x0000000548800000, 0x0000000549000000|  0%| F|  |TAMS 0x0000000548800000, 0x0000000548800000| Untracked 
| 402|0x0000000549000000, 0x0000000549000000, 0x0000000549800000|  0%| F|  |TAMS 0x0000000549000000, 0x0000000549000000| Untracked 
| 403|0x0000000549800000, 0x0000000549800000, 0x000000054a000000|  0%| F|  |TAMS 0x0000000549800000, 0x0000000549800000| Untracked 
| 404|0x000000054a000000, 0x000000054a000000, 0x000000054a800000|  0%| F|  |TAMS 0x000000054a000000, 0x000000054a000000| Untracked 
| 405|0x000000054a800000, 0x000000054a800000, 0x000000054b000000|  0%| F|  |TAMS 0x000000054a800000, 0x000000054a800000| Untracked 
| 406|0x000000054b000000, 0x000000054b000000, 0x000000054b800000|  0%| F|  |TAMS 0x000000054b000000, 0x000000054b000000| Untracked 
| 407|0x000000054b800000, 0x000000054b800000, 0x000000054c000000|  0%| F|  |TAMS 0x000000054b800000, 0x000000054b800000| Untracked 
| 408|0x000000054c000000, 0x000000054c000000, 0x000000054c800000|  0%| F|  |TAMS 0x000000054c000000, 0x000000054c000000| Untracked 
| 409|0x000000054c800000, 0x000000054c800000, 0x000000054d000000|  0%| F|  |TAMS 0x000000054c800000, 0x000000054c800000| Untracked 
| 410|0x000000054d000000, 0x000000054d000000, 0x000000054d800000|  0%| F|  |TAMS 0x000000054d000000, 0x000000054d000000| Untracked 
| 411|0x000000054d800000, 0x000000054d800000, 0x000000054e000000|  0%| F|  |TAMS 0x000000054d800000, 0x000000054d800000| Untracked 
| 412|0x000000054e000000, 0x000000054e000000, 0x000000054e800000|  0%| F|  |TAMS 0x000000054e000000, 0x000000054e000000| Untracked 
| 413|0x000000054e800000, 0x000000054e800000, 0x000000054f000000|  0%| F|  |TAMS 0x000000054e800000, 0x000000054e800000| Untracked 
| 414|0x000000054f000000, 0x000000054f000000, 0x000000054f800000|  0%| F|  |TAMS 0x000000054f000000, 0x000000054f000000| Untracked 
| 415|0x000000054f800000, 0x000000054f800000, 0x0000000550000000|  0%| F|  |TAMS 0x000000054f800000, 0x000000054f800000| Untracked 
| 416|0x0000000550000000, 0x0000000550000000, 0x0000000550800000|  0%| F|  |TAMS 0x0000000550000000, 0x0000000550000000| Untracked 
| 417|0x0000000550800000, 0x0000000550800000, 0x0000000551000000|  0%| F|  |TAMS 0x0000000550800000, 0x0000000550800000| Untracked 
| 418|0x0000000551000000, 0x0000000551000000, 0x0000000551800000|  0%| F|  |TAMS 0x0000000551000000, 0x0000000551000000| Untracked 
| 419|0x0000000551800000, 0x0000000551800000, 0x0000000552000000|  0%| F|  |TAMS 0x0000000551800000, 0x0000000551800000| Untracked 
| 420|0x0000000552000000, 0x0000000552000000, 0x0000000552800000|  0%| F|  |TAMS 0x0000000552000000, 0x0000000552000000| Untracked 
| 421|0x0000000552800000, 0x0000000552800000, 0x0000000553000000|  0%| F|  |TAMS 0x0000000552800000, 0x0000000552800000| Untracked 
| 422|0x0000000553000000, 0x0000000553000000, 0x0000000553800000|  0%| F|  |TAMS 0x0000000553000000, 0x0000000553000000| Untracked 
| 423|0x0000000553800000, 0x0000000553800000, 0x0000000554000000|  0%| F|  |TAMS 0x0000000553800000, 0x0000000553800000| Untracked 
| 424|0x0000000554000000, 0x0000000554000000, 0x0000000554800000|  0%| F|  |TAMS 0x0000000554000000, 0x0000000554000000| Untracked 
| 425|0x0000000554800000, 0x0000000554800000, 0x0000000555000000|  0%| F|  |TAMS 0x0000000554800000, 0x0000000554800000| Untracked 
| 426|0x0000000555000000, 0x0000000555000000, 0x0000000555800000|  0%| F|  |TAMS 0x0000000555000000, 0x0000000555000000| Untracked 
| 427|0x0000000555800000, 0x0000000555800000, 0x0000000556000000|  0%| F|  |TAMS 0x0000000555800000, 0x0000000555800000| Untracked 
| 428|0x0000000556000000, 0x0000000556000000, 0x0000000556800000|  0%| F|  |TAMS 0x0000000556000000, 0x0000000556000000| Untracked 
| 429|0x0000000556800000, 0x0000000556800000, 0x0000000557000000|  0%| F|  |TAMS 0x0000000556800000, 0x0000000556800000| Untracked 
| 430|0x0000000557000000, 0x0000000557000000, 0x0000000557800000|  0%| F|  |TAMS 0x0000000557000000, 0x0000000557000000| Untracked 
| 431|0x0000000557800000, 0x0000000557800000, 0x0000000558000000|  0%| F|  |TAMS 0x0000000557800000, 0x0000000557800000| Untracked 
| 432|0x0000000558000000, 0x0000000558000000, 0x0000000558800000|  0%| F|  |TAMS 0x0000000558000000, 0x0000000558000000| Untracked 
| 433|0x0000000558800000, 0x0000000558800000, 0x0000000559000000|  0%| F|  |TAMS 0x0000000558800000, 0x0000000558800000| Untracked 
| 434|0x0000000559000000, 0x0000000559000000, 0x0000000559800000|  0%| F|  |TAMS 0x0000000559000000, 0x0000000559000000| Untracked 
| 435|0x0000000559800000, 0x0000000559800000, 0x000000055a000000|  0%| F|  |TAMS 0x0000000559800000, 0x0000000559800000| Untracked 
| 436|0x000000055a000000, 0x000000055a000000, 0x000000055a800000|  0%| F|  |TAMS 0x000000055a000000, 0x000000055a000000| Untracked 
| 437|0x000000055a800000, 0x000000055a800000, 0x000000055b000000|  0%| F|  |TAMS 0x000000055a800000, 0x000000055a800000| Untracked 
| 438|0x000000055b000000, 0x000000055b000000, 0x000000055b800000|  0%| F|  |TAMS 0x000000055b000000, 0x000000055b000000| Untracked 
| 439|0x000000055b800000, 0x000000055b800000, 0x000000055c000000|  0%| F|  |TAMS 0x000000055b800000, 0x000000055b800000| Untracked 
| 440|0x000000055c000000, 0x000000055c000000, 0x000000055c800000|  0%| F|  |TAMS 0x000000055c000000, 0x000000055c000000| Untracked 
| 441|0x000000055c800000, 0x000000055c800000, 0x000000055d000000|  0%| F|  |TAMS 0x000000055c800000, 0x000000055c800000| Untracked 
| 442|0x000000055d000000, 0x000000055d000000, 0x000000055d800000|  0%| F|  |TAMS 0x000000055d000000, 0x000000055d000000| Untracked 
| 443|0x000000055d800000, 0x000000055d800000, 0x000000055e000000|  0%| F|  |TAMS 0x000000055d800000, 0x000000055d800000| Untracked 
| 444|0x000000055e000000, 0x000000055e000000, 0x000000055e800000|  0%| F|  |TAMS 0x000000055e000000, 0x000000055e000000| Untracked 
| 445|0x000000055e800000, 0x000000055e800000, 0x000000055f000000|  0%| F|  |TAMS 0x000000055e800000, 0x000000055e800000| Untracked 
| 446|0x000000055f000000, 0x000000055f000000, 0x000000055f800000|  0%| F|  |TAMS 0x000000055f000000, 0x000000055f000000| Untracked 
| 447|0x000000055f800000, 0x000000055f800000, 0x0000000560000000|  0%| F|  |TAMS 0x000000055f800000, 0x000000055f800000| Untracked 
| 448|0x0000000560000000, 0x0000000560000000, 0x0000000560800000|  0%| F|  |TAMS 0x0000000560000000, 0x0000000560000000| Untracked 
| 449|0x0000000560800000, 0x0000000560800000, 0x0000000561000000|  0%| F|  |TAMS 0x0000000560800000, 0x0000000560800000| Untracked 
| 450|0x0000000561000000, 0x0000000561000000, 0x0000000561800000|  0%| F|  |TAMS 0x0000000561000000, 0x0000000561000000| Untracked 
| 451|0x0000000561800000, 0x0000000561800000, 0x0000000562000000|  0%| F|  |TAMS 0x0000000561800000, 0x0000000561800000| Untracked 
| 452|0x0000000562000000, 0x0000000562000000, 0x0000000562800000|  0%| F|  |TAMS 0x0000000562000000, 0x0000000562000000| Untracked 
| 453|0x0000000562800000, 0x0000000562800000, 0x0000000563000000|  0%| F|  |TAMS 0x0000000562800000, 0x0000000562800000| Untracked 
| 454|0x0000000563000000, 0x0000000563000000, 0x0000000563800000|  0%| F|  |TAMS 0x0000000563000000, 0x0000000563000000| Untracked 
| 455|0x0000000563800000, 0x0000000563800000, 0x0000000564000000|  0%| F|  |TAMS 0x0000000563800000, 0x0000000563800000| Untracked 
| 456|0x0000000564000000, 0x0000000564000000, 0x0000000564800000|  0%| F|  |TAMS 0x0000000564000000, 0x0000000564000000| Untracked 
| 457|0x0000000564800000, 0x0000000564800000, 0x0000000565000000|  0%| F|  |TAMS 0x0000000564800000, 0x0000000564800000| Untracked 
| 458|0x0000000565000000, 0x0000000565000000, 0x0000000565800000|  0%| F|  |TAMS 0x0000000565000000, 0x0000000565000000| Untracked 
| 459|0x0000000565800000, 0x0000000565800000, 0x0000000566000000|  0%| F|  |TAMS 0x0000000565800000, 0x0000000565800000| Untracked 
| 460|0x0000000566000000, 0x0000000566000000, 0x0000000566800000|  0%| F|  |TAMS 0x0000000566000000, 0x0000000566000000| Untracked 
| 461|0x0000000566800000, 0x0000000566800000, 0x0000000567000000|  0%| F|  |TAMS 0x0000000566800000, 0x0000000566800000| Untracked 
| 462|0x0000000567000000, 0x0000000567000000, 0x0000000567800000|  0%| F|  |TAMS 0x0000000567000000, 0x0000000567000000| Untracked 
| 463|0x0000000567800000, 0x0000000567800000, 0x0000000568000000|  0%| F|  |TAMS 0x0000000567800000, 0x0000000567800000| Untracked 
| 464|0x0000000568000000, 0x0000000568000000, 0x0000000568800000|  0%| F|  |TAMS 0x0000000568000000, 0x0000000568000000| Untracked 
| 465|0x0000000568800000, 0x0000000568800000, 0x0000000569000000|  0%| F|  |TAMS 0x0000000568800000, 0x0000000568800000| Untracked 
| 466|0x0000000569000000, 0x0000000569000000, 0x0000000569800000|  0%| F|  |TAMS 0x0000000569000000, 0x0000000569000000| Untracked 
| 467|0x0000000569800000, 0x0000000569800000, 0x000000056a000000|  0%| F|  |TAMS 0x0000000569800000, 0x0000000569800000| Untracked 
| 468|0x000000056a000000, 0x000000056a000000, 0x000000056a800000|  0%| F|  |TAMS 0x000000056a000000, 0x000000056a000000| Untracked 
| 469|0x000000056a800000, 0x000000056a800000, 0x000000056b000000|  0%| F|  |TAMS 0x000000056a800000, 0x000000056a800000| Untracked 
| 470|0x000000056b000000, 0x000000056b000000, 0x000000056b800000|  0%| F|  |TAMS 0x000000056b000000, 0x000000056b000000| Untracked 
| 471|0x000000056b800000, 0x000000056b800000, 0x000000056c000000|  0%| F|  |TAMS 0x000000056b800000, 0x000000056b800000| Untracked 
| 472|0x000000056c000000, 0x000000056c000000, 0x000000056c800000|  0%| F|  |TAMS 0x000000056c000000, 0x000000056c000000| Untracked 
| 473|0x000000056c800000, 0x000000056c800000, 0x000000056d000000|  0%| F|  |TAMS 0x000000056c800000, 0x000000056c800000| Untracked 
| 474|0x000000056d000000, 0x000000056d000000, 0x000000056d800000|  0%| F|  |TAMS 0x000000056d000000, 0x000000056d000000| Untracked 
| 475|0x000000056d800000, 0x000000056d800000, 0x000000056e000000|  0%| F|  |TAMS 0x000000056d800000, 0x000000056d800000| Untracked 
| 476|0x000000056e000000, 0x000000056e000000, 0x000000056e800000|  0%| F|  |TAMS 0x000000056e000000, 0x000000056e000000| Untracked 
| 477|0x000000056e800000, 0x000000056e800000, 0x000000056f000000|  0%| F|  |TAMS 0x000000056e800000, 0x000000056e800000| Untracked 
| 478|0x000000056f000000, 0x000000056f000000, 0x000000056f800000|  0%| F|  |TAMS 0x000000056f000000, 0x000000056f000000| Untracked 
| 479|0x000000056f800000, 0x000000056f800000, 0x0000000570000000|  0%| F|  |TAMS 0x000000056f800000, 0x000000056f800000| Untracked 
| 480|0x0000000570000000, 0x0000000570000000, 0x0000000570800000|  0%| F|  |TAMS 0x0000000570000000, 0x0000000570000000| Untracked 
| 481|0x0000000570800000, 0x0000000570800000, 0x0000000571000000|  0%| F|  |TAMS 0x0000000570800000, 0x0000000570800000| Untracked 
| 482|0x0000000571000000, 0x0000000571000000, 0x0000000571800000|  0%| F|  |TAMS 0x0000000571000000, 0x0000000571000000| Untracked 
| 483|0x0000000571800000, 0x0000000571800000, 0x0000000572000000|  0%| F|  |TAMS 0x0000000571800000, 0x0000000571800000| Untracked 
| 484|0x0000000572000000, 0x0000000572000000, 0x0000000572800000|  0%| F|  |TAMS 0x0000000572000000, 0x0000000572000000| Untracked 
| 485|0x0000000572800000, 0x0000000572800000, 0x0000000573000000|  0%| F|  |TAMS 0x0000000572800000, 0x0000000572800000| Untracked 
| 486|0x0000000573000000, 0x0000000573000000, 0x0000000573800000|  0%| F|  |TAMS 0x0000000573000000, 0x0000000573000000| Untracked 
| 487|0x0000000573800000, 0x0000000573800000, 0x0000000574000000|  0%| F|  |TAMS 0x0000000573800000, 0x0000000573800000| Untracked 
| 488|0x0000000574000000, 0x0000000574000000, 0x0000000574800000|  0%| F|  |TAMS 0x0000000574000000, 0x0000000574000000| Untracked 
| 489|0x0000000574800000, 0x0000000574800000, 0x0000000575000000|  0%| F|  |TAMS 0x0000000574800000, 0x0000000574800000| Untracked 
| 490|0x0000000575000000, 0x0000000575000000, 0x0000000575800000|  0%| F|  |TAMS 0x0000000575000000, 0x0000000575000000| Untracked 
| 491|0x0000000575800000, 0x0000000575800000, 0x0000000576000000|  0%| F|  |TAMS 0x0000000575800000, 0x0000000575800000| Untracked 
| 492|0x0000000576000000, 0x0000000576000000, 0x0000000576800000|  0%| F|  |TAMS 0x0000000576000000, 0x0000000576000000| Untracked 
| 493|0x0000000576800000, 0x0000000576800000, 0x0000000577000000|  0%| F|  |TAMS 0x0000000576800000, 0x0000000576800000| Untracked 
| 494|0x0000000577000000, 0x0000000577000000, 0x0000000577800000|  0%| F|  |TAMS 0x0000000577000000, 0x0000000577000000| Untracked 
| 495|0x0000000577800000, 0x0000000577800000, 0x0000000578000000|  0%| F|  |TAMS 0x0000000577800000, 0x0000000577800000| Untracked 
| 496|0x0000000578000000, 0x0000000578000000, 0x0000000578800000|  0%| F|  |TAMS 0x0000000578000000, 0x0000000578000000| Untracked 
| 497|0x0000000578800000, 0x0000000578800000, 0x0000000579000000|  0%| F|  |TAMS 0x0000000578800000, 0x0000000578800000| Untracked 
| 498|0x0000000579000000, 0x0000000579000000, 0x0000000579800000|  0%| F|  |TAMS 0x0000000579000000, 0x0000000579000000| Untracked 
| 499|0x0000000579800000, 0x0000000579800000, 0x000000057a000000|  0%| F|  |TAMS 0x0000000579800000, 0x0000000579800000| Untracked 
| 500|0x000000057a000000, 0x000000057a000000, 0x000000057a800000|  0%| F|  |TAMS 0x000000057a000000, 0x000000057a000000| Untracked 
| 501|0x000000057a800000, 0x000000057a800000, 0x000000057b000000|  0%| F|  |TAMS 0x000000057a800000, 0x000000057a800000| Untracked 
| 502|0x000000057b000000, 0x000000057b000000, 0x000000057b800000|  0%| F|  |TAMS 0x000000057b000000, 0x000000057b000000| Untracked 
| 503|0x000000057b800000, 0x000000057b800000, 0x000000057c000000|  0%| F|  |TAMS 0x000000057b800000, 0x000000057b800000| Untracked 
| 504|0x000000057c000000, 0x000000057c000000, 0x000000057c800000|  0%| F|  |TAMS 0x000000057c000000, 0x000000057c000000| Untracked 
| 505|0x000000057c800000, 0x000000057c800000, 0x000000057d000000|  0%| F|  |TAMS 0x000000057c800000, 0x000000057c800000| Untracked 
| 506|0x000000057d000000, 0x000000057d000000, 0x000000057d800000|  0%| F|  |TAMS 0x000000057d000000, 0x000000057d000000| Untracked 
| 507|0x000000057d800000, 0x000000057d800000, 0x000000057e000000|  0%| F|  |TAMS 0x000000057d800000, 0x000000057d800000| Untracked 
| 508|0x000000057e000000, 0x000000057e000000, 0x000000057e800000|  0%| F|  |TAMS 0x000000057e000000, 0x000000057e000000| Untracked 
| 509|0x000000057e800000, 0x000000057e800000, 0x000000057f000000|  0%| F|  |TAMS 0x000000057e800000, 0x000000057e800000| Untracked 
| 510|0x000000057f000000, 0x000000057f000000, 0x000000057f800000|  0%| F|  |TAMS 0x000000057f000000, 0x000000057f000000| Untracked 
| 511|0x000000057f800000, 0x000000057f800000, 0x0000000580000000|  0%| F|  |TAMS 0x000000057f800000, 0x000000057f800000| Untracked 
| 512|0x0000000580000000, 0x0000000580000000, 0x0000000580800000|  0%| F|  |TAMS 0x0000000580000000, 0x0000000580000000| Untracked 
| 513|0x0000000580800000, 0x0000000580800000, 0x0000000581000000|  0%| F|  |TAMS 0x0000000580800000, 0x0000000580800000| Untracked 
| 514|0x0000000581000000, 0x0000000581000000, 0x0000000581800000|  0%| F|  |TAMS 0x0000000581000000, 0x0000000581000000| Untracked 
| 515|0x0000000581800000, 0x0000000581800000, 0x0000000582000000|  0%| F|  |TAMS 0x0000000581800000, 0x0000000581800000| Untracked 
| 516|0x0000000582000000, 0x0000000582000000, 0x0000000582800000|  0%| F|  |TAMS 0x0000000582000000, 0x0000000582000000| Untracked 
| 517|0x0000000582800000, 0x0000000582800000, 0x0000000583000000|  0%| F|  |TAMS 0x0000000582800000, 0x0000000582800000| Untracked 
| 518|0x0000000583000000, 0x0000000583000000, 0x0000000583800000|  0%| F|  |TAMS 0x0000000583000000, 0x0000000583000000| Untracked 
| 519|0x0000000583800000, 0x0000000583800000, 0x0000000584000000|  0%| F|  |TAMS 0x0000000583800000, 0x0000000583800000| Untracked 
| 520|0x0000000584000000, 0x0000000584000000, 0x0000000584800000|  0%| F|  |TAMS 0x0000000584000000, 0x0000000584000000| Untracked 
| 521|0x0000000584800000, 0x0000000584800000, 0x0000000585000000|  0%| F|  |TAMS 0x0000000584800000, 0x0000000584800000| Untracked 
| 522|0x0000000585000000, 0x0000000585000000, 0x0000000585800000|  0%| F|  |TAMS 0x0000000585000000, 0x0000000585000000| Untracked 
| 523|0x0000000585800000, 0x0000000585800000, 0x0000000586000000|  0%| F|  |TAMS 0x0000000585800000, 0x0000000585800000| Untracked 
| 524|0x0000000586000000, 0x0000000586000000, 0x0000000586800000|  0%| F|  |TAMS 0x0000000586000000, 0x0000000586000000| Untracked 
| 525|0x0000000586800000, 0x0000000586800000, 0x0000000587000000|  0%| F|  |TAMS 0x0000000586800000, 0x0000000586800000| Untracked 
| 526|0x0000000587000000, 0x0000000587000000, 0x0000000587800000|  0%| F|  |TAMS 0x0000000587000000, 0x0000000587000000| Untracked 
| 527|0x0000000587800000, 0x0000000587800000, 0x0000000588000000|  0%| F|  |TAMS 0x0000000587800000, 0x0000000587800000| Untracked 
| 528|0x0000000588000000, 0x0000000588000000, 0x0000000588800000|  0%| F|  |TAMS 0x0000000588000000, 0x0000000588000000| Untracked 
| 529|0x0000000588800000, 0x0000000588800000, 0x0000000589000000|  0%| F|  |TAMS 0x0000000588800000, 0x0000000588800000| Untracked 
| 530|0x0000000589000000, 0x0000000589000000, 0x0000000589800000|  0%| F|  |TAMS 0x0000000589000000, 0x0000000589000000| Untracked 
| 531|0x0000000589800000, 0x0000000589800000, 0x000000058a000000|  0%| F|  |TAMS 0x0000000589800000, 0x0000000589800000| Untracked 
| 532|0x000000058a000000, 0x000000058a000000, 0x000000058a800000|  0%| F|  |TAMS 0x000000058a000000, 0x000000058a000000| Untracked 
| 533|0x000000058a800000, 0x000000058a800000, 0x000000058b000000|  0%| F|  |TAMS 0x000000058a800000, 0x000000058a800000| Untracked 
| 534|0x000000058b000000, 0x000000058b000000, 0x000000058b800000|  0%| F|  |TAMS 0x000000058b000000, 0x000000058b000000| Untracked 
| 535|0x000000058b800000, 0x000000058b800000, 0x000000058c000000|  0%| F|  |TAMS 0x000000058b800000, 0x000000058b800000| Untracked 
| 536|0x000000058c000000, 0x000000058c000000, 0x000000058c800000|  0%| F|  |TAMS 0x000000058c000000, 0x000000058c000000| Untracked 
| 537|0x000000058c800000, 0x000000058c800000, 0x000000058d000000|  0%| F|  |TAMS 0x000000058c800000, 0x000000058c800000| Untracked 
| 538|0x000000058d000000, 0x000000058d000000, 0x000000058d800000|  0%| F|  |TAMS 0x000000058d000000, 0x000000058d000000| Untracked 
| 539|0x000000058d800000, 0x000000058d800000, 0x000000058e000000|  0%| F|  |TAMS 0x000000058d800000, 0x000000058d800000| Untracked 
| 540|0x000000058e000000, 0x000000058e000000, 0x000000058e800000|  0%| F|  |TAMS 0x000000058e000000, 0x000000058e000000| Untracked 
| 541|0x000000058e800000, 0x000000058e800000, 0x000000058f000000|  0%| F|  |TAMS 0x000000058e800000, 0x000000058e800000| Untracked 
| 542|0x000000058f000000, 0x000000058f000000, 0x000000058f800000|  0%| F|  |TAMS 0x000000058f000000, 0x000000058f000000| Untracked 
| 543|0x000000058f800000, 0x000000058f800000, 0x0000000590000000|  0%| F|  |TAMS 0x000000058f800000, 0x000000058f800000| Untracked 
| 544|0x0000000590000000, 0x0000000590000000, 0x0000000590800000|  0%| F|  |TAMS 0x0000000590000000, 0x0000000590000000| Untracked 
| 545|0x0000000590800000, 0x0000000590800000, 0x0000000591000000|  0%| F|  |TAMS 0x0000000590800000, 0x0000000590800000| Untracked 
| 546|0x0000000591000000, 0x0000000591000000, 0x0000000591800000|  0%| F|  |TAMS 0x0000000591000000, 0x0000000591000000| Untracked 
| 547|0x0000000591800000, 0x0000000591800000, 0x0000000592000000|  0%| F|  |TAMS 0x0000000591800000, 0x0000000591800000| Untracked 
| 548|0x0000000592000000, 0x0000000592000000, 0x0000000592800000|  0%| F|  |TAMS 0x0000000592000000, 0x0000000592000000| Untracked 
| 549|0x0000000592800000, 0x0000000592800000, 0x0000000593000000|  0%| F|  |TAMS 0x0000000592800000, 0x0000000592800000| Untracked 
| 550|0x0000000593000000, 0x0000000593000000, 0x0000000593800000|  0%| F|  |TAMS 0x0000000593000000, 0x0000000593000000| Untracked 
| 551|0x0000000593800000, 0x0000000593800000, 0x0000000594000000|  0%| F|  |TAMS 0x0000000593800000, 0x0000000593800000| Untracked 
| 552|0x0000000594000000, 0x0000000594000000, 0x0000000594800000|  0%| F|  |TAMS 0x0000000594000000, 0x0000000594000000| Untracked 
| 553|0x0000000594800000, 0x0000000594800000, 0x0000000595000000|  0%| F|  |TAMS 0x0000000594800000, 0x0000000594800000| Untracked 
| 554|0x0000000595000000, 0x0000000595000000, 0x0000000595800000|  0%| F|  |TAMS 0x0000000595000000, 0x0000000595000000| Untracked 
| 555|0x0000000595800000, 0x0000000595800000, 0x0000000596000000|  0%| F|  |TAMS 0x0000000595800000, 0x0000000595800000| Untracked 
| 556|0x0000000596000000, 0x0000000596000000, 0x0000000596800000|  0%| F|  |TAMS 0x0000000596000000, 0x0000000596000000| Untracked 
| 557|0x0000000596800000, 0x0000000596800000, 0x0000000597000000|  0%| F|  |TAMS 0x0000000596800000, 0x0000000596800000| Untracked 
| 558|0x0000000597000000, 0x0000000597000000, 0x0000000597800000|  0%| F|  |TAMS 0x0000000597000000, 0x0000000597000000| Untracked 
| 559|0x0000000597800000, 0x0000000597800000, 0x0000000598000000|  0%| F|  |TAMS 0x0000000597800000, 0x0000000597800000| Untracked 
| 560|0x0000000598000000, 0x0000000598000000, 0x0000000598800000|  0%| F|  |TAMS 0x0000000598000000, 0x0000000598000000| Untracked 
| 561|0x0000000598800000, 0x0000000598800000, 0x0000000599000000|  0%| F|  |TAMS 0x0000000598800000, 0x0000000598800000| Untracked 
| 562|0x0000000599000000, 0x0000000599000000, 0x0000000599800000|  0%| F|  |TAMS 0x0000000599000000, 0x0000000599000000| Untracked 
| 563|0x0000000599800000, 0x0000000599800000, 0x000000059a000000|  0%| F|  |TAMS 0x0000000599800000, 0x0000000599800000| Untracked 
| 564|0x000000059a000000, 0x000000059a000000, 0x000000059a800000|  0%| F|  |TAMS 0x000000059a000000, 0x000000059a000000| Untracked 
| 565|0x000000059a800000, 0x000000059a800000, 0x000000059b000000|  0%| F|  |TAMS 0x000000059a800000, 0x000000059a800000| Untracked 
| 566|0x000000059b000000, 0x000000059b000000, 0x000000059b800000|  0%| F|  |TAMS 0x000000059b000000, 0x000000059b000000| Untracked 
| 567|0x000000059b800000, 0x000000059b800000, 0x000000059c000000|  0%| F|  |TAMS 0x000000059b800000, 0x000000059b800000| Untracked 
| 568|0x000000059c000000, 0x000000059c000000, 0x000000059c800000|  0%| F|  |TAMS 0x000000059c000000, 0x000000059c000000| Untracked 
| 569|0x000000059c800000, 0x000000059c800000, 0x000000059d000000|  0%| F|  |TAMS 0x000000059c800000, 0x000000059c800000| Untracked 
| 570|0x000000059d000000, 0x000000059d000000, 0x000000059d800000|  0%| F|  |TAMS 0x000000059d000000, 0x000000059d000000| Untracked 
| 571|0x000000059d800000, 0x000000059d800000, 0x000000059e000000|  0%| F|  |TAMS 0x000000059d800000, 0x000000059d800000| Untracked 
| 572|0x000000059e000000, 0x000000059e000000, 0x000000059e800000|  0%| F|  |TAMS 0x000000059e000000, 0x000000059e000000| Untracked 
| 573|0x000000059e800000, 0x000000059e800000, 0x000000059f000000|  0%| F|  |TAMS 0x000000059e800000, 0x000000059e800000| Untracked 
| 574|0x000000059f000000, 0x000000059f000000, 0x000000059f800000|  0%| F|  |TAMS 0x000000059f000000, 0x000000059f000000| Untracked 
| 575|0x000000059f800000, 0x000000059f800000, 0x00000005a0000000|  0%| F|  |TAMS 0x000000059f800000, 0x000000059f800000| Untracked 
| 576|0x00000005a0000000, 0x00000005a0000000, 0x00000005a0800000|  0%| F|  |TAMS 0x00000005a0000000, 0x00000005a0000000| Untracked 
| 577|0x00000005a0800000, 0x00000005a0800000, 0x00000005a1000000|  0%| F|  |TAMS 0x00000005a0800000, 0x00000005a0800000| Untracked 
| 578|0x00000005a1000000, 0x00000005a1000000, 0x00000005a1800000|  0%| F|  |TAMS 0x00000005a1000000, 0x00000005a1000000| Untracked 
| 579|0x00000005a1800000, 0x00000005a1800000, 0x00000005a2000000|  0%| F|  |TAMS 0x00000005a1800000, 0x00000005a1800000| Untracked 
| 580|0x00000005a2000000, 0x00000005a2000000, 0x00000005a2800000|  0%| F|  |TAMS 0x00000005a2000000, 0x00000005a2000000| Untracked 
| 581|0x00000005a2800000, 0x00000005a2800000, 0x00000005a3000000|  0%| F|  |TAMS 0x00000005a2800000, 0x00000005a2800000| Untracked 
| 582|0x00000005a3000000, 0x00000005a3000000, 0x00000005a3800000|  0%| F|  |TAMS 0x00000005a3000000, 0x00000005a3000000| Untracked 
| 583|0x00000005a3800000, 0x00000005a3800000, 0x00000005a4000000|  0%| F|  |TAMS 0x00000005a3800000, 0x00000005a3800000| Untracked 
| 584|0x00000005a4000000, 0x00000005a4000000, 0x00000005a4800000|  0%| F|  |TAMS 0x00000005a4000000, 0x00000005a4000000| Untracked 
| 585|0x00000005a4800000, 0x00000005a4800000, 0x00000005a5000000|  0%| F|  |TAMS 0x00000005a4800000, 0x00000005a4800000| Untracked 
| 586|0x00000005a5000000, 0x00000005a5000000, 0x00000005a5800000|  0%| F|  |TAMS 0x00000005a5000000, 0x00000005a5000000| Untracked 
| 587|0x00000005a5800000, 0x00000005a5800000, 0x00000005a6000000|  0%| F|  |TAMS 0x00000005a5800000, 0x00000005a5800000| Untracked 
| 588|0x00000005a6000000, 0x00000005a6000000, 0x00000005a6800000|  0%| F|  |TAMS 0x00000005a6000000, 0x00000005a6000000| Untracked 
| 589|0x00000005a6800000, 0x00000005a6800000, 0x00000005a7000000|  0%| F|  |TAMS 0x00000005a6800000, 0x00000005a6800000| Untracked 
| 590|0x00000005a7000000, 0x00000005a7000000, 0x00000005a7800000|  0%| F|  |TAMS 0x00000005a7000000, 0x00000005a7000000| Untracked 
| 591|0x00000005a7800000, 0x00000005a7800000, 0x00000005a8000000|  0%| F|  |TAMS 0x00000005a7800000, 0x00000005a7800000| Untracked 
| 592|0x00000005a8000000, 0x00000005a8000000, 0x00000005a8800000|  0%| F|  |TAMS 0x00000005a8000000, 0x00000005a8000000| Untracked 
| 593|0x00000005a8800000, 0x00000005a8800000, 0x00000005a9000000|  0%| F|  |TAMS 0x00000005a8800000, 0x00000005a8800000| Untracked 
| 594|0x00000005a9000000, 0x00000005a9000000, 0x00000005a9800000|  0%| F|  |TAMS 0x00000005a9000000, 0x00000005a9000000| Untracked 
| 595|0x00000005a9800000, 0x00000005a9800000, 0x00000005aa000000|  0%| F|  |TAMS 0x00000005a9800000, 0x00000005a9800000| Untracked 
| 596|0x00000005aa000000, 0x00000005aa000000, 0x00000005aa800000|  0%| F|  |TAMS 0x00000005aa000000, 0x00000005aa000000| Untracked 
| 597|0x00000005aa800000, 0x00000005aa800000, 0x00000005ab000000|  0%| F|  |TAMS 0x00000005aa800000, 0x00000005aa800000| Untracked 
| 598|0x00000005ab000000, 0x00000005ab000000, 0x00000005ab800000|  0%| F|  |TAMS 0x00000005ab000000, 0x00000005ab000000| Untracked 
| 599|0x00000005ab800000, 0x00000005ab800000, 0x00000005ac000000|  0%| F|  |TAMS 0x00000005ab800000, 0x00000005ab800000| Untracked 
| 600|0x00000005ac000000, 0x00000005ac000000, 0x00000005ac800000|  0%| F|  |TAMS 0x00000005ac000000, 0x00000005ac000000| Untracked 
| 601|0x00000005ac800000, 0x00000005ac800000, 0x00000005ad000000|  0%| F|  |TAMS 0x00000005ac800000, 0x00000005ac800000| Untracked 
| 602|0x00000005ad000000, 0x00000005ad000000, 0x00000005ad800000|  0%| F|  |TAMS 0x00000005ad000000, 0x00000005ad000000| Untracked 
| 603|0x00000005ad800000, 0x00000005ad800000, 0x00000005ae000000|  0%| F|  |TAMS 0x00000005ad800000, 0x00000005ad800000| Untracked 
| 604|0x00000005ae000000, 0x00000005ae000000, 0x00000005ae800000|  0%| F|  |TAMS 0x00000005ae000000, 0x00000005ae000000| Untracked 
| 605|0x00000005ae800000, 0x00000005ae800000, 0x00000005af000000|  0%| F|  |TAMS 0x00000005ae800000, 0x00000005ae800000| Untracked 
| 606|0x00000005af000000, 0x00000005af000000, 0x00000005af800000|  0%| F|  |TAMS 0x00000005af000000, 0x00000005af000000| Untracked 
| 607|0x00000005af800000, 0x00000005af800000, 0x00000005b0000000|  0%| F|  |TAMS 0x00000005af800000, 0x00000005af800000| Untracked 
| 608|0x00000005b0000000, 0x00000005b0000000, 0x00000005b0800000|  0%| F|  |TAMS 0x00000005b0000000, 0x00000005b0000000| Untracked 
| 609|0x00000005b0800000, 0x00000005b0800000, 0x00000005b1000000|  0%| F|  |TAMS 0x00000005b0800000, 0x00000005b0800000| Untracked 
| 610|0x00000005b1000000, 0x00000005b1000000, 0x00000005b1800000|  0%| F|  |TAMS 0x00000005b1000000, 0x00000005b1000000| Untracked 
| 611|0x00000005b1800000, 0x00000005b1800000, 0x00000005b2000000|  0%| F|  |TAMS 0x00000005b1800000, 0x00000005b1800000| Untracked 
| 612|0x00000005b2000000, 0x00000005b2000000, 0x00000005b2800000|  0%| F|  |TAMS 0x00000005b2000000, 0x00000005b2000000| Untracked 
| 613|0x00000005b2800000, 0x00000005b2800000, 0x00000005b3000000|  0%| F|  |TAMS 0x00000005b2800000, 0x00000005b2800000| Untracked 
| 614|0x00000005b3000000, 0x00000005b3000000, 0x00000005b3800000|  0%| F|  |TAMS 0x00000005b3000000, 0x00000005b3000000| Untracked 
| 615|0x00000005b3800000, 0x00000005b3800000, 0x00000005b4000000|  0%| F|  |TAMS 0x00000005b3800000, 0x00000005b3800000| Untracked 
| 616|0x00000005b4000000, 0x00000005b4000000, 0x00000005b4800000|  0%| F|  |TAMS 0x00000005b4000000, 0x00000005b4000000| Untracked 
| 617|0x00000005b4800000, 0x00000005b4800000, 0x00000005b5000000|  0%| F|  |TAMS 0x00000005b4800000, 0x00000005b4800000| Untracked 
| 618|0x00000005b5000000, 0x00000005b5000000, 0x00000005b5800000|  0%| F|  |TAMS 0x00000005b5000000, 0x00000005b5000000| Untracked 
| 619|0x00000005b5800000, 0x00000005b5800000, 0x00000005b6000000|  0%| F|  |TAMS 0x00000005b5800000, 0x00000005b5800000| Untracked 
| 620|0x00000005b6000000, 0x00000005b6000000, 0x00000005b6800000|  0%| F|  |TAMS 0x00000005b6000000, 0x00000005b6000000| Untracked 
| 621|0x00000005b6800000, 0x00000005b6800000, 0x00000005b7000000|  0%| F|  |TAMS 0x00000005b6800000, 0x00000005b6800000| Untracked 
| 622|0x00000005b7000000, 0x00000005b7000000, 0x00000005b7800000|  0%| F|  |TAMS 0x00000005b7000000, 0x00000005b7000000| Untracked 
| 623|0x00000005b7800000, 0x00000005b7800000, 0x00000005b8000000|  0%| F|  |TAMS 0x00000005b7800000, 0x00000005b7800000| Untracked 
| 624|0x00000005b8000000, 0x00000005b8000000, 0x00000005b8800000|  0%| F|  |TAMS 0x00000005b8000000, 0x00000005b8000000| Untracked 
| 625|0x00000005b8800000, 0x00000005b8800000, 0x00000005b9000000|  0%| F|  |TAMS 0x00000005b8800000, 0x00000005b8800000| Untracked 
| 626|0x00000005b9000000, 0x00000005b9000000, 0x00000005b9800000|  0%| F|  |TAMS 0x00000005b9000000, 0x00000005b9000000| Untracked 
| 627|0x00000005b9800000, 0x00000005b9800000, 0x00000005ba000000|  0%| F|  |TAMS 0x00000005b9800000, 0x00000005b9800000| Untracked 
| 628|0x00000005ba000000, 0x00000005ba000000, 0x00000005ba800000|  0%| F|  |TAMS 0x00000005ba000000, 0x00000005ba000000| Untracked 
| 629|0x00000005ba800000, 0x00000005ba800000, 0x00000005bb000000|  0%| F|  |TAMS 0x00000005ba800000, 0x00000005ba800000| Untracked 
| 630|0x00000005bb000000, 0x00000005bb000000, 0x00000005bb800000|  0%| F|  |TAMS 0x00000005bb000000, 0x00000005bb000000| Untracked 
| 631|0x00000005bb800000, 0x00000005bb800000, 0x00000005bc000000|  0%| F|  |TAMS 0x00000005bb800000, 0x00000005bb800000| Untracked 
| 632|0x00000005bc000000, 0x00000005bc000000, 0x00000005bc800000|  0%| F|  |TAMS 0x00000005bc000000, 0x00000005bc000000| Untracked 
| 633|0x00000005bc800000, 0x00000005bc800000, 0x00000005bd000000|  0%| F|  |TAMS 0x00000005bc800000, 0x00000005bc800000| Untracked 
| 634|0x00000005bd000000, 0x00000005bd000000, 0x00000005bd800000|  0%| F|  |TAMS 0x00000005bd000000, 0x00000005bd000000| Untracked 
| 635|0x00000005bd800000, 0x00000005bd800000, 0x00000005be000000|  0%| F|  |TAMS 0x00000005bd800000, 0x00000005bd800000| Untracked 
| 636|0x00000005be000000, 0x00000005be000000, 0x00000005be800000|  0%| F|  |TAMS 0x00000005be000000, 0x00000005be000000| Untracked 
| 637|0x00000005be800000, 0x00000005be800000, 0x00000005bf000000|  0%| F|  |TAMS 0x00000005be800000, 0x00000005be800000| Untracked 
| 638|0x00000005bf000000, 0x00000005bf000000, 0x00000005bf800000|  0%| F|  |TAMS 0x00000005bf000000, 0x00000005bf000000| Untracked 
| 639|0x00000005bf800000, 0x00000005bf800000, 0x00000005c0000000|  0%| F|  |TAMS 0x00000005bf800000, 0x00000005bf800000| Untracked 
| 640|0x00000005c0000000, 0x00000005c0000000, 0x00000005c0800000|  0%| F|  |TAMS 0x00000005c0000000, 0x00000005c0000000| Untracked 
| 641|0x00000005c0800000, 0x00000005c0800000, 0x00000005c1000000|  0%| F|  |TAMS 0x00000005c0800000, 0x00000005c0800000| Untracked 
| 642|0x00000005c1000000, 0x00000005c1000000, 0x00000005c1800000|  0%| F|  |TAMS 0x00000005c1000000, 0x00000005c1000000| Untracked 
| 643|0x00000005c1800000, 0x00000005c1800000, 0x00000005c2000000|  0%| F|  |TAMS 0x00000005c1800000, 0x00000005c1800000| Untracked 
| 644|0x00000005c2000000, 0x00000005c2000000, 0x00000005c2800000|  0%| F|  |TAMS 0x00000005c2000000, 0x00000005c2000000| Untracked 
| 645|0x00000005c2800000, 0x00000005c2800000, 0x00000005c3000000|  0%| F|  |TAMS 0x00000005c2800000, 0x00000005c2800000| Untracked 
| 646|0x00000005c3000000, 0x00000005c3000000, 0x00000005c3800000|  0%| F|  |TAMS 0x00000005c3000000, 0x00000005c3000000| Untracked 
| 647|0x00000005c3800000, 0x00000005c3800000, 0x00000005c4000000|  0%| F|  |TAMS 0x00000005c3800000, 0x00000005c3800000| Untracked 
| 648|0x00000005c4000000, 0x00000005c4000000, 0x00000005c4800000|  0%| F|  |TAMS 0x00000005c4000000, 0x00000005c4000000| Untracked 
| 649|0x00000005c4800000, 0x00000005c4800000, 0x00000005c5000000|  0%| F|  |TAMS 0x00000005c4800000, 0x00000005c4800000| Untracked 
| 650|0x00000005c5000000, 0x00000005c5000000, 0x00000005c5800000|  0%| F|  |TAMS 0x00000005c5000000, 0x00000005c5000000| Untracked 
| 651|0x00000005c5800000, 0x00000005c5800000, 0x00000005c6000000|  0%| F|  |TAMS 0x00000005c5800000, 0x00000005c5800000| Untracked 
| 652|0x00000005c6000000, 0x00000005c6000000, 0x00000005c6800000|  0%| F|  |TAMS 0x00000005c6000000, 0x00000005c6000000| Untracked 
| 653|0x00000005c6800000, 0x00000005c6800000, 0x00000005c7000000|  0%| F|  |TAMS 0x00000005c6800000, 0x00000005c6800000| Untracked 
| 654|0x00000005c7000000, 0x00000005c7000000, 0x00000005c7800000|  0%| F|  |TAMS 0x00000005c7000000, 0x00000005c7000000| Untracked 
| 655|0x00000005c7800000, 0x00000005c7800000, 0x00000005c8000000|  0%| F|  |TAMS 0x00000005c7800000, 0x00000005c7800000| Untracked 
| 656|0x00000005c8000000, 0x00000005c8000000, 0x00000005c8800000|  0%| F|  |TAMS 0x00000005c8000000, 0x00000005c8000000| Untracked 
| 657|0x00000005c8800000, 0x00000005c8800000, 0x00000005c9000000|  0%| F|  |TAMS 0x00000005c8800000, 0x00000005c8800000| Untracked 
| 658|0x00000005c9000000, 0x00000005c9000000, 0x00000005c9800000|  0%| F|  |TAMS 0x00000005c9000000, 0x00000005c9000000| Untracked 
| 659|0x00000005c9800000, 0x00000005c9800000, 0x00000005ca000000|  0%| F|  |TAMS 0x00000005c9800000, 0x00000005c9800000| Untracked 
| 660|0x00000005ca000000, 0x00000005ca000000, 0x00000005ca800000|  0%| F|  |TAMS 0x00000005ca000000, 0x00000005ca000000| Untracked 
| 661|0x00000005ca800000, 0x00000005ca800000, 0x00000005cb000000|  0%| F|  |TAMS 0x00000005ca800000, 0x00000005ca800000| Untracked 
| 662|0x00000005cb000000, 0x00000005cb000000, 0x00000005cb800000|  0%| F|  |TAMS 0x00000005cb000000, 0x00000005cb000000| Untracked 
| 663|0x00000005cb800000, 0x00000005cb800000, 0x00000005cc000000|  0%| F|  |TAMS 0x00000005cb800000, 0x00000005cb800000| Untracked 
| 664|0x00000005cc000000, 0x00000005cc000000, 0x00000005cc800000|  0%| F|  |TAMS 0x00000005cc000000, 0x00000005cc000000| Untracked 
| 665|0x00000005cc800000, 0x00000005cc800000, 0x00000005cd000000|  0%| F|  |TAMS 0x00000005cc800000, 0x00000005cc800000| Untracked 
| 666|0x00000005cd000000, 0x00000005cd000000, 0x00000005cd800000|  0%| F|  |TAMS 0x00000005cd000000, 0x00000005cd000000| Untracked 
| 667|0x00000005cd800000, 0x00000005cd800000, 0x00000005ce000000|  0%| F|  |TAMS 0x00000005cd800000, 0x00000005cd800000| Untracked 
| 668|0x00000005ce000000, 0x00000005ce000000, 0x00000005ce800000|  0%| F|  |TAMS 0x00000005ce000000, 0x00000005ce000000| Untracked 
| 669|0x00000005ce800000, 0x00000005ce800000, 0x00000005cf000000|  0%| F|  |TAMS 0x00000005ce800000, 0x00000005ce800000| Untracked 
| 670|0x00000005cf000000, 0x00000005cf000000, 0x00000005cf800000|  0%| F|  |TAMS 0x00000005cf000000, 0x00000005cf000000| Untracked 
| 671|0x00000005cf800000, 0x00000005cf800000, 0x00000005d0000000|  0%| F|  |TAMS 0x00000005cf800000, 0x00000005cf800000| Untracked 
| 672|0x00000005d0000000, 0x00000005d0000000, 0x00000005d0800000|  0%| F|  |TAMS 0x00000005d0000000, 0x00000005d0000000| Untracked 
| 673|0x00000005d0800000, 0x00000005d0800000, 0x00000005d1000000|  0%| F|  |TAMS 0x00000005d0800000, 0x00000005d0800000| Untracked 
| 674|0x00000005d1000000, 0x00000005d1000000, 0x00000005d1800000|  0%| F|  |TAMS 0x00000005d1000000, 0x00000005d1000000| Untracked 
| 675|0x00000005d1800000, 0x00000005d1800000, 0x00000005d2000000|  0%| F|  |TAMS 0x00000005d1800000, 0x00000005d1800000| Untracked 
| 676|0x00000005d2000000, 0x00000005d2000000, 0x00000005d2800000|  0%| F|  |TAMS 0x00000005d2000000, 0x00000005d2000000| Untracked 
| 677|0x00000005d2800000, 0x00000005d2800000, 0x00000005d3000000|  0%| F|  |TAMS 0x00000005d2800000, 0x00000005d2800000| Untracked 
| 678|0x00000005d3000000, 0x00000005d3000000, 0x00000005d3800000|  0%| F|  |TAMS 0x00000005d3000000, 0x00000005d3000000| Untracked 
| 679|0x00000005d3800000, 0x00000005d3800000, 0x00000005d4000000|  0%| F|  |TAMS 0x00000005d3800000, 0x00000005d3800000| Untracked 
| 680|0x00000005d4000000, 0x00000005d4000000, 0x00000005d4800000|  0%| F|  |TAMS 0x00000005d4000000, 0x00000005d4000000| Untracked 
| 681|0x00000005d4800000, 0x00000005d4800000, 0x00000005d5000000|  0%| F|  |TAMS 0x00000005d4800000, 0x00000005d4800000| Untracked 
| 682|0x00000005d5000000, 0x00000005d5000000, 0x00000005d5800000|  0%| F|  |TAMS 0x00000005d5000000, 0x00000005d5000000| Untracked 
| 683|0x00000005d5800000, 0x00000005d5800000, 0x00000005d6000000|  0%| F|  |TAMS 0x00000005d5800000, 0x00000005d5800000| Untracked 
| 684|0x00000005d6000000, 0x00000005d6000000, 0x00000005d6800000|  0%| F|  |TAMS 0x00000005d6000000, 0x00000005d6000000| Untracked 
| 685|0x00000005d6800000, 0x00000005d6800000, 0x00000005d7000000|  0%| F|  |TAMS 0x00000005d6800000, 0x00000005d6800000| Untracked 
| 686|0x00000005d7000000, 0x00000005d7000000, 0x00000005d7800000|  0%| F|  |TAMS 0x00000005d7000000, 0x00000005d7000000| Untracked 
| 687|0x00000005d7800000, 0x00000005d7800000, 0x00000005d8000000|  0%| F|  |TAMS 0x00000005d7800000, 0x00000005d7800000| Untracked 
| 688|0x00000005d8000000, 0x00000005d8000000, 0x00000005d8800000|  0%| F|  |TAMS 0x00000005d8000000, 0x00000005d8000000| Untracked 
| 689|0x00000005d8800000, 0x00000005d8800000, 0x00000005d9000000|  0%| F|  |TAMS 0x00000005d8800000, 0x00000005d8800000| Untracked 
| 690|0x00000005d9000000, 0x00000005d9000000, 0x00000005d9800000|  0%| F|  |TAMS 0x00000005d9000000, 0x00000005d9000000| Untracked 
| 691|0x00000005d9800000, 0x00000005d9800000, 0x00000005da000000|  0%| F|  |TAMS 0x00000005d9800000, 0x00000005d9800000| Untracked 
| 692|0x00000005da000000, 0x00000005da000000, 0x00000005da800000|  0%| F|  |TAMS 0x00000005da000000, 0x00000005da000000| Untracked 
| 693|0x00000005da800000, 0x00000005da800000, 0x00000005db000000|  0%| F|  |TAMS 0x00000005da800000, 0x00000005da800000| Untracked 
| 694|0x00000005db000000, 0x00000005db000000, 0x00000005db800000|  0%| F|  |TAMS 0x00000005db000000, 0x00000005db000000| Untracked 
| 695|0x00000005db800000, 0x00000005db800000, 0x00000005dc000000|  0%| F|  |TAMS 0x00000005db800000, 0x00000005db800000| Untracked 
| 696|0x00000005dc000000, 0x00000005dc000000, 0x00000005dc800000|  0%| F|  |TAMS 0x00000005dc000000, 0x00000005dc000000| Untracked 
| 697|0x00000005dc800000, 0x00000005dc800000, 0x00000005dd000000|  0%| F|  |TAMS 0x00000005dc800000, 0x00000005dc800000| Untracked 
| 698|0x00000005dd000000, 0x00000005dd000000, 0x00000005dd800000|  0%| F|  |TAMS 0x00000005dd000000, 0x00000005dd000000| Untracked 
| 699|0x00000005dd800000, 0x00000005dd800000, 0x00000005de000000|  0%| F|  |TAMS 0x00000005dd800000, 0x00000005dd800000| Untracked 
| 700|0x00000005de000000, 0x00000005de000000, 0x00000005de800000|  0%| F|  |TAMS 0x00000005de000000, 0x00000005de000000| Untracked 
| 701|0x00000005de800000, 0x00000005de800000, 0x00000005df000000|  0%| F|  |TAMS 0x00000005de800000, 0x00000005de800000| Untracked 
| 702|0x00000005df000000, 0x00000005df000000, 0x00000005df800000|  0%| F|  |TAMS 0x00000005df000000, 0x00000005df000000| Untracked 
| 703|0x00000005df800000, 0x00000005df800000, 0x00000005e0000000|  0%| F|  |TAMS 0x00000005df800000, 0x00000005df800000| Untracked 
| 704|0x00000005e0000000, 0x00000005e0000000, 0x00000005e0800000|  0%| F|  |TAMS 0x00000005e0000000, 0x00000005e0000000| Untracked 
| 705|0x00000005e0800000, 0x00000005e0800000, 0x00000005e1000000|  0%| F|  |TAMS 0x00000005e0800000, 0x00000005e0800000| Untracked 
| 706|0x00000005e1000000, 0x00000005e1000000, 0x00000005e1800000|  0%| F|  |TAMS 0x00000005e1000000, 0x00000005e1000000| Untracked 
| 707|0x00000005e1800000, 0x00000005e1800000, 0x00000005e2000000|  0%| F|  |TAMS 0x00000005e1800000, 0x00000005e1800000| Untracked 
| 708|0x00000005e2000000, 0x00000005e2000000, 0x00000005e2800000|  0%| F|  |TAMS 0x00000005e2000000, 0x00000005e2000000| Untracked 
| 709|0x00000005e2800000, 0x00000005e2800000, 0x00000005e3000000|  0%| F|  |TAMS 0x00000005e2800000, 0x00000005e2800000| Untracked 
| 710|0x00000005e3000000, 0x00000005e3000000, 0x00000005e3800000|  0%| F|  |TAMS 0x00000005e3000000, 0x00000005e3000000| Untracked 
| 711|0x00000005e3800000, 0x00000005e3800000, 0x00000005e4000000|  0%| F|  |TAMS 0x00000005e3800000, 0x00000005e3800000| Untracked 
| 712|0x00000005e4000000, 0x00000005e4000000, 0x00000005e4800000|  0%| F|  |TAMS 0x00000005e4000000, 0x00000005e4000000| Untracked 
| 713|0x00000005e4800000, 0x00000005e4800000, 0x00000005e5000000|  0%| F|  |TAMS 0x00000005e4800000, 0x00000005e4800000| Untracked 
| 714|0x00000005e5000000, 0x00000005e5000000, 0x00000005e5800000|  0%| F|  |TAMS 0x00000005e5000000, 0x00000005e5000000| Untracked 
| 715|0x00000005e5800000, 0x00000005e5800000, 0x00000005e6000000|  0%| F|  |TAMS 0x00000005e5800000, 0x00000005e5800000| Untracked 
| 716|0x00000005e6000000, 0x00000005e6000000, 0x00000005e6800000|  0%| F|  |TAMS 0x00000005e6000000, 0x00000005e6000000| Untracked 
| 717|0x00000005e6800000, 0x00000005e6800000, 0x00000005e7000000|  0%| F|  |TAMS 0x00000005e6800000, 0x00000005e6800000| Untracked 
| 718|0x00000005e7000000, 0x00000005e7000000, 0x00000005e7800000|  0%| F|  |TAMS 0x00000005e7000000, 0x00000005e7000000| Untracked 
| 719|0x00000005e7800000, 0x00000005e7800000, 0x00000005e8000000|  0%| F|  |TAMS 0x00000005e7800000, 0x00000005e7800000| Untracked 
| 720|0x00000005e8000000, 0x00000005e8000000, 0x00000005e8800000|  0%| F|  |TAMS 0x00000005e8000000, 0x00000005e8000000| Untracked 
| 721|0x00000005e8800000, 0x00000005e8800000, 0x00000005e9000000|  0%| F|  |TAMS 0x00000005e8800000, 0x00000005e8800000| Untracked 
| 722|0x00000005e9000000, 0x00000005e9000000, 0x00000005e9800000|  0%| F|  |TAMS 0x00000005e9000000, 0x00000005e9000000| Untracked 
| 723|0x00000005e9800000, 0x00000005e9800000, 0x00000005ea000000|  0%| F|  |TAMS 0x00000005e9800000, 0x00000005e9800000| Untracked 
| 724|0x00000005ea000000, 0x00000005ea000000, 0x00000005ea800000|  0%| F|  |TAMS 0x00000005ea000000, 0x00000005ea000000| Untracked 
| 725|0x00000005ea800000, 0x00000005ea800000, 0x00000005eb000000|  0%| F|  |TAMS 0x00000005ea800000, 0x00000005ea800000| Untracked 
| 726|0x00000005eb000000, 0x00000005eb000000, 0x00000005eb800000|  0%| F|  |TAMS 0x00000005eb000000, 0x00000005eb000000| Untracked 
| 727|0x00000005eb800000, 0x00000005eb800000, 0x00000005ec000000|  0%| F|  |TAMS 0x00000005eb800000, 0x00000005eb800000| Untracked 
| 728|0x00000005ec000000, 0x00000005ec000000, 0x00000005ec800000|  0%| F|  |TAMS 0x00000005ec000000, 0x00000005ec000000| Untracked 
| 729|0x00000005ec800000, 0x00000005ec800000, 0x00000005ed000000|  0%| F|  |TAMS 0x00000005ec800000, 0x00000005ec800000| Untracked 
| 730|0x00000005ed000000, 0x00000005ed000000, 0x00000005ed800000|  0%| F|  |TAMS 0x00000005ed000000, 0x00000005ed000000| Untracked 
| 731|0x00000005ed800000, 0x00000005ed800000, 0x00000005ee000000|  0%| F|  |TAMS 0x00000005ed800000, 0x00000005ed800000| Untracked 
| 732|0x00000005ee000000, 0x00000005ee000000, 0x00000005ee800000|  0%| F|  |TAMS 0x00000005ee000000, 0x00000005ee000000| Untracked 
| 733|0x00000005ee800000, 0x00000005ee800000, 0x00000005ef000000|  0%| F|  |TAMS 0x00000005ee800000, 0x00000005ee800000| Untracked 
| 734|0x00000005ef000000, 0x00000005ef000000, 0x00000005ef800000|  0%| F|  |TAMS 0x00000005ef000000, 0x00000005ef000000| Untracked 
| 735|0x00000005ef800000, 0x00000005ef800000, 0x00000005f0000000|  0%| F|  |TAMS 0x00000005ef800000, 0x00000005ef800000| Untracked 
| 736|0x00000005f0000000, 0x00000005f0000000, 0x00000005f0800000|  0%| F|  |TAMS 0x00000005f0000000, 0x00000005f0000000| Untracked 
| 737|0x00000005f0800000, 0x00000005f0800000, 0x00000005f1000000|  0%| F|  |TAMS 0x00000005f0800000, 0x00000005f0800000| Untracked 
| 738|0x00000005f1000000, 0x00000005f1000000, 0x00000005f1800000|  0%| F|  |TAMS 0x00000005f1000000, 0x00000005f1000000| Untracked 
| 739|0x00000005f1800000, 0x00000005f1800000, 0x00000005f2000000|  0%| F|  |TAMS 0x00000005f1800000, 0x00000005f1800000| Untracked 
| 740|0x00000005f2000000, 0x00000005f2000000, 0x00000005f2800000|  0%| F|  |TAMS 0x00000005f2000000, 0x00000005f2000000| Untracked 
| 741|0x00000005f2800000, 0x00000005f2800000, 0x00000005f3000000|  0%| F|  |TAMS 0x00000005f2800000, 0x00000005f2800000| Untracked 
| 742|0x00000005f3000000, 0x00000005f3000000, 0x00000005f3800000|  0%| F|  |TAMS 0x00000005f3000000, 0x00000005f3000000| Untracked 
| 743|0x00000005f3800000, 0x00000005f3800000, 0x00000005f4000000|  0%| F|  |TAMS 0x00000005f3800000, 0x00000005f3800000| Untracked 
| 744|0x00000005f4000000, 0x00000005f4000000, 0x00000005f4800000|  0%| F|  |TAMS 0x00000005f4000000, 0x00000005f4000000| Untracked 
| 745|0x00000005f4800000, 0x00000005f4800000, 0x00000005f5000000|  0%| F|  |TAMS 0x00000005f4800000, 0x00000005f4800000| Untracked 
| 746|0x00000005f5000000, 0x00000005f5000000, 0x00000005f5800000|  0%| F|  |TAMS 0x00000005f5000000, 0x00000005f5000000| Untracked 
| 747|0x00000005f5800000, 0x00000005f5800000, 0x00000005f6000000|  0%| F|  |TAMS 0x00000005f5800000, 0x00000005f5800000| Untracked 
| 748|0x00000005f6000000, 0x00000005f6000000, 0x00000005f6800000|  0%| F|  |TAMS 0x00000005f6000000, 0x00000005f6000000| Untracked 
| 749|0x00000005f6800000, 0x00000005f6800000, 0x00000005f7000000|  0%| F|  |TAMS 0x00000005f6800000, 0x00000005f6800000| Untracked 
| 750|0x00000005f7000000, 0x00000005f7000000, 0x00000005f7800000|  0%| F|  |TAMS 0x00000005f7000000, 0x00000005f7000000| Untracked 
| 751|0x00000005f7800000, 0x00000005f7800000, 0x00000005f8000000|  0%| F|  |TAMS 0x00000005f7800000, 0x00000005f7800000| Untracked 
| 752|0x00000005f8000000, 0x00000005f8000000, 0x00000005f8800000|  0%| F|  |TAMS 0x00000005f8000000, 0x00000005f8000000| Untracked 
| 753|0x00000005f8800000, 0x00000005f8800000, 0x00000005f9000000|  0%| F|  |TAMS 0x00000005f8800000, 0x00000005f8800000| Untracked 
| 754|0x00000005f9000000, 0x00000005f9000000, 0x00000005f9800000|  0%| F|  |TAMS 0x00000005f9000000, 0x00000005f9000000| Untracked 
| 755|0x00000005f9800000, 0x00000005f9800000, 0x00000005fa000000|  0%| F|  |TAMS 0x00000005f9800000, 0x00000005f9800000| Untracked 
| 756|0x00000005fa000000, 0x00000005fa000000, 0x00000005fa800000|  0%| F|  |TAMS 0x00000005fa000000, 0x00000005fa000000| Untracked 
| 757|0x00000005fa800000, 0x00000005fa800000, 0x00000005fb000000|  0%| F|  |TAMS 0x00000005fa800000, 0x00000005fa800000| Untracked 
| 758|0x00000005fb000000, 0x00000005fb000000, 0x00000005fb800000|  0%| F|  |TAMS 0x00000005fb000000, 0x00000005fb000000| Untracked 
| 759|0x00000005fb800000, 0x00000005fb800000, 0x00000005fc000000|  0%| F|  |TAMS 0x00000005fb800000, 0x00000005fb800000| Untracked 
| 760|0x00000005fc000000, 0x00000005fc000000, 0x00000005fc800000|  0%| F|  |TAMS 0x00000005fc000000, 0x00000005fc000000| Untracked 
| 761|0x00000005fc800000, 0x00000005fc800000, 0x00000005fd000000|  0%| F|  |TAMS 0x00000005fc800000, 0x00000005fc800000| Untracked 
| 762|0x00000005fd000000, 0x00000005fd000000, 0x00000005fd800000|  0%| F|  |TAMS 0x00000005fd000000, 0x00000005fd000000| Untracked 
| 763|0x00000005fd800000, 0x00000005fd800000, 0x00000005fe000000|  0%| F|  |TAMS 0x00000005fd800000, 0x00000005fd800000| Untracked 
| 764|0x00000005fe000000, 0x00000005fe000000, 0x00000005fe800000|  0%| F|  |TAMS 0x00000005fe000000, 0x00000005fe000000| Untracked 
| 765|0x00000005fe800000, 0x00000005fe800000, 0x00000005ff000000|  0%| F|  |TAMS 0x00000005fe800000, 0x00000005fe800000| Untracked 
| 766|0x00000005ff000000, 0x00000005ff000000, 0x00000005ff800000|  0%| F|  |TAMS 0x00000005ff000000, 0x00000005ff000000| Untracked 
| 767|0x00000005ff800000, 0x00000005ff800000, 0x0000000600000000|  0%| F|  |TAMS 0x00000005ff800000, 0x00000005ff800000| Untracked 
| 768|0x0000000600000000, 0x0000000600000000, 0x0000000600800000|  0%| F|  |TAMS 0x0000000600000000, 0x0000000600000000| Untracked 
| 769|0x0000000600800000, 0x0000000600800000, 0x0000000601000000|  0%| F|  |TAMS 0x0000000600800000, 0x0000000600800000| Untracked 
| 770|0x0000000601000000, 0x0000000601000000, 0x0000000601800000|  0%| F|  |TAMS 0x0000000601000000, 0x0000000601000000| Untracked 
| 771|0x0000000601800000, 0x0000000601800000, 0x0000000602000000|  0%| F|  |TAMS 0x0000000601800000, 0x0000000601800000| Untracked 
| 772|0x0000000602000000, 0x0000000602000000, 0x0000000602800000|  0%| F|  |TAMS 0x0000000602000000, 0x0000000602000000| Untracked 
| 773|0x0000000602800000, 0x0000000602800000, 0x0000000603000000|  0%| F|  |TAMS 0x0000000602800000, 0x0000000602800000| Untracked 
| 774|0x0000000603000000, 0x0000000603000000, 0x0000000603800000|  0%| F|  |TAMS 0x0000000603000000, 0x0000000603000000| Untracked 
| 775|0x0000000603800000, 0x0000000603800000, 0x0000000604000000|  0%| F|  |TAMS 0x0000000603800000, 0x0000000603800000| Untracked 
| 776|0x0000000604000000, 0x0000000604000000, 0x0000000604800000|  0%| F|  |TAMS 0x0000000604000000, 0x0000000604000000| Untracked 
| 777|0x0000000604800000, 0x0000000604800000, 0x0000000605000000|  0%| F|  |TAMS 0x0000000604800000, 0x0000000604800000| Untracked 
| 778|0x0000000605000000, 0x0000000605000000, 0x0000000605800000|  0%| F|  |TAMS 0x0000000605000000, 0x0000000605000000| Untracked 
| 779|0x0000000605800000, 0x0000000605800000, 0x0000000606000000|  0%| F|  |TAMS 0x0000000605800000, 0x0000000605800000| Untracked 
| 780|0x0000000606000000, 0x0000000606000000, 0x0000000606800000|  0%| F|  |TAMS 0x0000000606000000, 0x0000000606000000| Untracked 
| 781|0x0000000606800000, 0x0000000606800000, 0x0000000607000000|  0%| F|  |TAMS 0x0000000606800000, 0x0000000606800000| Untracked 
| 782|0x0000000607000000, 0x0000000607000000, 0x0000000607800000|  0%| F|  |TAMS 0x0000000607000000, 0x0000000607000000| Untracked 
| 783|0x0000000607800000, 0x0000000607800000, 0x0000000608000000|  0%| F|  |TAMS 0x0000000607800000, 0x0000000607800000| Untracked 
| 784|0x0000000608000000, 0x0000000608000000, 0x0000000608800000|  0%| F|  |TAMS 0x0000000608000000, 0x0000000608000000| Untracked 
| 785|0x0000000608800000, 0x0000000608800000, 0x0000000609000000|  0%| F|  |TAMS 0x0000000608800000, 0x0000000608800000| Untracked 
| 786|0x0000000609000000, 0x0000000609000000, 0x0000000609800000|  0%| F|  |TAMS 0x0000000609000000, 0x0000000609000000| Untracked 
| 787|0x0000000609800000, 0x0000000609800000, 0x000000060a000000|  0%| F|  |TAMS 0x0000000609800000, 0x0000000609800000| Untracked 
| 788|0x000000060a000000, 0x000000060a000000, 0x000000060a800000|  0%| F|  |TAMS 0x000000060a000000, 0x000000060a000000| Untracked 
| 789|0x000000060a800000, 0x000000060a800000, 0x000000060b000000|  0%| F|  |TAMS 0x000000060a800000, 0x000000060a800000| Untracked 
| 790|0x000000060b000000, 0x000000060b000000, 0x000000060b800000|  0%| F|  |TAMS 0x000000060b000000, 0x000000060b000000| Untracked 
| 791|0x000000060b800000, 0x000000060b800000, 0x000000060c000000|  0%| F|  |TAMS 0x000000060b800000, 0x000000060b800000| Untracked 
| 792|0x000000060c000000, 0x000000060c000000, 0x000000060c800000|  0%| F|  |TAMS 0x000000060c000000, 0x000000060c000000| Untracked 
| 793|0x000000060c800000, 0x000000060c800000, 0x000000060d000000|  0%| F|  |TAMS 0x000000060c800000, 0x000000060c800000| Untracked 
| 794|0x000000060d000000, 0x000000060d000000, 0x000000060d800000|  0%| F|  |TAMS 0x000000060d000000, 0x000000060d000000| Untracked 
| 795|0x000000060d800000, 0x000000060d800000, 0x000000060e000000|  0%| F|  |TAMS 0x000000060d800000, 0x000000060d800000| Untracked 
| 796|0x000000060e000000, 0x000000060e000000, 0x000000060e800000|  0%| F|  |TAMS 0x000000060e000000, 0x000000060e000000| Untracked 
| 797|0x000000060e800000, 0x000000060e800000, 0x000000060f000000|  0%| F|  |TAMS 0x000000060e800000, 0x000000060e800000| Untracked 
| 798|0x000000060f000000, 0x000000060f000000, 0x000000060f800000|  0%| F|  |TAMS 0x000000060f000000, 0x000000060f000000| Untracked 
| 799|0x000000060f800000, 0x000000060f800000, 0x0000000610000000|  0%| F|  |TAMS 0x000000060f800000, 0x000000060f800000| Untracked 
| 800|0x0000000610000000, 0x0000000610000000, 0x0000000610800000|  0%| F|  |TAMS 0x0000000610000000, 0x0000000610000000| Untracked 
| 801|0x0000000610800000, 0x0000000610800000, 0x0000000611000000|  0%| F|  |TAMS 0x0000000610800000, 0x0000000610800000| Untracked 
| 802|0x0000000611000000, 0x0000000611000000, 0x0000000611800000|  0%| F|  |TAMS 0x0000000611000000, 0x0000000611000000| Untracked 
| 803|0x0000000611800000, 0x0000000611800000, 0x0000000612000000|  0%| F|  |TAMS 0x0000000611800000, 0x0000000611800000| Untracked 
| 804|0x0000000612000000, 0x0000000612000000, 0x0000000612800000|  0%| F|  |TAMS 0x0000000612000000, 0x0000000612000000| Untracked 
| 805|0x0000000612800000, 0x0000000612800000, 0x0000000613000000|  0%| F|  |TAMS 0x0000000612800000, 0x0000000612800000| Untracked 
| 806|0x0000000613000000, 0x0000000613000000, 0x0000000613800000|  0%| F|  |TAMS 0x0000000613000000, 0x0000000613000000| Untracked 
| 807|0x0000000613800000, 0x0000000613800000, 0x0000000614000000|  0%| F|  |TAMS 0x0000000613800000, 0x0000000613800000| Untracked 
| 808|0x0000000614000000, 0x0000000614000000, 0x0000000614800000|  0%| F|  |TAMS 0x0000000614000000, 0x0000000614000000| Untracked 
| 809|0x0000000614800000, 0x0000000614800000, 0x0000000615000000|  0%| F|  |TAMS 0x0000000614800000, 0x0000000614800000| Untracked 
| 810|0x0000000615000000, 0x0000000615000000, 0x0000000615800000|  0%| F|  |TAMS 0x0000000615000000, 0x0000000615000000| Untracked 
| 811|0x0000000615800000, 0x0000000615800000, 0x0000000616000000|  0%| F|  |TAMS 0x0000000615800000, 0x0000000615800000| Untracked 
| 812|0x0000000616000000, 0x0000000616000000, 0x0000000616800000|  0%| F|  |TAMS 0x0000000616000000, 0x0000000616000000| Untracked 
| 813|0x0000000616800000, 0x0000000616800000, 0x0000000617000000|  0%| F|  |TAMS 0x0000000616800000, 0x0000000616800000| Untracked 
| 814|0x0000000617000000, 0x0000000617000000, 0x0000000617800000|  0%| F|  |TAMS 0x0000000617000000, 0x0000000617000000| Untracked 
| 815|0x0000000617800000, 0x0000000617800000, 0x0000000618000000|  0%| F|  |TAMS 0x0000000617800000, 0x0000000617800000| Untracked 
| 816|0x0000000618000000, 0x0000000618000000, 0x0000000618800000|  0%| F|  |TAMS 0x0000000618000000, 0x0000000618000000| Untracked 
| 817|0x0000000618800000, 0x0000000618800000, 0x0000000619000000|  0%| F|  |TAMS 0x0000000618800000, 0x0000000618800000| Untracked 
| 818|0x0000000619000000, 0x0000000619000000, 0x0000000619800000|  0%| F|  |TAMS 0x0000000619000000, 0x0000000619000000| Untracked 
| 819|0x0000000619800000, 0x0000000619800000, 0x000000061a000000|  0%| F|  |TAMS 0x0000000619800000, 0x0000000619800000| Untracked 
| 820|0x000000061a000000, 0x000000061a000000, 0x000000061a800000|  0%| F|  |TAMS 0x000000061a000000, 0x000000061a000000| Untracked 
| 821|0x000000061a800000, 0x000000061a800000, 0x000000061b000000|  0%| F|  |TAMS 0x000000061a800000, 0x000000061a800000| Untracked 
| 822|0x000000061b000000, 0x000000061b000000, 0x000000061b800000|  0%| F|  |TAMS 0x000000061b000000, 0x000000061b000000| Untracked 
| 823|0x000000061b800000, 0x000000061b800000, 0x000000061c000000|  0%| F|  |TAMS 0x000000061b800000, 0x000000061b800000| Untracked 
| 824|0x000000061c000000, 0x000000061c000000, 0x000000061c800000|  0%| F|  |TAMS 0x000000061c000000, 0x000000061c000000| Untracked 
| 825|0x000000061c800000, 0x000000061c800000, 0x000000061d000000|  0%| F|  |TAMS 0x000000061c800000, 0x000000061c800000| Untracked 
| 826|0x000000061d000000, 0x000000061d000000, 0x000000061d800000|  0%| F|  |TAMS 0x000000061d000000, 0x000000061d000000| Untracked 
| 827|0x000000061d800000, 0x000000061d800000, 0x000000061e000000|  0%| F|  |TAMS 0x000000061d800000, 0x000000061d800000| Untracked 
| 828|0x000000061e000000, 0x000000061e000000, 0x000000061e800000|  0%| F|  |TAMS 0x000000061e000000, 0x000000061e000000| Untracked 
| 829|0x000000061e800000, 0x000000061e800000, 0x000000061f000000|  0%| F|  |TAMS 0x000000061e800000, 0x000000061e800000| Untracked 
| 830|0x000000061f000000, 0x000000061f000000, 0x000000061f800000|  0%| F|  |TAMS 0x000000061f000000, 0x000000061f000000| Untracked 
| 831|0x000000061f800000, 0x000000061f800000, 0x0000000620000000|  0%| F|  |TAMS 0x000000061f800000, 0x000000061f800000| Untracked 
| 832|0x0000000620000000, 0x0000000620000000, 0x0000000620800000|  0%| F|  |TAMS 0x0000000620000000, 0x0000000620000000| Untracked 
| 833|0x0000000620800000, 0x0000000620800000, 0x0000000621000000|  0%| F|  |TAMS 0x0000000620800000, 0x0000000620800000| Untracked 
| 834|0x0000000621000000, 0x0000000621000000, 0x0000000621800000|  0%| F|  |TAMS 0x0000000621000000, 0x0000000621000000| Untracked 
| 835|0x0000000621800000, 0x0000000621800000, 0x0000000622000000|  0%| F|  |TAMS 0x0000000621800000, 0x0000000621800000| Untracked 
| 836|0x0000000622000000, 0x0000000622000000, 0x0000000622800000|  0%| F|  |TAMS 0x0000000622000000, 0x0000000622000000| Untracked 
| 837|0x0000000622800000, 0x0000000622800000, 0x0000000623000000|  0%| F|  |TAMS 0x0000000622800000, 0x0000000622800000| Untracked 
| 838|0x0000000623000000, 0x0000000623000000, 0x0000000623800000|  0%| F|  |TAMS 0x0000000623000000, 0x0000000623000000| Untracked 
| 839|0x0000000623800000, 0x0000000623800000, 0x0000000624000000|  0%| F|  |TAMS 0x0000000623800000, 0x0000000623800000| Untracked 
| 840|0x0000000624000000, 0x0000000624000000, 0x0000000624800000|  0%| F|  |TAMS 0x0000000624000000, 0x0000000624000000| Untracked 
| 841|0x0000000624800000, 0x0000000624800000, 0x0000000625000000|  0%| F|  |TAMS 0x0000000624800000, 0x0000000624800000| Untracked 
| 842|0x0000000625000000, 0x0000000625000000, 0x0000000625800000|  0%| F|  |TAMS 0x0000000625000000, 0x0000000625000000| Untracked 
| 843|0x0000000625800000, 0x0000000625800000, 0x0000000626000000|  0%| F|  |TAMS 0x0000000625800000, 0x0000000625800000| Untracked 
| 844|0x0000000626000000, 0x0000000626000000, 0x0000000626800000|  0%| F|  |TAMS 0x0000000626000000, 0x0000000626000000| Untracked 
| 845|0x0000000626800000, 0x0000000626800000, 0x0000000627000000|  0%| F|  |TAMS 0x0000000626800000, 0x0000000626800000| Untracked 
| 846|0x0000000627000000, 0x0000000627000000, 0x0000000627800000|  0%| F|  |TAMS 0x0000000627000000, 0x0000000627000000| Untracked 
| 847|0x0000000627800000, 0x0000000627800000, 0x0000000628000000|  0%| F|  |TAMS 0x0000000627800000, 0x0000000627800000| Untracked 
| 848|0x0000000628000000, 0x0000000628000000, 0x0000000628800000|  0%| F|  |TAMS 0x0000000628000000, 0x0000000628000000| Untracked 
| 849|0x0000000628800000, 0x0000000628800000, 0x0000000629000000|  0%| F|  |TAMS 0x0000000628800000, 0x0000000628800000| Untracked 
| 850|0x0000000629000000, 0x0000000629000000, 0x0000000629800000|  0%| F|  |TAMS 0x0000000629000000, 0x0000000629000000| Untracked 
| 851|0x0000000629800000, 0x0000000629800000, 0x000000062a000000|  0%| F|  |TAMS 0x0000000629800000, 0x0000000629800000| Untracked 
| 852|0x000000062a000000, 0x000000062a000000, 0x000000062a800000|  0%| F|  |TAMS 0x000000062a000000, 0x000000062a000000| Untracked 
| 853|0x000000062a800000, 0x000000062a800000, 0x000000062b000000|  0%| F|  |TAMS 0x000000062a800000, 0x000000062a800000| Untracked 
| 854|0x000000062b000000, 0x000000062b000000, 0x000000062b800000|  0%| F|  |TAMS 0x000000062b000000, 0x000000062b000000| Untracked 
| 855|0x000000062b800000, 0x000000062b800000, 0x000000062c000000|  0%| F|  |TAMS 0x000000062b800000, 0x000000062b800000| Untracked 
| 856|0x000000062c000000, 0x000000062c000000, 0x000000062c800000|  0%| F|  |TAMS 0x000000062c000000, 0x000000062c000000| Untracked 
| 857|0x000000062c800000, 0x000000062c800000, 0x000000062d000000|  0%| F|  |TAMS 0x000000062c800000, 0x000000062c800000| Untracked 
| 858|0x000000062d000000, 0x000000062d000000, 0x000000062d800000|  0%| F|  |TAMS 0x000000062d000000, 0x000000062d000000| Untracked 
| 859|0x000000062d800000, 0x000000062d800000, 0x000000062e000000|  0%| F|  |TAMS 0x000000062d800000, 0x000000062d800000| Untracked 
| 860|0x000000062e000000, 0x000000062e000000, 0x000000062e800000|  0%| F|  |TAMS 0x000000062e000000, 0x000000062e000000| Untracked 
| 861|0x000000062e800000, 0x000000062e800000, 0x000000062f000000|  0%| F|  |TAMS 0x000000062e800000, 0x000000062e800000| Untracked 
| 862|0x000000062f000000, 0x000000062f000000, 0x000000062f800000|  0%| F|  |TAMS 0x000000062f000000, 0x000000062f000000| Untracked 
| 863|0x000000062f800000, 0x000000062f800000, 0x0000000630000000|  0%| F|  |TAMS 0x000000062f800000, 0x000000062f800000| Untracked 
| 864|0x0000000630000000, 0x0000000630000000, 0x0000000630800000|  0%| F|  |TAMS 0x0000000630000000, 0x0000000630000000| Untracked 
| 865|0x0000000630800000, 0x0000000630800000, 0x0000000631000000|  0%| F|  |TAMS 0x0000000630800000, 0x0000000630800000| Untracked 
| 866|0x0000000631000000, 0x0000000631000000, 0x0000000631800000|  0%| F|  |TAMS 0x0000000631000000, 0x0000000631000000| Untracked 
| 867|0x0000000631800000, 0x0000000631800000, 0x0000000632000000|  0%| F|  |TAMS 0x0000000631800000, 0x0000000631800000| Untracked 
| 868|0x0000000632000000, 0x0000000632000000, 0x0000000632800000|  0%| F|  |TAMS 0x0000000632000000, 0x0000000632000000| Untracked 
| 869|0x0000000632800000, 0x0000000632800000, 0x0000000633000000|  0%| F|  |TAMS 0x0000000632800000, 0x0000000632800000| Untracked 
| 870|0x0000000633000000, 0x0000000633000000, 0x0000000633800000|  0%| F|  |TAMS 0x0000000633000000, 0x0000000633000000| Untracked 
| 871|0x0000000633800000, 0x0000000633800000, 0x0000000634000000|  0%| F|  |TAMS 0x0000000633800000, 0x0000000633800000| Untracked 
| 872|0x0000000634000000, 0x0000000634000000, 0x0000000634800000|  0%| F|  |TAMS 0x0000000634000000, 0x0000000634000000| Untracked 
| 873|0x0000000634800000, 0x0000000634800000, 0x0000000635000000|  0%| F|  |TAMS 0x0000000634800000, 0x0000000634800000| Untracked 
| 874|0x0000000635000000, 0x0000000635000000, 0x0000000635800000|  0%| F|  |TAMS 0x0000000635000000, 0x0000000635000000| Untracked 
| 875|0x0000000635800000, 0x0000000635800000, 0x0000000636000000|  0%| F|  |TAMS 0x0000000635800000, 0x0000000635800000| Untracked 
| 876|0x0000000636000000, 0x0000000636000000, 0x0000000636800000|  0%| F|  |TAMS 0x0000000636000000, 0x0000000636000000| Untracked 
| 877|0x0000000636800000, 0x0000000636800000, 0x0000000637000000|  0%| F|  |TAMS 0x0000000636800000, 0x0000000636800000| Untracked 
| 878|0x0000000637000000, 0x0000000637000000, 0x0000000637800000|  0%| F|  |TAMS 0x0000000637000000, 0x0000000637000000| Untracked 
| 879|0x0000000637800000, 0x0000000637800000, 0x0000000638000000|  0%| F|  |TAMS 0x0000000637800000, 0x0000000637800000| Untracked 
| 880|0x0000000638000000, 0x0000000638000000, 0x0000000638800000|  0%| F|  |TAMS 0x0000000638000000, 0x0000000638000000| Untracked 
| 881|0x0000000638800000, 0x0000000638800000, 0x0000000639000000|  0%| F|  |TAMS 0x0000000638800000, 0x0000000638800000| Untracked 
| 882|0x0000000639000000, 0x0000000639000000, 0x0000000639800000|  0%| F|  |TAMS 0x0000000639000000, 0x0000000639000000| Untracked 
| 883|0x0000000639800000, 0x0000000639800000, 0x000000063a000000|  0%| F|  |TAMS 0x0000000639800000, 0x0000000639800000| Untracked 
| 884|0x000000063a000000, 0x000000063a000000, 0x000000063a800000|  0%| F|  |TAMS 0x000000063a000000, 0x000000063a000000| Untracked 
| 885|0x000000063a800000, 0x000000063a800000, 0x000000063b000000|  0%| F|  |TAMS 0x000000063a800000, 0x000000063a800000| Untracked 
| 886|0x000000063b000000, 0x000000063b000000, 0x000000063b800000|  0%| F|  |TAMS 0x000000063b000000, 0x000000063b000000| Untracked 
| 887|0x000000063b800000, 0x000000063b800000, 0x000000063c000000|  0%| F|  |TAMS 0x000000063b800000, 0x000000063b800000| Untracked 
| 888|0x000000063c000000, 0x000000063c000000, 0x000000063c800000|  0%| F|  |TAMS 0x000000063c000000, 0x000000063c000000| Untracked 
| 889|0x000000063c800000, 0x000000063c800000, 0x000000063d000000|  0%| F|  |TAMS 0x000000063c800000, 0x000000063c800000| Untracked 
| 890|0x000000063d000000, 0x000000063d000000, 0x000000063d800000|  0%| F|  |TAMS 0x000000063d000000, 0x000000063d000000| Untracked 
| 891|0x000000063d800000, 0x000000063d800000, 0x000000063e000000|  0%| F|  |TAMS 0x000000063d800000, 0x000000063d800000| Untracked 
| 892|0x000000063e000000, 0x000000063e000000, 0x000000063e800000|  0%| F|  |TAMS 0x000000063e000000, 0x000000063e000000| Untracked 
| 893|0x000000063e800000, 0x000000063e800000, 0x000000063f000000|  0%| F|  |TAMS 0x000000063e800000, 0x000000063e800000| Untracked 
| 894|0x000000063f000000, 0x000000063f000000, 0x000000063f800000|  0%| F|  |TAMS 0x000000063f000000, 0x000000063f000000| Untracked 
| 895|0x000000063f800000, 0x000000063f800000, 0x0000000640000000|  0%| F|  |TAMS 0x000000063f800000, 0x000000063f800000| Untracked 
| 896|0x0000000640000000, 0x0000000640000000, 0x0000000640800000|  0%| F|  |TAMS 0x0000000640000000, 0x0000000640000000| Untracked 
| 897|0x0000000640800000, 0x0000000640800000, 0x0000000641000000|  0%| F|  |TAMS 0x0000000640800000, 0x0000000640800000| Untracked 
| 898|0x0000000641000000, 0x0000000641000000, 0x0000000641800000|  0%| F|  |TAMS 0x0000000641000000, 0x0000000641000000| Untracked 
| 899|0x0000000641800000, 0x0000000641800000, 0x0000000642000000|  0%| F|  |TAMS 0x0000000641800000, 0x0000000641800000| Untracked 
| 900|0x0000000642000000, 0x0000000642000000, 0x0000000642800000|  0%| F|  |TAMS 0x0000000642000000, 0x0000000642000000| Untracked 
| 901|0x0000000642800000, 0x0000000642800000, 0x0000000643000000|  0%| F|  |TAMS 0x0000000642800000, 0x0000000642800000| Untracked 
| 902|0x0000000643000000, 0x0000000643000000, 0x0000000643800000|  0%| F|  |TAMS 0x0000000643000000, 0x0000000643000000| Untracked 
| 903|0x0000000643800000, 0x0000000643800000, 0x0000000644000000|  0%| F|  |TAMS 0x0000000643800000, 0x0000000643800000| Untracked 
| 904|0x0000000644000000, 0x0000000644000000, 0x0000000644800000|  0%| F|  |TAMS 0x0000000644000000, 0x0000000644000000| Untracked 
| 905|0x0000000644800000, 0x0000000644800000, 0x0000000645000000|  0%| F|  |TAMS 0x0000000644800000, 0x0000000644800000| Untracked 
| 906|0x0000000645000000, 0x0000000645000000, 0x0000000645800000|  0%| F|  |TAMS 0x0000000645000000, 0x0000000645000000| Untracked 
| 907|0x0000000645800000, 0x0000000645800000, 0x0000000646000000|  0%| F|  |TAMS 0x0000000645800000, 0x0000000645800000| Untracked 
| 908|0x0000000646000000, 0x0000000646000000, 0x0000000646800000|  0%| F|  |TAMS 0x0000000646000000, 0x0000000646000000| Untracked 
| 909|0x0000000646800000, 0x0000000646800000, 0x0000000647000000|  0%| F|  |TAMS 0x0000000646800000, 0x0000000646800000| Untracked 
| 910|0x0000000647000000, 0x0000000647000000, 0x0000000647800000|  0%| F|  |TAMS 0x0000000647000000, 0x0000000647000000| Untracked 
| 911|0x0000000647800000, 0x0000000647800000, 0x0000000648000000|  0%| F|  |TAMS 0x0000000647800000, 0x0000000647800000| Untracked 
| 912|0x0000000648000000, 0x0000000648000000, 0x0000000648800000|  0%| F|  |TAMS 0x0000000648000000, 0x0000000648000000| Untracked 
| 913|0x0000000648800000, 0x0000000648800000, 0x0000000649000000|  0%| F|  |TAMS 0x0000000648800000, 0x0000000648800000| Untracked 
| 914|0x0000000649000000, 0x0000000649000000, 0x0000000649800000|  0%| F|  |TAMS 0x0000000649000000, 0x0000000649000000| Untracked 
| 915|0x0000000649800000, 0x0000000649800000, 0x000000064a000000|  0%| F|  |TAMS 0x0000000649800000, 0x0000000649800000| Untracked 
| 916|0x000000064a000000, 0x000000064a000000, 0x000000064a800000|  0%| F|  |TAMS 0x000000064a000000, 0x000000064a000000| Untracked 
| 917|0x000000064a800000, 0x000000064a800000, 0x000000064b000000|  0%| F|  |TAMS 0x000000064a800000, 0x000000064a800000| Untracked 
| 918|0x000000064b000000, 0x000000064b000000, 0x000000064b800000|  0%| F|  |TAMS 0x000000064b000000, 0x000000064b000000| Untracked 
| 919|0x000000064b800000, 0x000000064b800000, 0x000000064c000000|  0%| F|  |TAMS 0x000000064b800000, 0x000000064b800000| Untracked 
| 920|0x000000064c000000, 0x000000064c000000, 0x000000064c800000|  0%| F|  |TAMS 0x000000064c000000, 0x000000064c000000| Untracked 
| 921|0x000000064c800000, 0x000000064c800000, 0x000000064d000000|  0%| F|  |TAMS 0x000000064c800000, 0x000000064c800000| Untracked 
| 922|0x000000064d000000, 0x000000064d000000, 0x000000064d800000|  0%| F|  |TAMS 0x000000064d000000, 0x000000064d000000| Untracked 
| 923|0x000000064d800000, 0x000000064d800000, 0x000000064e000000|  0%| F|  |TAMS 0x000000064d800000, 0x000000064d800000| Untracked 
| 924|0x000000064e000000, 0x000000064e000000, 0x000000064e800000|  0%| F|  |TAMS 0x000000064e000000, 0x000000064e000000| Untracked 
| 925|0x000000064e800000, 0x000000064e800000, 0x000000064f000000|  0%| F|  |TAMS 0x000000064e800000, 0x000000064e800000| Untracked 
| 926|0x000000064f000000, 0x000000064f000000, 0x000000064f800000|  0%| F|  |TAMS 0x000000064f000000, 0x000000064f000000| Untracked 
| 927|0x000000064f800000, 0x000000064f800000, 0x0000000650000000|  0%| F|  |TAMS 0x000000064f800000, 0x000000064f800000| Untracked 
| 928|0x0000000650000000, 0x0000000650000000, 0x0000000650800000|  0%| F|  |TAMS 0x0000000650000000, 0x0000000650000000| Untracked 
| 929|0x0000000650800000, 0x0000000650800000, 0x0000000651000000|  0%| F|  |TAMS 0x0000000650800000, 0x0000000650800000| Untracked 
| 930|0x0000000651000000, 0x0000000651000000, 0x0000000651800000|  0%| F|  |TAMS 0x0000000651000000, 0x0000000651000000| Untracked 
| 931|0x0000000651800000, 0x0000000651800000, 0x0000000652000000|  0%| F|  |TAMS 0x0000000651800000, 0x0000000651800000| Untracked 
| 932|0x0000000652000000, 0x0000000652000000, 0x0000000652800000|  0%| F|  |TAMS 0x0000000652000000, 0x0000000652000000| Untracked 
| 933|0x0000000652800000, 0x0000000652800000, 0x0000000653000000|  0%| F|  |TAMS 0x0000000652800000, 0x0000000652800000| Untracked 
| 934|0x0000000653000000, 0x0000000653000000, 0x0000000653800000|  0%| F|  |TAMS 0x0000000653000000, 0x0000000653000000| Untracked 
| 935|0x0000000653800000, 0x0000000653800000, 0x0000000654000000|  0%| F|  |TAMS 0x0000000653800000, 0x0000000653800000| Untracked 
| 936|0x0000000654000000, 0x0000000654000000, 0x0000000654800000|  0%| F|  |TAMS 0x0000000654000000, 0x0000000654000000| Untracked 
| 937|0x0000000654800000, 0x0000000654800000, 0x0000000655000000|  0%| F|  |TAMS 0x0000000654800000, 0x0000000654800000| Untracked 
| 938|0x0000000655000000, 0x0000000655000000, 0x0000000655800000|  0%| F|  |TAMS 0x0000000655000000, 0x0000000655000000| Untracked 
| 939|0x0000000655800000, 0x0000000655800000, 0x0000000656000000|  0%| F|  |TAMS 0x0000000655800000, 0x0000000655800000| Untracked 
| 940|0x0000000656000000, 0x0000000656000000, 0x0000000656800000|  0%| F|  |TAMS 0x0000000656000000, 0x0000000656000000| Untracked 
| 941|0x0000000656800000, 0x0000000656800000, 0x0000000657000000|  0%| F|  |TAMS 0x0000000656800000, 0x0000000656800000| Untracked 
| 942|0x0000000657000000, 0x0000000657000000, 0x0000000657800000|  0%| F|  |TAMS 0x0000000657000000, 0x0000000657000000| Untracked 
| 943|0x0000000657800000, 0x0000000657800000, 0x0000000658000000|  0%| F|  |TAMS 0x0000000657800000, 0x0000000657800000| Untracked 
| 944|0x0000000658000000, 0x0000000658000000, 0x0000000658800000|  0%| F|  |TAMS 0x0000000658000000, 0x0000000658000000| Untracked 
| 945|0x0000000658800000, 0x0000000658800000, 0x0000000659000000|  0%| F|  |TAMS 0x0000000658800000, 0x0000000658800000| Untracked 
| 946|0x0000000659000000, 0x0000000659000000, 0x0000000659800000|  0%| F|  |TAMS 0x0000000659000000, 0x0000000659000000| Untracked 
| 947|0x0000000659800000, 0x0000000659800000, 0x000000065a000000|  0%| F|  |TAMS 0x0000000659800000, 0x0000000659800000| Untracked 
| 948|0x000000065a000000, 0x000000065a000000, 0x000000065a800000|  0%| F|  |TAMS 0x000000065a000000, 0x000000065a000000| Untracked 
| 949|0x000000065a800000, 0x000000065a800000, 0x000000065b000000|  0%| F|  |TAMS 0x000000065a800000, 0x000000065a800000| Untracked 
| 950|0x000000065b000000, 0x000000065b000000, 0x000000065b800000|  0%| F|  |TAMS 0x000000065b000000, 0x000000065b000000| Untracked 
| 951|0x000000065b800000, 0x000000065b800000, 0x000000065c000000|  0%| F|  |TAMS 0x000000065b800000, 0x000000065b800000| Untracked 
| 952|0x000000065c000000, 0x000000065c000000, 0x000000065c800000|  0%| F|  |TAMS 0x000000065c000000, 0x000000065c000000| Untracked 
| 953|0x000000065c800000, 0x000000065c800000, 0x000000065d000000|  0%| F|  |TAMS 0x000000065c800000, 0x000000065c800000| Untracked 
| 954|0x000000065d000000, 0x000000065d000000, 0x000000065d800000|  0%| F|  |TAMS 0x000000065d000000, 0x000000065d000000| Untracked 
| 955|0x000000065d800000, 0x000000065d800000, 0x000000065e000000|  0%| F|  |TAMS 0x000000065d800000, 0x000000065d800000| Untracked 
| 956|0x000000065e000000, 0x000000065e000000, 0x000000065e800000|  0%| F|  |TAMS 0x000000065e000000, 0x000000065e000000| Untracked 
| 957|0x000000065e800000, 0x000000065e800000, 0x000000065f000000|  0%| F|  |TAMS 0x000000065e800000, 0x000000065e800000| Untracked 
| 958|0x000000065f000000, 0x000000065f000000, 0x000000065f800000|  0%| F|  |TAMS 0x000000065f000000, 0x000000065f000000| Untracked 
| 959|0x000000065f800000, 0x000000065f800000, 0x0000000660000000|  0%| F|  |TAMS 0x000000065f800000, 0x000000065f800000| Untracked 
| 960|0x0000000660000000, 0x0000000660000000, 0x0000000660800000|  0%| F|  |TAMS 0x0000000660000000, 0x0000000660000000| Untracked 
| 961|0x0000000660800000, 0x0000000660800000, 0x0000000661000000|  0%| F|  |TAMS 0x0000000660800000, 0x0000000660800000| Untracked 
| 962|0x0000000661000000, 0x0000000661000000, 0x0000000661800000|  0%| F|  |TAMS 0x0000000661000000, 0x0000000661000000| Untracked 
| 963|0x0000000661800000, 0x0000000661800000, 0x0000000662000000|  0%| F|  |TAMS 0x0000000661800000, 0x0000000661800000| Untracked 
| 964|0x0000000662000000, 0x0000000662000000, 0x0000000662800000|  0%| F|  |TAMS 0x0000000662000000, 0x0000000662000000| Untracked 
| 965|0x0000000662800000, 0x0000000662800000, 0x0000000663000000|  0%| F|  |TAMS 0x0000000662800000, 0x0000000662800000| Untracked 
| 966|0x0000000663000000, 0x0000000663000000, 0x0000000663800000|  0%| F|  |TAMS 0x0000000663000000, 0x0000000663000000| Untracked 
| 967|0x0000000663800000, 0x0000000663800000, 0x0000000664000000|  0%| F|  |TAMS 0x0000000663800000, 0x0000000663800000| Untracked 
| 968|0x0000000664000000, 0x0000000664000000, 0x0000000664800000|  0%| F|  |TAMS 0x0000000664000000, 0x0000000664000000| Untracked 
| 969|0x0000000664800000, 0x0000000664800000, 0x0000000665000000|  0%| F|  |TAMS 0x0000000664800000, 0x0000000664800000| Untracked 
| 970|0x0000000665000000, 0x0000000665000000, 0x0000000665800000|  0%| F|  |TAMS 0x0000000665000000, 0x0000000665000000| Untracked 
| 971|0x0000000665800000, 0x0000000665800000, 0x0000000666000000|  0%| F|  |TAMS 0x0000000665800000, 0x0000000665800000| Untracked 
| 972|0x0000000666000000, 0x0000000666000000, 0x0000000666800000|  0%| F|  |TAMS 0x0000000666000000, 0x0000000666000000| Untracked 
| 973|0x0000000666800000, 0x0000000666800000, 0x0000000667000000|  0%| F|  |TAMS 0x0000000666800000, 0x0000000666800000| Untracked 
| 974|0x0000000667000000, 0x0000000667000000, 0x0000000667800000|  0%| F|  |TAMS 0x0000000667000000, 0x0000000667000000| Untracked 
| 975|0x0000000667800000, 0x0000000667800000, 0x0000000668000000|  0%| F|  |TAMS 0x0000000667800000, 0x0000000667800000| Untracked 
| 976|0x0000000668000000, 0x0000000668000000, 0x0000000668800000|  0%| F|  |TAMS 0x0000000668000000, 0x0000000668000000| Untracked 
| 977|0x0000000668800000, 0x0000000668800000, 0x0000000669000000|  0%| F|  |TAMS 0x0000000668800000, 0x0000000668800000| Untracked 
| 978|0x0000000669000000, 0x0000000669000000, 0x0000000669800000|  0%| F|  |TAMS 0x0000000669000000, 0x0000000669000000| Untracked 
| 979|0x0000000669800000, 0x0000000669800000, 0x000000066a000000|  0%| F|  |TAMS 0x0000000669800000, 0x0000000669800000| Untracked 
| 980|0x000000066a000000, 0x000000066a000000, 0x000000066a800000|  0%| F|  |TAMS 0x000000066a000000, 0x000000066a000000| Untracked 
| 981|0x000000066a800000, 0x000000066a800000, 0x000000066b000000|  0%| F|  |TAMS 0x000000066a800000, 0x000000066a800000| Untracked 
| 982|0x000000066b000000, 0x000000066b000000, 0x000000066b800000|  0%| F|  |TAMS 0x000000066b000000, 0x000000066b000000| Untracked 
| 983|0x000000066b800000, 0x000000066b800000, 0x000000066c000000|  0%| F|  |TAMS 0x000000066b800000, 0x000000066b800000| Untracked 
| 984|0x000000066c000000, 0x000000066c000000, 0x000000066c800000|  0%| F|  |TAMS 0x000000066c000000, 0x000000066c000000| Untracked 
| 985|0x000000066c800000, 0x000000066c800000, 0x000000066d000000|  0%| F|  |TAMS 0x000000066c800000, 0x000000066c800000| Untracked 
| 986|0x000000066d000000, 0x000000066d000000, 0x000000066d800000|  0%| F|  |TAMS 0x000000066d000000, 0x000000066d000000| Untracked 
| 987|0x000000066d800000, 0x000000066d800000, 0x000000066e000000|  0%| F|  |TAMS 0x000000066d800000, 0x000000066d800000| Untracked 
| 988|0x000000066e000000, 0x000000066e000000, 0x000000066e800000|  0%| F|  |TAMS 0x000000066e000000, 0x000000066e000000| Untracked 
| 989|0x000000066e800000, 0x000000066e800000, 0x000000066f000000|  0%| F|  |TAMS 0x000000066e800000, 0x000000066e800000| Untracked 
| 990|0x000000066f000000, 0x000000066f000000, 0x000000066f800000|  0%| F|  |TAMS 0x000000066f000000, 0x000000066f000000| Untracked 
| 991|0x000000066f800000, 0x000000066f800000, 0x0000000670000000|  0%| F|  |TAMS 0x000000066f800000, 0x000000066f800000| Untracked 
| 992|0x0000000670000000, 0x0000000670000000, 0x0000000670800000|  0%| F|  |TAMS 0x0000000670000000, 0x0000000670000000| Untracked 
| 993|0x0000000670800000, 0x0000000670800000, 0x0000000671000000|  0%| F|  |TAMS 0x0000000670800000, 0x0000000670800000| Untracked 
| 994|0x0000000671000000, 0x0000000671000000, 0x0000000671800000|  0%| F|  |TAMS 0x0000000671000000, 0x0000000671000000| Untracked 
| 995|0x0000000671800000, 0x0000000671800000, 0x0000000672000000|  0%| F|  |TAMS 0x0000000671800000, 0x0000000671800000| Untracked 
| 996|0x0000000672000000, 0x0000000672000000, 0x0000000672800000|  0%| F|  |TAMS 0x0000000672000000, 0x0000000672000000| Untracked 
| 997|0x0000000672800000, 0x0000000672800000, 0x0000000673000000|  0%| F|  |TAMS 0x0000000672800000, 0x0000000672800000| Untracked 
| 998|0x0000000673000000, 0x0000000673000000, 0x0000000673800000|  0%| F|  |TAMS 0x0000000673000000, 0x0000000673000000| Untracked 
| 999|0x0000000673800000, 0x0000000673800000, 0x0000000674000000|  0%| F|  |TAMS 0x0000000673800000, 0x0000000673800000| Untracked 
|1000|0x0000000674000000, 0x0000000674000000, 0x0000000674800000|  0%| F|  |TAMS 0x0000000674000000, 0x0000000674000000| Untracked 
|1001|0x0000000674800000, 0x0000000674800000, 0x0000000675000000|  0%| F|  |TAMS 0x0000000674800000, 0x0000000674800000| Untracked 
|1002|0x0000000675000000, 0x0000000675000000, 0x0000000675800000|  0%| F|  |TAMS 0x0000000675000000, 0x0000000675000000| Untracked 
|1003|0x0000000675800000, 0x0000000675800000, 0x0000000676000000|  0%| F|  |TAMS 0x0000000675800000, 0x0000000675800000| Untracked 
|1004|0x0000000676000000, 0x0000000676000000, 0x0000000676800000|  0%| F|  |TAMS 0x0000000676000000, 0x0000000676000000| Untracked 
|1005|0x0000000676800000, 0x0000000676800000, 0x0000000677000000|  0%| F|  |TAMS 0x0000000676800000, 0x0000000676800000| Untracked 
|1006|0x0000000677000000, 0x0000000677000000, 0x0000000677800000|  0%| F|  |TAMS 0x0000000677000000, 0x0000000677000000| Untracked 
|1007|0x0000000677800000, 0x0000000677800000, 0x0000000678000000|  0%| F|  |TAMS 0x0000000677800000, 0x0000000677800000| Untracked 
|1008|0x0000000678000000, 0x0000000678000000, 0x0000000678800000|  0%| F|  |TAMS 0x0000000678000000, 0x0000000678000000| Untracked 
|1009|0x0000000678800000, 0x0000000678800000, 0x0000000679000000|  0%| F|  |TAMS 0x0000000678800000, 0x0000000678800000| Untracked 
|1010|0x0000000679000000, 0x0000000679000000, 0x0000000679800000|  0%| F|  |TAMS 0x0000000679000000, 0x0000000679000000| Untracked 
|1011|0x0000000679800000, 0x0000000679800000, 0x000000067a000000|  0%| F|  |TAMS 0x0000000679800000, 0x0000000679800000| Untracked 
|1012|0x000000067a000000, 0x000000067a000000, 0x000000067a800000|  0%| F|  |TAMS 0x000000067a000000, 0x000000067a000000| Untracked 
|1013|0x000000067a800000, 0x000000067a800000, 0x000000067b000000|  0%| F|  |TAMS 0x000000067a800000, 0x000000067a800000| Untracked 
|1014|0x000000067b000000, 0x000000067b000000, 0x000000067b800000|  0%| F|  |TAMS 0x000000067b000000, 0x000000067b000000| Untracked 
|1015|0x000000067b800000, 0x000000067b800000, 0x000000067c000000|  0%| F|  |TAMS 0x000000067b800000, 0x000000067b800000| Untracked 
|1016|0x000000067c000000, 0x000000067c000000, 0x000000067c800000|  0%| F|  |TAMS 0x000000067c000000, 0x000000067c000000| Untracked 
|1017|0x000000067c800000, 0x000000067c800000, 0x000000067d000000|  0%| F|  |TAMS 0x000000067c800000, 0x000000067c800000| Untracked 
|1018|0x000000067d000000, 0x000000067d000000, 0x000000067d800000|  0%| F|  |TAMS 0x000000067d000000, 0x000000067d000000| Untracked 
|1019|0x000000067d800000, 0x000000067d800000, 0x000000067e000000|  0%| F|  |TAMS 0x000000067d800000, 0x000000067d800000| Untracked 
|1020|0x000000067e000000, 0x000000067e000000, 0x000000067e800000|  0%| F|  |TAMS 0x000000067e000000, 0x000000067e000000| Untracked 
|1021|0x000000067e800000, 0x000000067e800000, 0x000000067f000000|  0%| F|  |TAMS 0x000000067e800000, 0x000000067e800000| Untracked 
|1022|0x000000067f000000, 0x000000067f000000, 0x000000067f800000|  0%| F|  |TAMS 0x000000067f000000, 0x000000067f000000| Untracked 
|1023|0x000000067f800000, 0x000000067f800000, 0x0000000680000000|  0%| F|  |TAMS 0x000000067f800000, 0x000000067f800000| Untracked 
|1024|0x0000000680000000, 0x0000000680000000, 0x0000000680800000|  0%| F|  |TAMS 0x0000000680000000, 0x0000000680000000| Untracked 
|1025|0x0000000680800000, 0x0000000680800000, 0x0000000681000000|  0%| F|  |TAMS 0x0000000680800000, 0x0000000680800000| Untracked 
|1026|0x0000000681000000, 0x0000000681000000, 0x0000000681800000|  0%| F|  |TAMS 0x0000000681000000, 0x0000000681000000| Untracked 
|1027|0x0000000681800000, 0x0000000681800000, 0x0000000682000000|  0%| F|  |TAMS 0x0000000681800000, 0x0000000681800000| Untracked 
|1028|0x0000000682000000, 0x0000000682000000, 0x0000000682800000|  0%| F|  |TAMS 0x0000000682000000, 0x0000000682000000| Untracked 
|1029|0x0000000682800000, 0x0000000682800000, 0x0000000683000000|  0%| F|  |TAMS 0x0000000682800000, 0x0000000682800000| Untracked 
|1030|0x0000000683000000, 0x0000000683000000, 0x0000000683800000|  0%| F|  |TAMS 0x0000000683000000, 0x0000000683000000| Untracked 
|1031|0x0000000683800000, 0x0000000683800000, 0x0000000684000000|  0%| F|  |TAMS 0x0000000683800000, 0x0000000683800000| Untracked 
|1032|0x0000000684000000, 0x0000000684000000, 0x0000000684800000|  0%| F|  |TAMS 0x0000000684000000, 0x0000000684000000| Untracked 
|1033|0x0000000684800000, 0x0000000684800000, 0x0000000685000000|  0%| F|  |TAMS 0x0000000684800000, 0x0000000684800000| Untracked 
|1034|0x0000000685000000, 0x0000000685000000, 0x0000000685800000|  0%| F|  |TAMS 0x0000000685000000, 0x0000000685000000| Untracked 
|1035|0x0000000685800000, 0x0000000685800000, 0x0000000686000000|  0%| F|  |TAMS 0x0000000685800000, 0x0000000685800000| Untracked 
|1036|0x0000000686000000, 0x0000000686000000, 0x0000000686800000|  0%| F|  |TAMS 0x0000000686000000, 0x0000000686000000| Untracked 
|1037|0x0000000686800000, 0x0000000686800000, 0x0000000687000000|  0%| F|  |TAMS 0x0000000686800000, 0x0000000686800000| Untracked 
|1038|0x0000000687000000, 0x0000000687000000, 0x0000000687800000|  0%| F|  |TAMS 0x0000000687000000, 0x0000000687000000| Untracked 
|1039|0x0000000687800000, 0x0000000687800000, 0x0000000688000000|  0%| F|  |TAMS 0x0000000687800000, 0x0000000687800000| Untracked 
|1040|0x0000000688000000, 0x0000000688000000, 0x0000000688800000|  0%| F|  |TAMS 0x0000000688000000, 0x0000000688000000| Untracked 
|1041|0x0000000688800000, 0x0000000688800000, 0x0000000689000000|  0%| F|  |TAMS 0x0000000688800000, 0x0000000688800000| Untracked 
|1042|0x0000000689000000, 0x0000000689000000, 0x0000000689800000|  0%| F|  |TAMS 0x0000000689000000, 0x0000000689000000| Untracked 
|1043|0x0000000689800000, 0x0000000689800000, 0x000000068a000000|  0%| F|  |TAMS 0x0000000689800000, 0x0000000689800000| Untracked 
|1044|0x000000068a000000, 0x000000068a000000, 0x000000068a800000|  0%| F|  |TAMS 0x000000068a000000, 0x000000068a000000| Untracked 
|1045|0x000000068a800000, 0x000000068a800000, 0x000000068b000000|  0%| F|  |TAMS 0x000000068a800000, 0x000000068a800000| Untracked 
|1046|0x000000068b000000, 0x000000068b000000, 0x000000068b800000|  0%| F|  |TAMS 0x000000068b000000, 0x000000068b000000| Untracked 
|1047|0x000000068b800000, 0x000000068b800000, 0x000000068c000000|  0%| F|  |TAMS 0x000000068b800000, 0x000000068b800000| Untracked 
|1048|0x000000068c000000, 0x000000068c000000, 0x000000068c800000|  0%| F|  |TAMS 0x000000068c000000, 0x000000068c000000| Untracked 
|1049|0x000000068c800000, 0x000000068c800000, 0x000000068d000000|  0%| F|  |TAMS 0x000000068c800000, 0x000000068c800000| Untracked 
|1050|0x000000068d000000, 0x000000068d000000, 0x000000068d800000|  0%| F|  |TAMS 0x000000068d000000, 0x000000068d000000| Untracked 
|1051|0x000000068d800000, 0x000000068d800000, 0x000000068e000000|  0%| F|  |TAMS 0x000000068d800000, 0x000000068d800000| Untracked 
|1052|0x000000068e000000, 0x000000068e000000, 0x000000068e800000|  0%| F|  |TAMS 0x000000068e000000, 0x000000068e000000| Untracked 
|1053|0x000000068e800000, 0x000000068e800000, 0x000000068f000000|  0%| F|  |TAMS 0x000000068e800000, 0x000000068e800000| Untracked 
|1054|0x000000068f000000, 0x000000068f000000, 0x000000068f800000|  0%| F|  |TAMS 0x000000068f000000, 0x000000068f000000| Untracked 
|1055|0x000000068f800000, 0x000000068f800000, 0x0000000690000000|  0%| F|  |TAMS 0x000000068f800000, 0x000000068f800000| Untracked 
|1056|0x0000000690000000, 0x0000000690000000, 0x0000000690800000|  0%| F|  |TAMS 0x0000000690000000, 0x0000000690000000| Untracked 
|1057|0x0000000690800000, 0x0000000690800000, 0x0000000691000000|  0%| F|  |TAMS 0x0000000690800000, 0x0000000690800000| Untracked 
|1058|0x0000000691000000, 0x0000000691000000, 0x0000000691800000|  0%| F|  |TAMS 0x0000000691000000, 0x0000000691000000| Untracked 
|1059|0x0000000691800000, 0x0000000691800000, 0x0000000692000000|  0%| F|  |TAMS 0x0000000691800000, 0x0000000691800000| Untracked 
|1060|0x0000000692000000, 0x0000000692000000, 0x0000000692800000|  0%| F|  |TAMS 0x0000000692000000, 0x0000000692000000| Untracked 
|1061|0x0000000692800000, 0x0000000692800000, 0x0000000693000000|  0%| F|  |TAMS 0x0000000692800000, 0x0000000692800000| Untracked 
|1062|0x0000000693000000, 0x0000000693000000, 0x0000000693800000|  0%| F|  |TAMS 0x0000000693000000, 0x0000000693000000| Untracked 
|1063|0x0000000693800000, 0x0000000693800000, 0x0000000694000000|  0%| F|  |TAMS 0x0000000693800000, 0x0000000693800000| Untracked 
|1064|0x0000000694000000, 0x0000000694000000, 0x0000000694800000|  0%| F|  |TAMS 0x0000000694000000, 0x0000000694000000| Untracked 
|1065|0x0000000694800000, 0x0000000694800000, 0x0000000695000000|  0%| F|  |TAMS 0x0000000694800000, 0x0000000694800000| Untracked 
|1066|0x0000000695000000, 0x0000000695000000, 0x0000000695800000|  0%| F|  |TAMS 0x0000000695000000, 0x0000000695000000| Untracked 
|1067|0x0000000695800000, 0x0000000695800000, 0x0000000696000000|  0%| F|  |TAMS 0x0000000695800000, 0x0000000695800000| Untracked 
|1068|0x0000000696000000, 0x0000000696000000, 0x0000000696800000|  0%| F|  |TAMS 0x0000000696000000, 0x0000000696000000| Untracked 
|1069|0x0000000696800000, 0x0000000696800000, 0x0000000697000000|  0%| F|  |TAMS 0x0000000696800000, 0x0000000696800000| Untracked 
|1070|0x0000000697000000, 0x0000000697000000, 0x0000000697800000|  0%| F|  |TAMS 0x0000000697000000, 0x0000000697000000| Untracked 
|1071|0x0000000697800000, 0x0000000697800000, 0x0000000698000000|  0%| F|  |TAMS 0x0000000697800000, 0x0000000697800000| Untracked 
|1072|0x0000000698000000, 0x0000000698000000, 0x0000000698800000|  0%| F|  |TAMS 0x0000000698000000, 0x0000000698000000| Untracked 
|1073|0x0000000698800000, 0x0000000698800000, 0x0000000699000000|  0%| F|  |TAMS 0x0000000698800000, 0x0000000698800000| Untracked 
|1074|0x0000000699000000, 0x0000000699000000, 0x0000000699800000|  0%| F|  |TAMS 0x0000000699000000, 0x0000000699000000| Untracked 
|1075|0x0000000699800000, 0x0000000699800000, 0x000000069a000000|  0%| F|  |TAMS 0x0000000699800000, 0x0000000699800000| Untracked 
|1076|0x000000069a000000, 0x000000069a000000, 0x000000069a800000|  0%| F|  |TAMS 0x000000069a000000, 0x000000069a000000| Untracked 
|1077|0x000000069a800000, 0x000000069a800000, 0x000000069b000000|  0%| F|  |TAMS 0x000000069a800000, 0x000000069a800000| Untracked 
|1078|0x000000069b000000, 0x000000069b000000, 0x000000069b800000|  0%| F|  |TAMS 0x000000069b000000, 0x000000069b000000| Untracked 
|1079|0x000000069b800000, 0x000000069b800000, 0x000000069c000000|  0%| F|  |TAMS 0x000000069b800000, 0x000000069b800000| Untracked 
|1080|0x000000069c000000, 0x000000069c000000, 0x000000069c800000|  0%| F|  |TAMS 0x000000069c000000, 0x000000069c000000| Untracked 
|1081|0x000000069c800000, 0x000000069c800000, 0x000000069d000000|  0%| F|  |TAMS 0x000000069c800000, 0x000000069c800000| Untracked 
|1082|0x000000069d000000, 0x000000069d000000, 0x000000069d800000|  0%| F|  |TAMS 0x000000069d000000, 0x000000069d000000| Untracked 
|1083|0x000000069d800000, 0x000000069d800000, 0x000000069e000000|  0%| F|  |TAMS 0x000000069d800000, 0x000000069d800000| Untracked 
|1084|0x000000069e000000, 0x000000069e000000, 0x000000069e800000|  0%| F|  |TAMS 0x000000069e000000, 0x000000069e000000| Untracked 
|1085|0x000000069e800000, 0x000000069e800000, 0x000000069f000000|  0%| F|  |TAMS 0x000000069e800000, 0x000000069e800000| Untracked 
|1086|0x000000069f000000, 0x000000069f000000, 0x000000069f800000|  0%| F|  |TAMS 0x000000069f000000, 0x000000069f000000| Untracked 
|1087|0x000000069f800000, 0x000000069f800000, 0x00000006a0000000|  0%| F|  |TAMS 0x000000069f800000, 0x000000069f800000| Untracked 
|1088|0x00000006a0000000, 0x00000006a0000000, 0x00000006a0800000|  0%| F|  |TAMS 0x00000006a0000000, 0x00000006a0000000| Untracked 
|1089|0x00000006a0800000, 0x00000006a0800000, 0x00000006a1000000|  0%| F|  |TAMS 0x00000006a0800000, 0x00000006a0800000| Untracked 
|1090|0x00000006a1000000, 0x00000006a1000000, 0x00000006a1800000|  0%| F|  |TAMS 0x00000006a1000000, 0x00000006a1000000| Untracked 
|1091|0x00000006a1800000, 0x00000006a1800000, 0x00000006a2000000|  0%| F|  |TAMS 0x00000006a1800000, 0x00000006a1800000| Untracked 
|1092|0x00000006a2000000, 0x00000006a2000000, 0x00000006a2800000|  0%| F|  |TAMS 0x00000006a2000000, 0x00000006a2000000| Untracked 
|1093|0x00000006a2800000, 0x00000006a2800000, 0x00000006a3000000|  0%| F|  |TAMS 0x00000006a2800000, 0x00000006a2800000| Untracked 
|1094|0x00000006a3000000, 0x00000006a3000000, 0x00000006a3800000|  0%| F|  |TAMS 0x00000006a3000000, 0x00000006a3000000| Untracked 
|1095|0x00000006a3800000, 0x00000006a3800000, 0x00000006a4000000|  0%| F|  |TAMS 0x00000006a3800000, 0x00000006a3800000| Untracked 
|1096|0x00000006a4000000, 0x00000006a4000000, 0x00000006a4800000|  0%| F|  |TAMS 0x00000006a4000000, 0x00000006a4000000| Untracked 
|1097|0x00000006a4800000, 0x00000006a4800000, 0x00000006a5000000|  0%| F|  |TAMS 0x00000006a4800000, 0x00000006a4800000| Untracked 
|1098|0x00000006a5000000, 0x00000006a5000000, 0x00000006a5800000|  0%| F|  |TAMS 0x00000006a5000000, 0x00000006a5000000| Untracked 
|1099|0x00000006a5800000, 0x00000006a5800000, 0x00000006a6000000|  0%| F|  |TAMS 0x00000006a5800000, 0x00000006a5800000| Untracked 
|1100|0x00000006a6000000, 0x00000006a6000000, 0x00000006a6800000|  0%| F|  |TAMS 0x00000006a6000000, 0x00000006a6000000| Untracked 
|1101|0x00000006a6800000, 0x00000006a6800000, 0x00000006a7000000|  0%| F|  |TAMS 0x00000006a6800000, 0x00000006a6800000| Untracked 
|1102|0x00000006a7000000, 0x00000006a7000000, 0x00000006a7800000|  0%| F|  |TAMS 0x00000006a7000000, 0x00000006a7000000| Untracked 
|1103|0x00000006a7800000, 0x00000006a7800000, 0x00000006a8000000|  0%| F|  |TAMS 0x00000006a7800000, 0x00000006a7800000| Untracked 
|1104|0x00000006a8000000, 0x00000006a8000000, 0x00000006a8800000|  0%| F|  |TAMS 0x00000006a8000000, 0x00000006a8000000| Untracked 
|1105|0x00000006a8800000, 0x00000006a8800000, 0x00000006a9000000|  0%| F|  |TAMS 0x00000006a8800000, 0x00000006a8800000| Untracked 
|1106|0x00000006a9000000, 0x00000006a9000000, 0x00000006a9800000|  0%| F|  |TAMS 0x00000006a9000000, 0x00000006a9000000| Untracked 
|1107|0x00000006a9800000, 0x00000006a9800000, 0x00000006aa000000|  0%| F|  |TAMS 0x00000006a9800000, 0x00000006a9800000| Untracked 
|1108|0x00000006aa000000, 0x00000006aa000000, 0x00000006aa800000|  0%| F|  |TAMS 0x00000006aa000000, 0x00000006aa000000| Untracked 
|1109|0x00000006aa800000, 0x00000006aa800000, 0x00000006ab000000|  0%| F|  |TAMS 0x00000006aa800000, 0x00000006aa800000| Untracked 
|1110|0x00000006ab000000, 0x00000006ab000000, 0x00000006ab800000|  0%| F|  |TAMS 0x00000006ab000000, 0x00000006ab000000| Untracked 
|1111|0x00000006ab800000, 0x00000006ab800000, 0x00000006ac000000|  0%| F|  |TAMS 0x00000006ab800000, 0x00000006ab800000| Untracked 
|1112|0x00000006ac000000, 0x00000006ac000000, 0x00000006ac800000|  0%| F|  |TAMS 0x00000006ac000000, 0x00000006ac000000| Untracked 
|1113|0x00000006ac800000, 0x00000006ac800000, 0x00000006ad000000|  0%| F|  |TAMS 0x00000006ac800000, 0x00000006ac800000| Untracked 
|1114|0x00000006ad000000, 0x00000006ad000000, 0x00000006ad800000|  0%| F|  |TAMS 0x00000006ad000000, 0x00000006ad000000| Untracked 
|1115|0x00000006ad800000, 0x00000006ad800000, 0x00000006ae000000|  0%| F|  |TAMS 0x00000006ad800000, 0x00000006ad800000| Untracked 
|1116|0x00000006ae000000, 0x00000006ae000000, 0x00000006ae800000|  0%| F|  |TAMS 0x00000006ae000000, 0x00000006ae000000| Untracked 
|1117|0x00000006ae800000, 0x00000006ae800000, 0x00000006af000000|  0%| F|  |TAMS 0x00000006ae800000, 0x00000006ae800000| Untracked 
|1118|0x00000006af000000, 0x00000006af000000, 0x00000006af800000|  0%| F|  |TAMS 0x00000006af000000, 0x00000006af000000| Untracked 
|1119|0x00000006af800000, 0x00000006af800000, 0x00000006b0000000|  0%| F|  |TAMS 0x00000006af800000, 0x00000006af800000| Untracked 
|1120|0x00000006b0000000, 0x00000006b0000000, 0x00000006b0800000|  0%| F|  |TAMS 0x00000006b0000000, 0x00000006b0000000| Untracked 
|1121|0x00000006b0800000, 0x00000006b0800000, 0x00000006b1000000|  0%| F|  |TAMS 0x00000006b0800000, 0x00000006b0800000| Untracked 
|1122|0x00000006b1000000, 0x00000006b1000000, 0x00000006b1800000|  0%| F|  |TAMS 0x00000006b1000000, 0x00000006b1000000| Untracked 
|1123|0x00000006b1800000, 0x00000006b1800000, 0x00000006b2000000|  0%| F|  |TAMS 0x00000006b1800000, 0x00000006b1800000| Untracked 
|1124|0x00000006b2000000, 0x00000006b2000000, 0x00000006b2800000|  0%| F|  |TAMS 0x00000006b2000000, 0x00000006b2000000| Untracked 
|1125|0x00000006b2800000, 0x00000006b2800000, 0x00000006b3000000|  0%| F|  |TAMS 0x00000006b2800000, 0x00000006b2800000| Untracked 
|1126|0x00000006b3000000, 0x00000006b3000000, 0x00000006b3800000|  0%| F|  |TAMS 0x00000006b3000000, 0x00000006b3000000| Untracked 
|1127|0x00000006b3800000, 0x00000006b3800000, 0x00000006b4000000|  0%| F|  |TAMS 0x00000006b3800000, 0x00000006b3800000| Untracked 
|1128|0x00000006b4000000, 0x00000006b4000000, 0x00000006b4800000|  0%| F|  |TAMS 0x00000006b4000000, 0x00000006b4000000| Untracked 
|1129|0x00000006b4800000, 0x00000006b4800000, 0x00000006b5000000|  0%| F|  |TAMS 0x00000006b4800000, 0x00000006b4800000| Untracked 
|1130|0x00000006b5000000, 0x00000006b5000000, 0x00000006b5800000|  0%| F|  |TAMS 0x00000006b5000000, 0x00000006b5000000| Untracked 
|1131|0x00000006b5800000, 0x00000006b5800000, 0x00000006b6000000|  0%| F|  |TAMS 0x00000006b5800000, 0x00000006b5800000| Untracked 
|1132|0x00000006b6000000, 0x00000006b6000000, 0x00000006b6800000|  0%| F|  |TAMS 0x00000006b6000000, 0x00000006b6000000| Untracked 
|1133|0x00000006b6800000, 0x00000006b6800000, 0x00000006b7000000|  0%| F|  |TAMS 0x00000006b6800000, 0x00000006b6800000| Untracked 
|1134|0x00000006b7000000, 0x00000006b7000000, 0x00000006b7800000|  0%| F|  |TAMS 0x00000006b7000000, 0x00000006b7000000| Untracked 
|1135|0x00000006b7800000, 0x00000006b7800000, 0x00000006b8000000|  0%| F|  |TAMS 0x00000006b7800000, 0x00000006b7800000| Untracked 
|1136|0x00000006b8000000, 0x00000006b8000000, 0x00000006b8800000|  0%| F|  |TAMS 0x00000006b8000000, 0x00000006b8000000| Untracked 
|1137|0x00000006b8800000, 0x00000006b8800000, 0x00000006b9000000|  0%| F|  |TAMS 0x00000006b8800000, 0x00000006b8800000| Untracked 
|1138|0x00000006b9000000, 0x00000006b9000000, 0x00000006b9800000|  0%| F|  |TAMS 0x00000006b9000000, 0x00000006b9000000| Untracked 
|1139|0x00000006b9800000, 0x00000006b9800000, 0x00000006ba000000|  0%| F|  |TAMS 0x00000006b9800000, 0x00000006b9800000| Untracked 
|1140|0x00000006ba000000, 0x00000006ba000000, 0x00000006ba800000|  0%| F|  |TAMS 0x00000006ba000000, 0x00000006ba000000| Untracked 
|1141|0x00000006ba800000, 0x00000006ba800000, 0x00000006bb000000|  0%| F|  |TAMS 0x00000006ba800000, 0x00000006ba800000| Untracked 
|1142|0x00000006bb000000, 0x00000006bb000000, 0x00000006bb800000|  0%| F|  |TAMS 0x00000006bb000000, 0x00000006bb000000| Untracked 
|1143|0x00000006bb800000, 0x00000006bb800000, 0x00000006bc000000|  0%| F|  |TAMS 0x00000006bb800000, 0x00000006bb800000| Untracked 
|1144|0x00000006bc000000, 0x00000006bc000000, 0x00000006bc800000|  0%| F|  |TAMS 0x00000006bc000000, 0x00000006bc000000| Untracked 
|1145|0x00000006bc800000, 0x00000006bc800000, 0x00000006bd000000|  0%| F|  |TAMS 0x00000006bc800000, 0x00000006bc800000| Untracked 
|1146|0x00000006bd000000, 0x00000006bd000000, 0x00000006bd800000|  0%| F|  |TAMS 0x00000006bd000000, 0x00000006bd000000| Untracked 
|1147|0x00000006bd800000, 0x00000006bd800000, 0x00000006be000000|  0%| F|  |TAMS 0x00000006bd800000, 0x00000006bd800000| Untracked 
|1148|0x00000006be000000, 0x00000006be000000, 0x00000006be800000|  0%| F|  |TAMS 0x00000006be000000, 0x00000006be000000| Untracked 
|1149|0x00000006be800000, 0x00000006be800000, 0x00000006bf000000|  0%| F|  |TAMS 0x00000006be800000, 0x00000006be800000| Untracked 
|1150|0x00000006bf000000, 0x00000006bf000000, 0x00000006bf800000|  0%| F|  |TAMS 0x00000006bf000000, 0x00000006bf000000| Untracked 
|1151|0x00000006bf800000, 0x00000006bf800000, 0x00000006c0000000|  0%| F|  |TAMS 0x00000006bf800000, 0x00000006bf800000| Untracked 
|1152|0x00000006c0000000, 0x00000006c0000000, 0x00000006c0800000|  0%| F|  |TAMS 0x00000006c0000000, 0x00000006c0000000| Untracked 
|1153|0x00000006c0800000, 0x00000006c0800000, 0x00000006c1000000|  0%| F|  |TAMS 0x00000006c0800000, 0x00000006c0800000| Untracked 
|1154|0x00000006c1000000, 0x00000006c1000000, 0x00000006c1800000|  0%| F|  |TAMS 0x00000006c1000000, 0x00000006c1000000| Untracked 
|1155|0x00000006c1800000, 0x00000006c1800000, 0x00000006c2000000|  0%| F|  |TAMS 0x00000006c1800000, 0x00000006c1800000| Untracked 
|1156|0x00000006c2000000, 0x00000006c2000000, 0x00000006c2800000|  0%| F|  |TAMS 0x00000006c2000000, 0x00000006c2000000| Untracked 
|1157|0x00000006c2800000, 0x00000006c2800000, 0x00000006c3000000|  0%| F|  |TAMS 0x00000006c2800000, 0x00000006c2800000| Untracked 
|1158|0x00000006c3000000, 0x00000006c3000000, 0x00000006c3800000|  0%| F|  |TAMS 0x00000006c3000000, 0x00000006c3000000| Untracked 
|1159|0x00000006c3800000, 0x00000006c3800000, 0x00000006c4000000|  0%| F|  |TAMS 0x00000006c3800000, 0x00000006c3800000| Untracked 
|1160|0x00000006c4000000, 0x00000006c4000000, 0x00000006c4800000|  0%| F|  |TAMS 0x00000006c4000000, 0x00000006c4000000| Untracked 
|1161|0x00000006c4800000, 0x00000006c4800000, 0x00000006c5000000|  0%| F|  |TAMS 0x00000006c4800000, 0x00000006c4800000| Untracked 
|1162|0x00000006c5000000, 0x00000006c5000000, 0x00000006c5800000|  0%| F|  |TAMS 0x00000006c5000000, 0x00000006c5000000| Untracked 
|1163|0x00000006c5800000, 0x00000006c5800000, 0x00000006c6000000|  0%| F|  |TAMS 0x00000006c5800000, 0x00000006c5800000| Untracked 
|1164|0x00000006c6000000, 0x00000006c6000000, 0x00000006c6800000|  0%| F|  |TAMS 0x00000006c6000000, 0x00000006c6000000| Untracked 
|1165|0x00000006c6800000, 0x00000006c6800000, 0x00000006c7000000|  0%| F|  |TAMS 0x00000006c6800000, 0x00000006c6800000| Untracked 
|1166|0x00000006c7000000, 0x00000006c7000000, 0x00000006c7800000|  0%| F|  |TAMS 0x00000006c7000000, 0x00000006c7000000| Untracked 
|1167|0x00000006c7800000, 0x00000006c7800000, 0x00000006c8000000|  0%| F|  |TAMS 0x00000006c7800000, 0x00000006c7800000| Untracked 
|1168|0x00000006c8000000, 0x00000006c8000000, 0x00000006c8800000|  0%| F|  |TAMS 0x00000006c8000000, 0x00000006c8000000| Untracked 
|1169|0x00000006c8800000, 0x00000006c8800000, 0x00000006c9000000|  0%| F|  |TAMS 0x00000006c8800000, 0x00000006c8800000| Untracked 
|1170|0x00000006c9000000, 0x00000006c9000000, 0x00000006c9800000|  0%| F|  |TAMS 0x00000006c9000000, 0x00000006c9000000| Untracked 
|1171|0x00000006c9800000, 0x00000006c9800000, 0x00000006ca000000|  0%| F|  |TAMS 0x00000006c9800000, 0x00000006c9800000| Untracked 
|1172|0x00000006ca000000, 0x00000006ca000000, 0x00000006ca800000|  0%| F|  |TAMS 0x00000006ca000000, 0x00000006ca000000| Untracked 
|1173|0x00000006ca800000, 0x00000006ca800000, 0x00000006cb000000|  0%| F|  |TAMS 0x00000006ca800000, 0x00000006ca800000| Untracked 
|1174|0x00000006cb000000, 0x00000006cb000000, 0x00000006cb800000|  0%| F|  |TAMS 0x00000006cb000000, 0x00000006cb000000| Untracked 
|1175|0x00000006cb800000, 0x00000006cb800000, 0x00000006cc000000|  0%| F|  |TAMS 0x00000006cb800000, 0x00000006cb800000| Untracked 
|1176|0x00000006cc000000, 0x00000006cc000000, 0x00000006cc800000|  0%| F|  |TAMS 0x00000006cc000000, 0x00000006cc000000| Untracked 
|1177|0x00000006cc800000, 0x00000006cc800000, 0x00000006cd000000|  0%| F|  |TAMS 0x00000006cc800000, 0x00000006cc800000| Untracked 
|1178|0x00000006cd000000, 0x00000006cd000000, 0x00000006cd800000|  0%| F|  |TAMS 0x00000006cd000000, 0x00000006cd000000| Untracked 
|1179|0x00000006cd800000, 0x00000006cd800000, 0x00000006ce000000|  0%| F|  |TAMS 0x00000006cd800000, 0x00000006cd800000| Untracked 
|1180|0x00000006ce000000, 0x00000006ce000000, 0x00000006ce800000|  0%| F|  |TAMS 0x00000006ce000000, 0x00000006ce000000| Untracked 
|1181|0x00000006ce800000, 0x00000006ce800000, 0x00000006cf000000|  0%| F|  |TAMS 0x00000006ce800000, 0x00000006ce800000| Untracked 
|1182|0x00000006cf000000, 0x00000006cf000000, 0x00000006cf800000|  0%| F|  |TAMS 0x00000006cf000000, 0x00000006cf000000| Untracked 
|1183|0x00000006cf800000, 0x00000006cf800000, 0x00000006d0000000|  0%| F|  |TAMS 0x00000006cf800000, 0x00000006cf800000| Untracked 
|1184|0x00000006d0000000, 0x00000006d0000000, 0x00000006d0800000|  0%| F|  |TAMS 0x00000006d0000000, 0x00000006d0000000| Untracked 
|1185|0x00000006d0800000, 0x00000006d0800000, 0x00000006d1000000|  0%| F|  |TAMS 0x00000006d0800000, 0x00000006d0800000| Untracked 
|1186|0x00000006d1000000, 0x00000006d1000000, 0x00000006d1800000|  0%| F|  |TAMS 0x00000006d1000000, 0x00000006d1000000| Untracked 
|1187|0x00000006d1800000, 0x00000006d1800000, 0x00000006d2000000|  0%| F|  |TAMS 0x00000006d1800000, 0x00000006d1800000| Untracked 
|1188|0x00000006d2000000, 0x00000006d2000000, 0x00000006d2800000|  0%| F|  |TAMS 0x00000006d2000000, 0x00000006d2000000| Untracked 
|1189|0x00000006d2800000, 0x00000006d2800000, 0x00000006d3000000|  0%| F|  |TAMS 0x00000006d2800000, 0x00000006d2800000| Untracked 
|1190|0x00000006d3000000, 0x00000006d3000000, 0x00000006d3800000|  0%| F|  |TAMS 0x00000006d3000000, 0x00000006d3000000| Untracked 
|1191|0x00000006d3800000, 0x00000006d3800000, 0x00000006d4000000|  0%| F|  |TAMS 0x00000006d3800000, 0x00000006d3800000| Untracked 
|1192|0x00000006d4000000, 0x00000006d4000000, 0x00000006d4800000|  0%| F|  |TAMS 0x00000006d4000000, 0x00000006d4000000| Untracked 
|1193|0x00000006d4800000, 0x00000006d4800000, 0x00000006d5000000|  0%| F|  |TAMS 0x00000006d4800000, 0x00000006d4800000| Untracked 
|1194|0x00000006d5000000, 0x00000006d5000000, 0x00000006d5800000|  0%| F|  |TAMS 0x00000006d5000000, 0x00000006d5000000| Untracked 
|1195|0x00000006d5800000, 0x00000006d5800000, 0x00000006d6000000|  0%| F|  |TAMS 0x00000006d5800000, 0x00000006d5800000| Untracked 
|1196|0x00000006d6000000, 0x00000006d6000000, 0x00000006d6800000|  0%| F|  |TAMS 0x00000006d6000000, 0x00000006d6000000| Untracked 
|1197|0x00000006d6800000, 0x00000006d6800000, 0x00000006d7000000|  0%| F|  |TAMS 0x00000006d6800000, 0x00000006d6800000| Untracked 
|1198|0x00000006d7000000, 0x00000006d7000000, 0x00000006d7800000|  0%| F|  |TAMS 0x00000006d7000000, 0x00000006d7000000| Untracked 
|1199|0x00000006d7800000, 0x00000006d7800000, 0x00000006d8000000|  0%| F|  |TAMS 0x00000006d7800000, 0x00000006d7800000| Untracked 
|1200|0x00000006d8000000, 0x00000006d8000000, 0x00000006d8800000|  0%| F|  |TAMS 0x00000006d8000000, 0x00000006d8000000| Untracked 
|1201|0x00000006d8800000, 0x00000006d8800000, 0x00000006d9000000|  0%| F|  |TAMS 0x00000006d8800000, 0x00000006d8800000| Untracked 
|1202|0x00000006d9000000, 0x00000006d9000000, 0x00000006d9800000|  0%| F|  |TAMS 0x00000006d9000000, 0x00000006d9000000| Untracked 
|1203|0x00000006d9800000, 0x00000006d9800000, 0x00000006da000000|  0%| F|  |TAMS 0x00000006d9800000, 0x00000006d9800000| Untracked 
|1204|0x00000006da000000, 0x00000006da000000, 0x00000006da800000|  0%| F|  |TAMS 0x00000006da000000, 0x00000006da000000| Untracked 
|1205|0x00000006da800000, 0x00000006da800000, 0x00000006db000000|  0%| F|  |TAMS 0x00000006da800000, 0x00000006da800000| Untracked 
|1206|0x00000006db000000, 0x00000006db000000, 0x00000006db800000|  0%| F|  |TAMS 0x00000006db000000, 0x00000006db000000| Untracked 
|1207|0x00000006db800000, 0x00000006db800000, 0x00000006dc000000|  0%| F|  |TAMS 0x00000006db800000, 0x00000006db800000| Untracked 
|1208|0x00000006dc000000, 0x00000006dc000000, 0x00000006dc800000|  0%| F|  |TAMS 0x00000006dc000000, 0x00000006dc000000| Untracked 
|1209|0x00000006dc800000, 0x00000006dc800000, 0x00000006dd000000|  0%| F|  |TAMS 0x00000006dc800000, 0x00000006dc800000| Untracked 
|1210|0x00000006dd000000, 0x00000006dd000000, 0x00000006dd800000|  0%| F|  |TAMS 0x00000006dd000000, 0x00000006dd000000| Untracked 
|1211|0x00000006dd800000, 0x00000006dd800000, 0x00000006de000000|  0%| F|  |TAMS 0x00000006dd800000, 0x00000006dd800000| Untracked 
|1212|0x00000006de000000, 0x00000006de000000, 0x00000006de800000|  0%| F|  |TAMS 0x00000006de000000, 0x00000006de000000| Untracked 
|1213|0x00000006de800000, 0x00000006de800000, 0x00000006df000000|  0%| F|  |TAMS 0x00000006de800000, 0x00000006de800000| Untracked 
|1214|0x00000006df000000, 0x00000006df000000, 0x00000006df800000|  0%| F|  |TAMS 0x00000006df000000, 0x00000006df000000| Untracked 
|1215|0x00000006df800000, 0x00000006df800000, 0x00000006e0000000|  0%| F|  |TAMS 0x00000006df800000, 0x00000006df800000| Untracked 
|1216|0x00000006e0000000, 0x00000006e0000000, 0x00000006e0800000|  0%| F|  |TAMS 0x00000006e0000000, 0x00000006e0000000| Untracked 
|1217|0x00000006e0800000, 0x00000006e0800000, 0x00000006e1000000|  0%| F|  |TAMS 0x00000006e0800000, 0x00000006e0800000| Untracked 
|1218|0x00000006e1000000, 0x00000006e1000000, 0x00000006e1800000|  0%| F|  |TAMS 0x00000006e1000000, 0x00000006e1000000| Untracked 
|1219|0x00000006e1800000, 0x00000006e1800000, 0x00000006e2000000|  0%| F|  |TAMS 0x00000006e1800000, 0x00000006e1800000| Untracked 
|1220|0x00000006e2000000, 0x00000006e2000000, 0x00000006e2800000|  0%| F|  |TAMS 0x00000006e2000000, 0x00000006e2000000| Untracked 
|1221|0x00000006e2800000, 0x00000006e2800000, 0x00000006e3000000|  0%| F|  |TAMS 0x00000006e2800000, 0x00000006e2800000| Untracked 
|1222|0x00000006e3000000, 0x00000006e3000000, 0x00000006e3800000|  0%| F|  |TAMS 0x00000006e3000000, 0x00000006e3000000| Untracked 
|1223|0x00000006e3800000, 0x00000006e3800000, 0x00000006e4000000|  0%| F|  |TAMS 0x00000006e3800000, 0x00000006e3800000| Untracked 
|1224|0x00000006e4000000, 0x00000006e4000000, 0x00000006e4800000|  0%| F|  |TAMS 0x00000006e4000000, 0x00000006e4000000| Untracked 
|1225|0x00000006e4800000, 0x00000006e4800000, 0x00000006e5000000|  0%| F|  |TAMS 0x00000006e4800000, 0x00000006e4800000| Untracked 
|1226|0x00000006e5000000, 0x00000006e5000000, 0x00000006e5800000|  0%| F|  |TAMS 0x00000006e5000000, 0x00000006e5000000| Untracked 
|1227|0x00000006e5800000, 0x00000006e5800000, 0x00000006e6000000|  0%| F|  |TAMS 0x00000006e5800000, 0x00000006e5800000| Untracked 
|1228|0x00000006e6000000, 0x00000006e6000000, 0x00000006e6800000|  0%| F|  |TAMS 0x00000006e6000000, 0x00000006e6000000| Untracked 
|1229|0x00000006e6800000, 0x00000006e6800000, 0x00000006e7000000|  0%| F|  |TAMS 0x00000006e6800000, 0x00000006e6800000| Untracked 
|1230|0x00000006e7000000, 0x00000006e7000000, 0x00000006e7800000|  0%| F|  |TAMS 0x00000006e7000000, 0x00000006e7000000| Untracked 
|1231|0x00000006e7800000, 0x00000006e7800000, 0x00000006e8000000|  0%| F|  |TAMS 0x00000006e7800000, 0x00000006e7800000| Untracked 
|1232|0x00000006e8000000, 0x00000006e8000000, 0x00000006e8800000|  0%| F|  |TAMS 0x00000006e8000000, 0x00000006e8000000| Untracked 
|1233|0x00000006e8800000, 0x00000006e8800000, 0x00000006e9000000|  0%| F|  |TAMS 0x00000006e8800000, 0x00000006e8800000| Untracked 
|1234|0x00000006e9000000, 0x00000006e9000000, 0x00000006e9800000|  0%| F|  |TAMS 0x00000006e9000000, 0x00000006e9000000| Untracked 
|1235|0x00000006e9800000, 0x00000006e9800000, 0x00000006ea000000|  0%| F|  |TAMS 0x00000006e9800000, 0x00000006e9800000| Untracked 
|1236|0x00000006ea000000, 0x00000006ea000000, 0x00000006ea800000|  0%| F|  |TAMS 0x00000006ea000000, 0x00000006ea000000| Untracked 
|1237|0x00000006ea800000, 0x00000006ea800000, 0x00000006eb000000|  0%| F|  |TAMS 0x00000006ea800000, 0x00000006ea800000| Untracked 
|1238|0x00000006eb000000, 0x00000006eb000000, 0x00000006eb800000|  0%| F|  |TAMS 0x00000006eb000000, 0x00000006eb000000| Untracked 
|1239|0x00000006eb800000, 0x00000006eb800000, 0x00000006ec000000|  0%| F|  |TAMS 0x00000006eb800000, 0x00000006eb800000| Untracked 
|1240|0x00000006ec000000, 0x00000006ec000000, 0x00000006ec800000|  0%| F|  |TAMS 0x00000006ec000000, 0x00000006ec000000| Untracked 
|1241|0x00000006ec800000, 0x00000006ec800000, 0x00000006ed000000|  0%| F|  |TAMS 0x00000006ec800000, 0x00000006ec800000| Untracked 
|1242|0x00000006ed000000, 0x00000006ed000000, 0x00000006ed800000|  0%| F|  |TAMS 0x00000006ed000000, 0x00000006ed000000| Untracked 
|1243|0x00000006ed800000, 0x00000006ed800000, 0x00000006ee000000|  0%| F|  |TAMS 0x00000006ed800000, 0x00000006ed800000| Untracked 
|1244|0x00000006ee000000, 0x00000006ee000000, 0x00000006ee800000|  0%| F|  |TAMS 0x00000006ee000000, 0x00000006ee000000| Untracked 
|1245|0x00000006ee800000, 0x00000006ee800000, 0x00000006ef000000|  0%| F|  |TAMS 0x00000006ee800000, 0x00000006ee800000| Untracked 
|1246|0x00000006ef000000, 0x00000006ef000000, 0x00000006ef800000|  0%| F|  |TAMS 0x00000006ef000000, 0x00000006ef000000| Untracked 
|1247|0x00000006ef800000, 0x00000006ef800000, 0x00000006f0000000|  0%| F|  |TAMS 0x00000006ef800000, 0x00000006ef800000| Untracked 
|1248|0x00000006f0000000, 0x00000006f0000000, 0x00000006f0800000|  0%| F|  |TAMS 0x00000006f0000000, 0x00000006f0000000| Untracked 
|1249|0x00000006f0800000, 0x00000006f0800000, 0x00000006f1000000|  0%| F|  |TAMS 0x00000006f0800000, 0x00000006f0800000| Untracked 
|1250|0x00000006f1000000, 0x00000006f1000000, 0x00000006f1800000|  0%| F|  |TAMS 0x00000006f1000000, 0x00000006f1000000| Untracked 
|1251|0x00000006f1800000, 0x00000006f1800000, 0x00000006f2000000|  0%| F|  |TAMS 0x00000006f1800000, 0x00000006f1800000| Untracked 
|1252|0x00000006f2000000, 0x00000006f2000000, 0x00000006f2800000|  0%| F|  |TAMS 0x00000006f2000000, 0x00000006f2000000| Untracked 
|1253|0x00000006f2800000, 0x00000006f2800000, 0x00000006f3000000|  0%| F|  |TAMS 0x00000006f2800000, 0x00000006f2800000| Untracked 
|1254|0x00000006f3000000, 0x00000006f3000000, 0x00000006f3800000|  0%| F|  |TAMS 0x00000006f3000000, 0x00000006f3000000| Untracked 
|1255|0x00000006f3800000, 0x00000006f3800000, 0x00000006f4000000|  0%| F|  |TAMS 0x00000006f3800000, 0x00000006f3800000| Untracked 
|1256|0x00000006f4000000, 0x00000006f4000000, 0x00000006f4800000|  0%| F|  |TAMS 0x00000006f4000000, 0x00000006f4000000| Untracked 
|1257|0x00000006f4800000, 0x00000006f4800000, 0x00000006f5000000|  0%| F|  |TAMS 0x00000006f4800000, 0x00000006f4800000| Untracked 
|1258|0x00000006f5000000, 0x00000006f5000000, 0x00000006f5800000|  0%| F|  |TAMS 0x00000006f5000000, 0x00000006f5000000| Untracked 
|1259|0x00000006f5800000, 0x00000006f5800000, 0x00000006f6000000|  0%| F|  |TAMS 0x00000006f5800000, 0x00000006f5800000| Untracked 
|1260|0x00000006f6000000, 0x00000006f6000000, 0x00000006f6800000|  0%| F|  |TAMS 0x00000006f6000000, 0x00000006f6000000| Untracked 
|1261|0x00000006f6800000, 0x00000006f6800000, 0x00000006f7000000|  0%| F|  |TAMS 0x00000006f6800000, 0x00000006f6800000| Untracked 
|1262|0x00000006f7000000, 0x00000006f7000000, 0x00000006f7800000|  0%| F|  |TAMS 0x00000006f7000000, 0x00000006f7000000| Untracked 
|1263|0x00000006f7800000, 0x00000006f7800000, 0x00000006f8000000|  0%| F|  |TAMS 0x00000006f7800000, 0x00000006f7800000| Untracked 
|1264|0x00000006f8000000, 0x00000006f8000000, 0x00000006f8800000|  0%| F|  |TAMS 0x00000006f8000000, 0x00000006f8000000| Untracked 
|1265|0x00000006f8800000, 0x00000006f8800000, 0x00000006f9000000|  0%| F|  |TAMS 0x00000006f8800000, 0x00000006f8800000| Untracked 
|1266|0x00000006f9000000, 0x00000006f9000000, 0x00000006f9800000|  0%| F|  |TAMS 0x00000006f9000000, 0x00000006f9000000| Untracked 
|1267|0x00000006f9800000, 0x00000006f9800000, 0x00000006fa000000|  0%| F|  |TAMS 0x00000006f9800000, 0x00000006f9800000| Untracked 
|1268|0x00000006fa000000, 0x00000006fa000000, 0x00000006fa800000|  0%| F|  |TAMS 0x00000006fa000000, 0x00000006fa000000| Untracked 
|1269|0x00000006fa800000, 0x00000006fa800000, 0x00000006fb000000|  0%| F|  |TAMS 0x00000006fa800000, 0x00000006fa800000| Untracked 
|1270|0x00000006fb000000, 0x00000006fb000000, 0x00000006fb800000|  0%| F|  |TAMS 0x00000006fb000000, 0x00000006fb000000| Untracked 
|1271|0x00000006fb800000, 0x00000006fb800000, 0x00000006fc000000|  0%| F|  |TAMS 0x00000006fb800000, 0x00000006fb800000| Untracked 
|1272|0x00000006fc000000, 0x00000006fc000000, 0x00000006fc800000|  0%| F|  |TAMS 0x00000006fc000000, 0x00000006fc000000| Untracked 
|1273|0x00000006fc800000, 0x00000006fc800000, 0x00000006fd000000|  0%| F|  |TAMS 0x00000006fc800000, 0x00000006fc800000| Untracked 
|1274|0x00000006fd000000, 0x00000006fd000000, 0x00000006fd800000|  0%| F|  |TAMS 0x00000006fd000000, 0x00000006fd000000| Untracked 
|1275|0x00000006fd800000, 0x00000006fd800000, 0x00000006fe000000|  0%| F|  |TAMS 0x00000006fd800000, 0x00000006fd800000| Untracked 
|1276|0x00000006fe000000, 0x00000006fe000000, 0x00000006fe800000|  0%| F|  |TAMS 0x00000006fe000000, 0x00000006fe000000| Untracked 
|1277|0x00000006fe800000, 0x00000006fe800000, 0x00000006ff000000|  0%| F|  |TAMS 0x00000006fe800000, 0x00000006fe800000| Untracked 
|1278|0x00000006ff000000, 0x00000006ff000000, 0x00000006ff800000|  0%| F|  |TAMS 0x00000006ff000000, 0x00000006ff000000| Untracked 
|1279|0x00000006ff800000, 0x00000006ff800000, 0x0000000700000000|  0%| F|  |TAMS 0x00000006ff800000, 0x00000006ff800000| Untracked 
|1280|0x0000000700000000, 0x0000000700000000, 0x0000000700800000|  0%| F|  |TAMS 0x0000000700000000, 0x0000000700000000| Untracked 
|1281|0x0000000700800000, 0x0000000700800000, 0x0000000701000000|  0%| F|  |TAMS 0x0000000700800000, 0x0000000700800000| Untracked 
|1282|0x0000000701000000, 0x0000000701000000, 0x0000000701800000|  0%| F|  |TAMS 0x0000000701000000, 0x0000000701000000| Untracked 
|1283|0x0000000701800000, 0x0000000701800000, 0x0000000702000000|  0%| F|  |TAMS 0x0000000701800000, 0x0000000701800000| Untracked 
|1284|0x0000000702000000, 0x0000000702000000, 0x0000000702800000|  0%| F|  |TAMS 0x0000000702000000, 0x0000000702000000| Untracked 
|1285|0x0000000702800000, 0x0000000702800000, 0x0000000703000000|  0%| F|  |TAMS 0x0000000702800000, 0x0000000702800000| Untracked 
|1286|0x0000000703000000, 0x0000000703000000, 0x0000000703800000|  0%| F|  |TAMS 0x0000000703000000, 0x0000000703000000| Untracked 
|1287|0x0000000703800000, 0x0000000703800000, 0x0000000704000000|  0%| F|  |TAMS 0x0000000703800000, 0x0000000703800000| Untracked 
|1288|0x0000000704000000, 0x0000000704000000, 0x0000000704800000|  0%| F|  |TAMS 0x0000000704000000, 0x0000000704000000| Untracked 
|1289|0x0000000704800000, 0x0000000704800000, 0x0000000705000000|  0%| F|  |TAMS 0x0000000704800000, 0x0000000704800000| Untracked 
|1290|0x0000000705000000, 0x0000000705000000, 0x0000000705800000|  0%| F|  |TAMS 0x0000000705000000, 0x0000000705000000| Untracked 
|1291|0x0000000705800000, 0x0000000705800000, 0x0000000706000000|  0%| F|  |TAMS 0x0000000705800000, 0x0000000705800000| Untracked 
|1292|0x0000000706000000, 0x0000000706000000, 0x0000000706800000|  0%| F|  |TAMS 0x0000000706000000, 0x0000000706000000| Untracked 
|1293|0x0000000706800000, 0x0000000706800000, 0x0000000707000000|  0%| F|  |TAMS 0x0000000706800000, 0x0000000706800000| Untracked 
|1294|0x0000000707000000, 0x00000007077947a0, 0x0000000707800000| 94%| S|CS|TAMS 0x0000000707000000, 0x0000000707000000| Complete 
|1295|0x0000000707800000, 0x0000000708000000, 0x0000000708000000|100%| S|CS|TAMS 0x0000000707800000, 0x0000000707800000| Complete 
|1296|0x0000000708000000, 0x0000000708800000, 0x0000000708800000|100%| S|CS|TAMS 0x0000000708000000, 0x0000000708000000| Complete 
|1297|0x0000000708800000, 0x0000000709000000, 0x0000000709000000|100%| S|CS|TAMS 0x0000000708800000, 0x0000000708800000| Complete 
|1298|0x0000000709000000, 0x0000000709000000, 0x0000000709800000|  0%| F|  |TAMS 0x0000000709000000, 0x0000000709000000| Untracked 
|1299|0x0000000709800000, 0x0000000709800000, 0x000000070a000000|  0%| F|  |TAMS 0x0000000709800000, 0x0000000709800000| Untracked 
|1300|0x000000070a000000, 0x000000070a000000, 0x000000070a800000|  0%| F|  |TAMS 0x000000070a000000, 0x000000070a000000| Untracked 
|1301|0x000000070a800000, 0x000000070a800000, 0x000000070b000000|  0%| F|  |TAMS 0x000000070a800000, 0x000000070a800000| Untracked 
|1302|0x000000070b000000, 0x000000070b000000, 0x000000070b800000|  0%| F|  |TAMS 0x000000070b000000, 0x000000070b000000| Untracked 
|1303|0x000000070b800000, 0x000000070b800000, 0x000000070c000000|  0%| F|  |TAMS 0x000000070b800000, 0x000000070b800000| Untracked 
|1304|0x000000070c000000, 0x000000070c000000, 0x000000070c800000|  0%| F|  |TAMS 0x000000070c000000, 0x000000070c000000| Untracked 
|1305|0x000000070c800000, 0x000000070c800000, 0x000000070d000000|  0%| F|  |TAMS 0x000000070c800000, 0x000000070c800000| Untracked 
|1306|0x000000070d000000, 0x000000070d000000, 0x000000070d800000|  0%| F|  |TAMS 0x000000070d000000, 0x000000070d000000| Untracked 
|1307|0x000000070d800000, 0x000000070d800000, 0x000000070e000000|  0%| F|  |TAMS 0x000000070d800000, 0x000000070d800000| Untracked 
|1308|0x000000070e000000, 0x000000070e000000, 0x000000070e800000|  0%| F|  |TAMS 0x000000070e000000, 0x000000070e000000| Untracked 
|1309|0x000000070e800000, 0x000000070e800000, 0x000000070f000000|  0%| F|  |TAMS 0x000000070e800000, 0x000000070e800000| Untracked 
|1310|0x000000070f000000, 0x000000070f000000, 0x000000070f800000|  0%| F|  |TAMS 0x000000070f000000, 0x000000070f000000| Untracked 
|1311|0x000000070f800000, 0x000000070f800000, 0x0000000710000000|  0%| F|  |TAMS 0x000000070f800000, 0x000000070f800000| Untracked 
|1312|0x0000000710000000, 0x0000000710000000, 0x0000000710800000|  0%| F|  |TAMS 0x0000000710000000, 0x0000000710000000| Untracked 
|1313|0x0000000710800000, 0x0000000710800000, 0x0000000711000000|  0%| F|  |TAMS 0x0000000710800000, 0x0000000710800000| Untracked 
|1314|0x0000000711000000, 0x0000000711000000, 0x0000000711800000|  0%| F|  |TAMS 0x0000000711000000, 0x0000000711000000| Untracked 
|1315|0x0000000711800000, 0x0000000711800000, 0x0000000712000000|  0%| F|  |TAMS 0x0000000711800000, 0x0000000711800000| Untracked 
|1316|0x0000000712000000, 0x0000000712000000, 0x0000000712800000|  0%| F|  |TAMS 0x0000000712000000, 0x0000000712000000| Untracked 
|1317|0x0000000712800000, 0x0000000712800000, 0x0000000713000000|  0%| F|  |TAMS 0x0000000712800000, 0x0000000712800000| Untracked 
|1318|0x0000000713000000, 0x0000000713000000, 0x0000000713800000|  0%| F|  |TAMS 0x0000000713000000, 0x0000000713000000| Untracked 
|1319|0x0000000713800000, 0x0000000713800000, 0x0000000714000000|  0%| F|  |TAMS 0x0000000713800000, 0x0000000713800000| Untracked 
|1320|0x0000000714000000, 0x0000000714000000, 0x0000000714800000|  0%| F|  |TAMS 0x0000000714000000, 0x0000000714000000| Untracked 
|1321|0x0000000714800000, 0x0000000714800000, 0x0000000715000000|  0%| F|  |TAMS 0x0000000714800000, 0x0000000714800000| Untracked 
|1322|0x0000000715000000, 0x0000000715000000, 0x0000000715800000|  0%| F|  |TAMS 0x0000000715000000, 0x0000000715000000| Untracked 
|1323|0x0000000715800000, 0x0000000715800000, 0x0000000716000000|  0%| F|  |TAMS 0x0000000715800000, 0x0000000715800000| Untracked 
|1324|0x0000000716000000, 0x0000000716000000, 0x0000000716800000|  0%| F|  |TAMS 0x0000000716000000, 0x0000000716000000| Untracked 
|1325|0x0000000716800000, 0x0000000716800000, 0x0000000717000000|  0%| F|  |TAMS 0x0000000716800000, 0x0000000716800000| Untracked 
|1326|0x0000000717000000, 0x0000000717000000, 0x0000000717800000|  0%| F|  |TAMS 0x0000000717000000, 0x0000000717000000| Untracked 
|1327|0x0000000717800000, 0x0000000717800000, 0x0000000718000000|  0%| F|  |TAMS 0x0000000717800000, 0x0000000717800000| Untracked 
|1328|0x0000000718000000, 0x0000000718000000, 0x0000000718800000|  0%| F|  |TAMS 0x0000000718000000, 0x0000000718000000| Untracked 
|1329|0x0000000718800000, 0x0000000718800000, 0x0000000719000000|  0%| F|  |TAMS 0x0000000718800000, 0x0000000718800000| Untracked 
|1330|0x0000000719000000, 0x0000000719000000, 0x0000000719800000|  0%| F|  |TAMS 0x0000000719000000, 0x0000000719000000| Untracked 
|1331|0x0000000719800000, 0x0000000719800000, 0x000000071a000000|  0%| F|  |TAMS 0x0000000719800000, 0x0000000719800000| Untracked 
|1332|0x000000071a000000, 0x000000071a000000, 0x000000071a800000|  0%| F|  |TAMS 0x000000071a000000, 0x000000071a000000| Untracked 
|1333|0x000000071a800000, 0x000000071a800000, 0x000000071b000000|  0%| F|  |TAMS 0x000000071a800000, 0x000000071a800000| Untracked 
|1334|0x000000071b000000, 0x000000071b000000, 0x000000071b800000|  0%| F|  |TAMS 0x000000071b000000, 0x000000071b000000| Untracked 
|1335|0x000000071b800000, 0x000000071b800000, 0x000000071c000000|  0%| F|  |TAMS 0x000000071b800000, 0x000000071b800000| Untracked 
|1336|0x000000071c000000, 0x000000071c000000, 0x000000071c800000|  0%| F|  |TAMS 0x000000071c000000, 0x000000071c000000| Untracked 
|1337|0x000000071c800000, 0x000000071c800000, 0x000000071d000000|  0%| F|  |TAMS 0x000000071c800000, 0x000000071c800000| Untracked 
|1338|0x000000071d000000, 0x000000071d000000, 0x000000071d800000|  0%| F|  |TAMS 0x000000071d000000, 0x000000071d000000| Untracked 
|1339|0x000000071d800000, 0x000000071d800000, 0x000000071e000000|  0%| F|  |TAMS 0x000000071d800000, 0x000000071d800000| Untracked 
|1340|0x000000071e000000, 0x000000071e000000, 0x000000071e800000|  0%| F|  |TAMS 0x000000071e000000, 0x000000071e000000| Untracked 
|1341|0x000000071e800000, 0x000000071e800000, 0x000000071f000000|  0%| F|  |TAMS 0x000000071e800000, 0x000000071e800000| Untracked 
|1342|0x000000071f000000, 0x000000071f000000, 0x000000071f800000|  0%| F|  |TAMS 0x000000071f000000, 0x000000071f000000| Untracked 
|1343|0x000000071f800000, 0x000000071f800000, 0x0000000720000000|  0%| F|  |TAMS 0x000000071f800000, 0x000000071f800000| Untracked 
|1344|0x0000000720000000, 0x0000000720000000, 0x0000000720800000|  0%| F|  |TAMS 0x0000000720000000, 0x0000000720000000| Untracked 
|1345|0x0000000720800000, 0x0000000720800000, 0x0000000721000000|  0%| F|  |TAMS 0x0000000720800000, 0x0000000720800000| Untracked 
|1346|0x0000000721000000, 0x0000000721000000, 0x0000000721800000|  0%| F|  |TAMS 0x0000000721000000, 0x0000000721000000| Untracked 
|1347|0x0000000721800000, 0x0000000721800000, 0x0000000722000000|  0%| F|  |TAMS 0x0000000721800000, 0x0000000721800000| Untracked 
|1348|0x0000000722000000, 0x0000000722000000, 0x0000000722800000|  0%| F|  |TAMS 0x0000000722000000, 0x0000000722000000| Untracked 
|1349|0x0000000722800000, 0x0000000722800000, 0x0000000723000000|  0%| F|  |TAMS 0x0000000722800000, 0x0000000722800000| Untracked 
|1350|0x0000000723000000, 0x0000000723000000, 0x0000000723800000|  0%| F|  |TAMS 0x0000000723000000, 0x0000000723000000| Untracked 
|1351|0x0000000723800000, 0x0000000723800000, 0x0000000724000000|  0%| F|  |TAMS 0x0000000723800000, 0x0000000723800000| Untracked 
|1352|0x0000000724000000, 0x0000000724000000, 0x0000000724800000|  0%| F|  |TAMS 0x0000000724000000, 0x0000000724000000| Untracked 
|1353|0x0000000724800000, 0x0000000724800000, 0x0000000725000000|  0%| F|  |TAMS 0x0000000724800000, 0x0000000724800000| Untracked 
|1354|0x0000000725000000, 0x0000000725000000, 0x0000000725800000|  0%| F|  |TAMS 0x0000000725000000, 0x0000000725000000| Untracked 
|1355|0x0000000725800000, 0x0000000725800000, 0x0000000726000000|  0%| F|  |TAMS 0x0000000725800000, 0x0000000725800000| Untracked 
|1356|0x0000000726000000, 0x0000000726000000, 0x0000000726800000|  0%| F|  |TAMS 0x0000000726000000, 0x0000000726000000| Untracked 
|1357|0x0000000726800000, 0x0000000726800000, 0x0000000727000000|  0%| F|  |TAMS 0x0000000726800000, 0x0000000726800000| Untracked 
|1358|0x0000000727000000, 0x0000000727000000, 0x0000000727800000|  0%| F|  |TAMS 0x0000000727000000, 0x0000000727000000| Untracked 
|1359|0x0000000727800000, 0x0000000727800000, 0x0000000728000000|  0%| F|  |TAMS 0x0000000727800000, 0x0000000727800000| Untracked 
|1360|0x0000000728000000, 0x0000000728000000, 0x0000000728800000|  0%| F|  |TAMS 0x0000000728000000, 0x0000000728000000| Untracked 
|1361|0x0000000728800000, 0x0000000728800000, 0x0000000729000000|  0%| F|  |TAMS 0x0000000728800000, 0x0000000728800000| Untracked 
|1362|0x0000000729000000, 0x0000000729000000, 0x0000000729800000|  0%| F|  |TAMS 0x0000000729000000, 0x0000000729000000| Untracked 
|1363|0x0000000729800000, 0x0000000729800000, 0x000000072a000000|  0%| F|  |TAMS 0x0000000729800000, 0x0000000729800000| Untracked 
|1364|0x000000072a000000, 0x000000072a000000, 0x000000072a800000|  0%| F|  |TAMS 0x000000072a000000, 0x000000072a000000| Untracked 
|1365|0x000000072a800000, 0x000000072a800000, 0x000000072b000000|  0%| F|  |TAMS 0x000000072a800000, 0x000000072a800000| Untracked 
|1791|0x00000007ff800000, 0x0000000800000000, 0x0000000800000000|100%| O|  |TAMS 0x0000000800000000, 0x00000007ff800000| Untracked 

Card table byte_map: [0x00000192eb400000,0x00000192ed000000] _byte_map_base: 0x00000192e9000000

Marking Bits (Prev, Next): (CMBitMap*) 0x00000192fcc44160, (CMBitMap*) 0x00000192fcc44120
 Prev Bits: [0x0000019280000000, 0x000001928e000000)
 Next Bits: [0x00000192eec00000, 0x00000192fcc00000)

Polling page: 0x00000192d0250000

Metaspace:

Usage:
  Non-class:    137.74 MB used.
      Class:     19.95 MB used.
       Both:    157.69 MB used.

Virtual space:
  Non-class space:      192.00 MB reserved,     138.81 MB ( 72%) committed,  3 nodes.
      Class space:        1.00 GB reserved,      21.00 MB (  2%) committed,  1 nodes.
             Both:        1.19 GB reserved,     159.81 MB ( 13%) committed. 

Chunk freelists:
   Non-Class:  4.83 MB
       Class:  11.06 MB
        Both:  15.88 MB

MaxMetaspaceSize: unlimited
CompressedClassSpaceSize: 1.00 GB
Initial GC threshold: 21.00 MB
Current GC threshold: 265.25 MB
CDS: on
MetaspaceReclaimPolicy: balanced
 - commit_granule_bytes: 65536.
 - commit_granule_words: 8192.
 - virtual_space_node_default_size: 8388608.
 - enlarge_chunks_in_place: 1.
 - new_chunks_are_fully_committed: 0.
 - uncommit_free_chunks: 1.
 - use_allocation_guard: 0.
 - handle_deallocations: 1.


Internal statistics:

num_allocs_failed_limit: 18.
num_arena_births: 4822.
num_arena_deaths: 898.
num_vsnodes_births: 4.
num_vsnodes_deaths: 0.
num_space_committed: 2549.
num_space_uncommitted: 0.
num_chunks_returned_to_freelist: 1268.
num_chunks_taken_from_freelist: 11897.
num_chunk_merges: 591.
num_chunk_splits: 8070.
num_chunks_enlarged: 5241.
num_inconsistent_stats: 0.

CodeHeap 'non-profiled nmethods': size=119168Kb used=12199Kb max_used=12199Kb free=106968Kb
 bounds [0x00000192e1b20000, 0x00000192e2710000, 0x00000192e8f80000]
CodeHeap 'profiled nmethods': size=119104Kb used=39223Kb max_used=39223Kb free=79880Kb
 bounds [0x00000192d9f80000, 0x00000192dc5d0000, 0x00000192e13d0000]
CodeHeap 'non-nmethods': size=7488Kb used=1800Kb max_used=3569Kb free=5687Kb
 bounds [0x00000192e13d0000, 0x00000192e1750000, 0x00000192e1b20000]
 total_blobs=20738 nmethods=19523 adapters=1125
 compilation: enabled
              stopped_count=0, restarted_count=0
 full_count=0

Compilation events (20 events):
Event: 41.315 Thread 0x00000192ffc834f0 nmethod 22638 0x00000192dc5c9d10 code [0x00000192dc5c9ec0, 0x00000192dc5ca128]
Event: 41.399 Thread 0x00000192ffc834f0 22642       3       org.apache.spark.sql.execution.vectorized.WritableColumnVector::hasNull (20 bytes)
Event: 41.399 Thread 0x00000192ffc834f0 nmethod 22642 0x00000192dc5ca210 code [0x00000192dc5ca3c0, 0x00000192dc5ca758]
Event: 41.619 Thread 0x00000192ffc834f0 22643       3       org.apache.spark.status.LiveStage$$Lambda$2677/0x000001928fdef460::apply (5 bytes)
Event: 41.623 Thread 0x00000192ffc805c0 nmethod 22640 0x00000192e2709090 code [0x00000192e2709240, 0x00000192e27098a8]
Event: 41.624 Thread 0x00000192ffc834f0 nmethod 22643 0x00000192dc5ca810 code [0x00000192dc5ca9e0, 0x00000192dc5cae98]
Event: 41.624 Thread 0x00000192ffc805c0 22641   !   4       org.apache.spark.sql.execution.vectorized.WritableColumnVector::reserve (101 bytes)
Event: 41.624 Thread 0x00000192ffc834f0 22644       3       org.apache.spark.status.LiveStage::$anonfun$toApi$1$adapted (8 bytes)
Event: 41.625 Thread 0x00000192ffc834f0 nmethod 22644 0x00000192dc5cb090 code [0x00000192dc5cb260, 0x00000192dc5cb698]
Event: 41.625 Thread 0x00000192ffc834f0 22645       3       org.apache.spark.status.LiveStage::$anonfun$toApi$1 (9 bytes)
Event: 41.625 Thread 0x00000192ffc834f0 nmethod 22645 0x00000192dc5cb810 code [0x00000192dc5cb9c0, 0x00000192dc5cbbd8]
Event: 41.626 Thread 0x00000192ffc805c0 nmethod 22641 0x00000192e2709b90 code [0x00000192e2709d20, 0x00000192e2709dd8]
Event: 41.796 Thread 0x00000192ffc834f0 22646       3       scala.collection.convert.JavaCollectionWrappers$JCollectionWrapper::iterableFactory (5 bytes)
Event: 41.799 Thread 0x00000192ffc834f0 nmethod 22646 0x00000192dc5cbd10 code [0x00000192dc5cbec0, 0x00000192dc5cc038]
Event: 41.800 Thread 0x00000192ffc834f0 22647       3       scala.collection.convert.JavaCollectionWrappers$JCollectionWrapper::iterableFactory (4 bytes)
Event: 41.800 Thread 0x00000192ffc834f0 nmethod 22647 0x00000192dc5cc110 code [0x00000192dc5cc2a0, 0x00000192dc5cc3b8]
Event: 41.810 Thread 0x00000192ffc834f0 22648       3       org.apache.hadoop.io.compress.CompressionInputStream::<init> (38 bytes)
Event: 41.812 Thread 0x00000192ffc834f0 nmethod 22648 0x00000192dc5cc490 code [0x00000192dc5cc660, 0x00000192dc5ccc28]
Event: 41.812 Thread 0x00000192ffc834f0 22649       3       org.apache.parquet.bytes.BytesInput$StreamBytesInput::toByteArray (41 bytes)
Event: 41.817 Thread 0x00000192ffc834f0 nmethod 22649 0x00000192dc5ccd90 code [0x00000192dc5ccfc0, 0x00000192dc5cda58]

GC Heap History (20 events):
Event: 32.761 GC heap after
{Heap after GC invocations=61 (full 0):
 garbage-first heap   total 5537792K, used 796261K [0x0000000480000000, 0x0000000800000000)
  region size 8192K, 36 young (294912K), 36 survivors (294912K)
 Metaspace       used 161415K, committed 163584K, reserved 1245184K
  class space    used 20419K, committed 21440K, reserved 1048576K
}
Event: 32.987 GC heap before
{Heap before GC invocations=61 (full 0):
 garbage-first heap   total 5537792K, used 2827877K [0x0000000480000000, 0x0000000800000000)
  region size 8192K, 285 young (2334720K), 36 survivors (294912K)
 Metaspace       used 161415K, committed 163584K, reserved 1245184K
  class space    used 20419K, committed 21440K, reserved 1048576K
}
Event: 33.207 GC heap after
{Heap after GC invocations=62 (full 0):
 garbage-first heap   total 5537792K, used 871117K [0x0000000480000000, 0x0000000800000000)
  region size 8192K, 27 young (221184K), 27 survivors (221184K)
 Metaspace       used 161415K, committed 163584K, reserved 1245184K
  class space    used 20419K, committed 21440K, reserved 1048576K
}
Event: 33.520 GC heap before
{Heap before GC invocations=62 (full 0):
 garbage-first heap   total 5537792K, used 2812621K [0x0000000480000000, 0x0000000800000000)
  region size 8192K, 265 young (2170880K), 27 survivors (221184K)
 Metaspace       used 161415K, committed 163584K, reserved 1245184K
  class space    used 20419K, committed 21440K, reserved 1048576K
}
Event: 33.735 GC heap after
{Heap after GC invocations=63 (full 0):
 garbage-first heap   total 8871936K, used 945332K [0x0000000480000000, 0x0000000800000000)
  region size 8192K, 21 young (172032K), 21 survivors (172032K)
 Metaspace       used 161415K, committed 163584K, reserved 1245184K
  class space    used 20419K, committed 21440K, reserved 1048576K
}
Event: 37.345 GC heap before
{Heap before GC invocations=63 (full 0):
 garbage-first heap   total 8871936K, used 3181748K [0x0000000480000000, 0x0000000800000000)
  region size 8192K, 295 young (2416640K), 21 survivors (172032K)
 Metaspace       used 161470K, committed 163648K, reserved 1245184K
  class space    used 20431K, committed 21504K, reserved 1048576K
}
Event: 39.249 GC heap after
{Heap after GC invocations=64 (full 0):
 garbage-first heap   total 8871936K, used 1034668K [0x0000000480000000, 0x0000000800000000)
  region size 8192K, 32 young (262144K), 32 survivors (262144K)
 Metaspace       used 161470K, committed 163648K, reserved 1245184K
  class space    used 20431K, committed 21504K, reserved 1048576K
}
Event: 39.276 GC heap before
{Heap before GC invocations=64 (full 0):
 garbage-first heap   total 8871936K, used 1214892K [0x0000000480000000, 0x0000000800000000)
  region size 8192K, 54 young (442368K), 32 survivors (262144K)
 Metaspace       used 161470K, committed 163648K, reserved 1245184K
  class space    used 20431K, committed 21504K, reserved 1048576K
}
Event: 39.442 GC heap after
{Heap after GC invocations=65 (full 0):
 garbage-first heap   total 8871936K, used 1055819K [0x0000000480000000, 0x0000000800000000)
  region size 8192K, 5 young (40960K), 5 survivors (40960K)
 Metaspace       used 161470K, committed 163648K, reserved 1245184K
  class space    used 20431K, committed 21504K, reserved 1048576K
}
Event: 39.514 GC heap before
{Heap before GC invocations=65 (full 0):
 garbage-first heap   total 8871936K, used 1449035K [0x0000000480000000, 0x0000000800000000)
  region size 8192K, 54 young (442368K), 5 survivors (40960K)
 Metaspace       used 161470K, committed 163648K, reserved 1245184K
  class space    used 20431K, committed 21504K, reserved 1048576K
}
Event: 39.535 GC heap after
{Heap after GC invocations=66 (full 0):
 garbage-first heap   total 8871936K, used 1059978K [0x0000000480000000, 0x0000000800000000)
  region size 8192K, 5 young (40960K), 5 survivors (40960K)
 Metaspace       used 161470K, committed 163648K, reserved 1245184K
  class space    used 20431K, committed 21504K, reserved 1048576K
}
Event: 39.620 GC heap before
{Heap before GC invocations=66 (full 0):
 garbage-first heap   total 8871936K, used 1617034K [0x0000000480000000, 0x0000000800000000)
  region size 8192K, 74 young (606208K), 5 survivors (40960K)
 Metaspace       used 161470K, committed 163648K, reserved 1245184K
  class space    used 20431K, committed 21504K, reserved 1048576K
}
Event: 41.302 GC heap after
{Heap after GC invocations=67 (full 0):
 garbage-first heap   total 11198464K, used 1096203K [0x0000000480000000, 0x0000000800000000)
  region size 8192K, 10 young (81920K), 10 survivors (81920K)
 Metaspace       used 161470K, committed 163648K, reserved 1245184K
  class space    used 20431K, committed 21504K, reserved 1048576K
}
Event: 41.484 GC heap before
{Heap before GC invocations=67 (full 0):
 garbage-first heap   total 11198464K, used 1563147K [0x0000000480000000, 0x0000000800000000)
  region size 8192K, 68 young (557056K), 10 survivors (81920K)
 Metaspace       used 161474K, committed 163648K, reserved 1245184K
  class space    used 20431K, committed 21504K, reserved 1048576K
}
Event: 41.618 GC heap after
{Heap after GC invocations=68 (full 0):
 garbage-first heap   total 11198464K, used 1127332K [0x0000000480000000, 0x0000000800000000)
  region size 8192K, 9 young (73728K), 9 survivors (73728K)
 Metaspace       used 161474K, committed 163648K, reserved 1245184K
  class space    used 20431K, committed 21504K, reserved 1048576K
}
Event: 41.689 GC heap before
{Heap before GC invocations=68 (full 0):
 garbage-first heap   total 11198464K, used 1602468K [0x0000000480000000, 0x0000000800000000)
  region size 8192K, 68 young (557056K), 9 survivors (73728K)
 Metaspace       used 161475K, committed 163648K, reserved 1245184K
  class space    used 20431K, committed 21504K, reserved 1048576K
}
Event: 41.792 GC heap after
{Heap after GC invocations=69 (full 0):
 garbage-first heap   total 11198464K, used 1152206K [0x0000000480000000, 0x0000000800000000)
  region size 8192K, 7 young (57344K), 7 survivors (57344K)
 Metaspace       used 161475K, committed 163648K, reserved 1245184K
  class space    used 20431K, committed 21504K, reserved 1048576K
}
Event: 41.863 GC heap before
{Heap before GC invocations=69 (full 0):
 garbage-first heap   total 11198464K, used 1651918K [0x0000000480000000, 0x0000000800000000)
  region size 8192K, 68 young (557056K), 7 survivors (57344K)
 Metaspace       used 161475K, committed 163648K, reserved 1245184K
  class space    used 20431K, committed 21504K, reserved 1048576K
}
Event: 41.935 GC heap after
{Heap after GC invocations=70 (full 0):
 garbage-first heap   total 11198464K, used 1167759K [0x0000000480000000, 0x0000000800000000)
  region size 8192K, 5 young (40960K), 5 survivors (40960K)
 Metaspace       used 161475K, committed 163648K, reserved 1245184K
  class space    used 20431K, committed 21504K, reserved 1048576K
}
Event: 42.014 GC heap before
{Heap before GC invocations=70 (full 0):
 garbage-first heap   total 11198464K, used 1683855K [0x0000000480000000, 0x0000000800000000)
  region size 8192K, 68 young (557056K), 5 survivors (40960K)
 Metaspace       used 161475K, committed 163648K, reserved 1245184K
  class space    used 20431K, committed 21504K, reserved 1048576K
}

Dll operation events (15 events):
Event: 0.009 Loaded shared library C:\Program Files\Microsoft\jdk-17.0.20.101-hotspot\bin\java.dll
Event: 0.025 Loaded shared library C:\Program Files\Microsoft\jdk-17.0.20.101-hotspot\bin\jsvml.dll
Event: 0.177 Loaded shared library C:\Program Files\Microsoft\jdk-17.0.20.101-hotspot\bin\net.dll
Event: 0.178 Loaded shared library C:\Program Files\Microsoft\jdk-17.0.20.101-hotspot\bin\nio.dll
Event: 0.180 Loaded shared library C:\Program Files\Microsoft\jdk-17.0.20.101-hotspot\bin\zip.dll
Event: 0.683 Loaded shared library C:\Program Files\Microsoft\jdk-17.0.20.101-hotspot\bin\jimage.dll
Event: 0.924 Loaded shared library C:\Program Files\Microsoft\jdk-17.0.20.101-hotspot\bin\management.dll
Event: 0.927 Loaded shared library C:\Program Files\Microsoft\jdk-17.0.20.101-hotspot\bin\management_ext.dll
Event: 1.903 Loaded shared library C:\Program Files\Microsoft\jdk-17.0.20.101-hotspot\bin\extnet.dll
Event: 2.258 Loaded shared library C:\hadoop\bin\hadoop.dll
Event: 2.312 Loaded shared library C:\Program Files\Microsoft\jdk-17.0.20.101-hotspot\bin\jaas.dll
Event: 2.671 Loaded shared library C:\Program Files\Microsoft\jdk-17.0.20.101-hotspot\bin\sunmscapi.dll
Event: 10.883 Loaded shared library C:\Users\vorad\AppData\Local\Temp\liblz4-java-17298376532405681168.dll
Event: 11.075 Loaded shared library C:\Program Files\Microsoft\jdk-17.0.20.101-hotspot\bin\verify.dll
Event: 14.026 Loaded shared library C:\Users\vorad\AppData\Local\Temp\snappy-1.1.10-3fc98818-e6e3-44b2-a314-b8417c8a55f3-snappyjava.dll

Deoptimization events (20 events):
Event: 29.282 Thread 0x000001930ef4ffc0 DEOPT PACKING pc=0x00000192dc44b81d sp=0x00000076e8dfd8c0
Event: 29.282 Thread 0x000001930ef4ffc0 DEOPT UNPACKING pc=0x00000192e1427143 sp=0x00000076e8dfcd08 mode 0
Event: 29.282 Thread 0x000001930ef4ffc0 DEOPT PACKING pc=0x00000192dc44b81d sp=0x00000076e8dfd8c0
Event: 29.282 Thread 0x000001930ef4ffc0 DEOPT UNPACKING pc=0x00000192e1427143 sp=0x00000076e8dfcd08 mode 0
Event: 29.282 Thread 0x000001930ef4ffc0 DEOPT PACKING pc=0x00000192dc44b81d sp=0x00000076e8dfd8c0
Event: 29.282 Thread 0x000001930ef4ffc0 DEOPT UNPACKING pc=0x00000192e1427143 sp=0x00000076e8dfcd08 mode 0
Event: 29.516 Thread 0x000001930ef52840 DEOPT PACKING pc=0x00000192dc4b047a sp=0x00000076e95fd700
Event: 29.516 Thread 0x000001930ef52840 DEOPT UNPACKING pc=0x00000192e1427143 sp=0x00000076e95fcb98 mode 0
Event: 32.538 Thread 0x000001930ef52d50 Uncommon trap: trap_request=0xffffff45 fr.pc=0x00000192e262ce94 relative=0x0000000000000c74
Event: 32.538 Thread 0x000001930ef52d50 Uncommon trap: reason=unstable_if action=reinterpret pc=0x00000192e262ce94 method=org.apache.spark.sql.execution.datasources.parquet.VectorizedRleValuesReader.readIntLittleEndianPaddedOnBitWidth()I @ 4 c2
Event: 32.538 Thread 0x000001930ef52d50 DEOPT PACKING pc=0x00000192e262ce94 sp=0x00000076e96fd230
Event: 32.539 Thread 0x000001930ef52d50 DEOPT UNPACKING pc=0x00000192e14269a3 sp=0x00000076e96fd198 mode 2
Event: 34.326 Thread 0x000001930729eb00 Uncommon trap: trap_request=0xffffff45 fr.pc=0x00000192e22759c0 relative=0x0000000000000100
Event: 34.326 Thread 0x000001930729eb00 Uncommon trap: reason=unstable_if action=reinterpret pc=0x00000192e22759c0 method=org.apache.spark.util.AccumulatorV2.name()Lscala/Option; @ 8 c2
Event: 34.326 Thread 0x000001930729eb00 DEOPT PACKING pc=0x00000192e22759c0 sp=0x00000076d9efe5b0
Event: 34.326 Thread 0x000001930729eb00 DEOPT UNPACKING pc=0x00000192e14269a3 sp=0x00000076d9efe550 mode 2
Event: 34.334 Thread 0x00000193072a1890 Uncommon trap: trap_request=0xffffffbe fr.pc=0x00000192e2577150 relative=0x0000000000003c90
Event: 34.334 Thread 0x00000193072a1890 Uncommon trap: reason=profile_predicate action=maybe_recompile pc=0x00000192e2577150 method=java.lang.invoke.InvokerBytecodeGenerator.<init>(Ljava/lang/String;Ljava/lang/String;Ljava/lang/invoke/LambdaForm;Ljava/lang/invoke/MethodType;)V @ 33 c2
Event: 34.334 Thread 0x00000193072a1890 DEOPT PACKING pc=0x00000192e2577150 sp=0x00000076da7fe320
Event: 34.334 Thread 0x00000193072a1890 DEOPT UNPACKING pc=0x00000192e14269a3 sp=0x00000076da7fe100 mode 2

Classes loaded (20 events):
Event: 25.624 Loading class java/lang/org
Event: 25.624 Loading class java/lang/org done
Event: 25.627 Loading class java/lang/org
Event: 25.627 Loading class java/lang/org done
Event: 25.630 Loading class java/lang/org
Event: 25.630 Loading class java/lang/org done
Event: 25.634 Loading class java/lang/org
Event: 25.634 Loading class java/lang/org done
Event: 25.637 Loading class java/lang/org
Event: 25.637 Loading class java/lang/org done
Event: 25.683 Loading class java/lang/PythonUtils
Event: 25.683 Loading class java/lang/PythonUtils done
Event: 26.660 Loading class jdk/internal/reflect/UnsafeQualifiedStaticDoubleFieldAccessorImpl
Event: 26.660 Loading class jdk/internal/reflect/UnsafeQualifiedStaticDoubleFieldAccessorImpl done
Event: 27.556 Loading class sun/nio/ch/Invoker$2
Event: 27.559 Loading class sun/nio/ch/Invoker$2 done
Event: 27.603 Loading class java/lang/org
Event: 27.603 Loading class java/lang/org done
Event: 27.828 Loading class java/util/concurrent/CompletableFuture$CoCompletion
Event: 27.830 Loading class java/util/concurrent/CompletableFuture$CoCompletion done

Classes unloaded (20 events):
Event: 28.112 Thread 0x00000192fcde6820 Unloading class 0x000001929025ec00 'java/lang/invoke/LambdaForm$MH+0x000001929025ec00'
Event: 28.112 Thread 0x00000192fcde6820 Unloading class 0x000001929025e800 'java/lang/invoke/LambdaForm$MH+0x000001929025e800'
Event: 28.112 Thread 0x00000192fcde6820 Unloading class 0x000001929025e400 'java/lang/invoke/LambdaForm$MH+0x000001929025e400'
Event: 28.112 Thread 0x00000192fcde6820 Unloading class 0x000001929025e000 'java/lang/invoke/LambdaForm$MH+0x000001929025e000'
Event: 28.112 Thread 0x00000192fcde6820 Unloading class 0x000001929025d800 'java/lang/invoke/LambdaForm$MH+0x000001929025d800'
Event: 28.112 Thread 0x00000192fcde6820 Unloading class 0x000001929025d400 'java/lang/invoke/LambdaForm$MH+0x000001929025d400'
Event: 28.112 Thread 0x00000192fcde6820 Unloading class 0x000001929025cc00 'java/lang/invoke/LambdaForm$MH+0x000001929025cc00'
Event: 28.112 Thread 0x00000192fcde6820 Unloading class 0x000001929025c800 'java/lang/invoke/LambdaForm$MH+0x000001929025c800'
Event: 28.112 Thread 0x00000192fcde6820 Unloading class 0x000001929025d000 'java/lang/invoke/LambdaForm$MH+0x000001929025d000'
Event: 28.112 Thread 0x00000192fcde6820 Unloading class 0x000001929025c000 'java/lang/invoke/LambdaForm$MH+0x000001929025c000'
Event: 28.112 Thread 0x00000192fcde6820 Unloading class 0x000001929025bc00 'java/lang/invoke/LambdaForm$MH+0x000001929025bc00'
Event: 28.112 Thread 0x00000192fcde6820 Unloading class 0x000001929025b800 'java/lang/invoke/LambdaForm$MH+0x000001929025b800'
Event: 28.112 Thread 0x00000192fcde6820 Unloading class 0x000001929025b400 'java/lang/invoke/LambdaForm$MH+0x000001929025b400'
Event: 28.112 Thread 0x00000192fcde6820 Unloading class 0x000001929025b000 'java/lang/invoke/LambdaForm$MH+0x000001929025b000'
Event: 28.112 Thread 0x00000192fcde6820 Unloading class 0x000001929025ac00 'java/lang/invoke/LambdaForm$MH+0x000001929025ac00'
Event: 28.112 Thread 0x00000192fcde6820 Unloading class 0x000001929025a800 'java/lang/invoke/LambdaForm$MH+0x000001929025a800'
Event: 28.112 Thread 0x00000192fcde6820 Unloading class 0x000001929025a400 'java/lang/invoke/LambdaForm$MH+0x000001929025a400'
Event: 28.112 Thread 0x00000192fcde6820 Unloading class 0x000001929025a000 'java/lang/invoke/LambdaForm$MH+0x000001929025a000'
Event: 28.112 Thread 0x00000192fcde6820 Unloading class 0x0000019290259c00 'java/lang/invoke/LambdaForm$MH+0x0000019290259c00'
Event: 28.112 Thread 0x00000192fcde6820 Unloading class 0x0000019290259800 'java/lang/invoke/LambdaForm$MH+0x0000019290259800'

Classes redefined (0 events):
No events

Internal exceptions (20 events):
Event: 28.406 Thread 0x000001930ef53260 Exception <a 'java/lang/NoSuchMethodError'{0x00000004bb703af0}: 'java.lang.Object java.lang.invoke.DirectMethodHandle$Holder.invokeSpecial(java.lang.Object, java.lang.Object, long, java.lang.Object, java.lang.Object, java.lang.Object, int, java.lang.Object, java.lang.Object, java.lang.Object, java.lang.Object, java.lang.Object, java.lang.Object, java.lang.Object, java.lang.Object)'> (0x00000004bb703af0) 
thrown [s\src\hotspot\share\interpreter\linkResolver.cpp, line 759]
Event: 28.406 Thread 0x000001930ef4e160 Exception <a 'java/lang/NoSuchMethodError'{0x00000004baceeec0}: 'java.lang.Object java.lang.invoke.DirectMethodHandle$Holder.invokeSpecial(java.lang.Object, java.lang.Object, long, java.lang.Object, java.lang.Object, java.lang.Object, int, java.lang.Object, java.lang.Object, java.lang.Object, java.lang.Object, java.lang.Object, java.lang.Object, java.lang.Object, java.lang.Object)'> (0x00000004baceeec0) 
thrown [s\src\hotspot\share\interpreter\linkResolver.cpp, line 759]
Event: 28.406 Thread 0x000001930ef504d0 Exception <a 'java/lang/NoSuchMethodError'{0x00000004ba425120}: 'java.lang.Object java.lang.invoke.DelegatingMethodHandle$Holder.reinvoke_L(java.lang.Object, long, java.lang.Object, java.lang.Object, java.lang.Object, int, java.lang.Object, java.lang.Object, java.lang.Object, java.lang.Object, java.lang.Object, java.lang.Object, java.lang.Object, java.lang.Object)'> (0x00000004ba425120) 
thrown [s\src\hotspot\share\interpreter\linkResolver.cpp, line 759]
Event: 28.406 Thread 0x000001930ef50ef0 Exception <a 'java/lang/NoSuchMethodError'{0x00000004bbe53720}: 'java.lang.Object java.lang.invoke.DelegatingMethodHandle$Holder.reinvoke_L(java.lang.Object, long, java.lang.Object, java.lang.Object, java.lang.Object, int, java.lang.Object, java.lang.Object, java.lang.Object, java.lang.Object, java.lang.Object, java.lang.Object, java.lang.Object, java.lang.Object)'> (0x00000004bbe53720) 
thrown [s\src\hotspot\share\interpreter\linkResolver.cpp, line 759]
Event: 28.407 Thread 0x000001930ef51e20 Exception <a 'java/lang/NoSuchMethodError'{0x00000004bacca7a0}: 'java.lang.Object java.lang.invoke.DelegatingMethodHandle$Holder.reinvoke_L(java.lang.Object, long, java.lang.Object, java.lang.Object, java.lang.Object, int, java.lang.Object, java.lang.Object, java.lang.Object, java.lang.Object, java.lang.Object, java.lang.Object, java.lang.Object, java.lang.Object)'> (0x00000004bacca7a0) 
thrown [s\src\hotspot\share\interpreter\linkResolver.cpp, line 759]
Event: 28.407 Thread 0x000001930ef4f5a0 Exception <a 'java/lang/NoSuchMethodError'{0x00000004ba2e3c88}: 'java.lang.Object java.lang.invoke.DelegatingMethodHandle$Holder.reinvoke_L(java.lang.Object, long, java.lang.Object, java.lang.Object, java.lang.Object, int, java.lang.Object, java.lang.Object, java.lang.Object, java.lang.Object, java.lang.Object, java.lang.Object, java.lang.Object, java.lang.Object)'> (0x00000004ba2e3c88) 
thrown [s\src\hotspot\share\interpreter\linkResolver.cpp, line 759]
Event: 28.407 Thread 0x000001930ef509e0 Exception <a 'java/lang/NoSuchMethodError'{0x00000004bb2662d8}: 'java.lang.Object java.lang.invoke.DelegatingMethodHandle$Holder.reinvoke_L(java.lang.Object, long, java.lang.Object, java.lang.Object, java.lang.Object, int, java.lang.Object, java.lang.Object, java.lang.Object, java.lang.Object, java.lang.Object, java.lang.Object, java.lang.Object, java.lang.Object)'> (0x00000004bb2662d8) 
thrown [s\src\hotspot\share\interpreter\linkResolver.cpp, line 759]
Event: 28.407 Thread 0x000001930ef53c80 Exception <a 'java/lang/NoSuchMethodError'{0x00000004bbfb7cc0}: 'java.lang.Object java.lang.invoke.DelegatingMethodHandle$Holder.reinvoke_L(java.lang.Object, long, java.lang.Object, java.lang.Object, java.lang.Object, int, java.lang.Object, java.lang.Object, java.lang.Object, java.lang.Object, java.lang.Object, java.lang.Object, java.lang.Object, java.lang.Object)'> (0x00000004bbfb7cc0) 
thrown [s\src\hotspot\share\interpreter\linkResolver.cpp, line 759]
Event: 28.407 Thread 0x000001930ef51400 Exception <a 'java/lang/NoSuchMethodError'{0x00000004ba6e2268}: 'java.lang.Object java.lang.invoke.DelegatingMethodHandle$Holder.reinvoke_L(java.lang.Object, long, java.lang.Object, java.lang.Object, java.lang.Object, int, java.lang.Object, java.lang.Object, java.lang.Object, java.lang.Object, java.lang.Object, java.lang.Object, java.lang.Object, java.lang.Object)'> (0x00000004ba6e2268) 
thrown [s\src\hotspot\share\interpreter\linkResolver.cpp, line 759]
Event: 28.408 Thread 0x000001930ef4eb80 Exception <a 'java/lang/NoSuchMethodError'{0x00000004c152f228}: 'java.lang.Object java.lang.invoke.DelegatingMethodHandle$Holder.reinvoke_L(java.lang.Object, long, java.lang.Object, java.lang.Object, java.lang.Object, int, java.lang.Object, java.lang.Object, java.lang.Object, java.lang.Object, java.lang.Object, java.lang.Object, java.lang.Object, java.lang.Object)'> (0x00000004c152f228) 
thrown [s\src\hotspot\share\interpreter\linkResolver.cpp, line 759]
Event: 28.408 Thread 0x000001930ef53260 Exception <a 'java/lang/NoSuchMethodError'{0x00000004bb707e68}: 'java.lang.Object java.lang.invoke.DelegatingMethodHandle$Holder.reinvoke_L(java.lang.Object, long, java.lang.Object, java.lang.Object, java.lang.Object, int, java.lang.Object, java.lang.Object, java.lang.Object, java.lang.Object, java.lang.Object, java.lang.Object, java.lang.Object, java.lang.Object)'> (0x00000004bb707e68) 
thrown [s\src\hotspot\share\interpreter\linkResolver.cpp, line 759]
Event: 28.408 Thread 0x000001930ef4fab0 Exception <a 'java/lang/NoSuchMethodError'{0x00000004bb441200}: 'java.lang.Object java.lang.invoke.DelegatingMethodHandle$Holder.reinvoke_L(java.lang.Object, long, java.lang.Object, java.lang.Object, java.lang.Object, int, java.lang.Object, java.lang.Object, java.lang.Object, java.lang.Object, java.lang.Object, java.lang.Object, java.lang.Object, java.lang.Object)'> (0x00000004bb441200) 
thrown [s\src\hotspot\share\interpreter\linkResolver.cpp, line 759]
Event: 28.408 Thread 0x000001930ef4e160 Exception <a 'java/lang/NoSuchMethodError'{0x00000004bacf3238}: 'java.lang.Object java.lang.invoke.DelegatingMethodHandle$Holder.reinvoke_L(java.lang.Object, long, java.lang.Object, java.lang.Object, java.lang.Object, int, java.lang.Object, java.lang.Object, java.lang.Object, java.lang.Object, java.lang.Object, java.lang.Object, java.lang.Object, java.lang.Object)'> (0x00000004bacf3238) 
thrown [s\src\hotspot\share\interpreter\linkResolver.cpp, line 759]
Event: 28.411 Thread 0x000001930ef53c80 Exception <a 'java/lang/NoSuchMethodError'{0x00000004bbfc4818}: 'java.lang.Object java.lang.invoke.DirectMethodHandle$Holder.invokeSpecial(java.lang.Object, java.lang.Object, java.lang.Object, java.lang.Object, java.lang.Object, int, java.lang.Object, java.lang.Object, java.lang.Object, java.lang.Object, java.lang.Object, java.lang.Object, java.lang.Object, java.lang.Object)'> (0x00000004bbfc4818) 
thrown [s\src\hotspot\share\interpreter\linkResolver.cpp, line 759]
Event: 28.411 Thread 0x000001930ef509e0 Exception <a 'java/lang/NoSuchMethodError'{0x00000004bb272e30}: 'java.lang.Object java.lang.invoke.DirectMethodHandle$Holder.invokeSpecial(java.lang.Object, java.lang.Object, java.lang.Object, java.lang.Object, java.lang.Object, int, java.lang.Object, java.lang.Object, java.lang.Object, java.lang.Object, java.lang.Object, java.lang.Object, java.lang.Object, java.lang.Object)'> (0x00000004bb272e30) 
thrown [s\src\hotspot\share\interpreter\linkResolver.cpp, line 759]
Event: 28.411 Thread 0x000001930ef4f5a0 Exception <a 'java/lang/NoSuchMethodError'{0x00000004ba2f07e0}: 'java.lang.Object java.lang.invoke.DirectMethodHandle$Holder.invokeSpecial(java.lang.Object, java.lang.Object, java.lang.Object, java.lang.Object, java.lang.Object, int, java.lang.Object, java.lang.Object, java.lang.Object, java.lang.Object, java.lang.Object, java.lang.Object, java.lang.Object, java.lang.Object)'> (0x00000004ba2f07e0) 
thrown [s\src\hotspot\share\interpreter\linkResolver.cpp, line 759]
Event: 28.411 Thread 0x000001930ef51400 Exception <a 'java/lang/NoSuchMethodError'{0x00000004ba6eedc0}: 'java.lang.Object java.lang.invoke.DirectMethodHandle$Holder.invokeSpecial(java.lang.Object, java.lang.Object, java.lang.Object, java.lang.Object, java.lang.Object, int, java.lang.Object, java.lang.Object, java.lang.Object, java.lang.Object, java.lang.Object, java.lang.Object, java.lang.Object, java.lang.Object)'> (0x00000004ba6eedc0) 
thrown [s\src\hotspot\share\interpreter\linkResolver.cpp, line 759]
Event: 28.412 Thread 0x000001930ef4fab0 Exception <a 'java/lang/NoSuchMethodError'{0x00000004bb44a290}: 'java.lang.Object java.lang.invoke.DirectMethodHandle$Holder.invokeSpecial(java.lang.Object, java.lang.Object, java.lang.Object, java.lang.Object, java.lang.Object, int, java.lang.Object, java.lang.Object, java.lang.Object, java.lang.Object, java.lang.Object, java.lang.Object, java.lang.Object, java.lang.Object)'> (0x00000004bb44a290) 
thrown [s\src\hotspot\share\interpreter\linkResolver.cpp, line 759]
Event: 28.412 Thread 0x000001930ef53260 Exception <a 'java/lang/NoSuchMethodError'{0x00000004b9801140}: 'java.lang.Object java.lang.invoke.DirectMethodHandle$Holder.invokeSpecial(java.lang.Object, java.lang.Object, java.lang.Object, java.lang.Object, java.lang.Object, int, java.lang.Object, java.lang.Object, java.lang.Object, java.lang.Object, java.lang.Object, java.lang.Object, java.lang.Object, java.lang.Object)'> (0x00000004b9801140) 
thrown [s\src\hotspot\share\interpreter\linkResolver.cpp, line 759]
Event: 28.412 Thread 0x000001930ef4e160 Exception <a 'java/lang/NoSuchMethodError'{0x00000004bacfc2c8}: 'java.lang.Object java.lang.invoke.DirectMethodHandle$Holder.invokeSpecial(java.lang.Object, java.lang.Object, java.lang.Object, java.lang.Object, java.lang.Object, int, java.lang.Object, java.lang.Object, java.lang.Object, java.lang.Object, java.lang.Object, java.lang.Object, java.lang.Object, java.lang.Object)'> (0x00000004bacfc2c8) 
thrown [s\src\hotspot\share\interpreter\linkResolver.cpp, line 759]

VM Operations (20 events):
Event: 33.207 Executing VM operation: G1CollectForAllocation done
Event: 33.505 Executing VM operation: G1CollectForAllocation
Event: 33.735 Executing VM operation: G1CollectForAllocation done
Event: 35.737 Executing VM operation: Cleanup
Event: 36.880 Executing VM operation: Cleanup done
Event: 37.334 Executing VM operation: G1CollectForAllocation
Event: 39.249 Executing VM operation: G1CollectForAllocation done
Event: 39.276 Executing VM operation: G1CollectForAllocation
Event: 39.442 Executing VM operation: G1CollectForAllocation done
Event: 39.501 Executing VM operation: G1CollectForAllocation
Event: 39.535 Executing VM operation: G1CollectForAllocation done
Event: 39.619 Executing VM operation: G1CollectForAllocation
Event: 41.302 Executing VM operation: G1CollectForAllocation done
Event: 41.484 Executing VM operation: G1CollectForAllocation
Event: 41.618 Executing VM operation: G1CollectForAllocation done
Event: 41.681 Executing VM operation: G1CollectForAllocation
Event: 41.792 Executing VM operation: G1CollectForAllocation done
Event: 41.862 Executing VM operation: G1CollectForAllocation
Event: 41.935 Executing VM operation: G1CollectForAllocation done
Event: 42.005 Executing VM operation: G1CollectForAllocation

Memory protections (0 events):
No events

Nmethod flushes (20 events):
Event: 25.917 Thread 0x00000192ffc83e00 flushing  nmethod 0x00000192dc0ccd10
Event: 25.917 Thread 0x00000192ffc83e00 flushing  nmethod 0x00000192dc118510
Event: 25.917 Thread 0x00000192ffc83e00 flushing  nmethod 0x00000192dc11a590
Event: 25.917 Thread 0x00000192ffc83e00 flushing  nmethod 0x00000192dc129790
Event: 25.917 Thread 0x00000192ffc83e00 flushing  nmethod 0x00000192dc12a790
Event: 25.917 Thread 0x00000192ffc83e00 flushing  nmethod 0x00000192dc12b110
Event: 25.917 Thread 0x00000192ffc83e00 flushing  nmethod 0x00000192dc192f10
Event: 25.917 Thread 0x00000192ffc83e00 flushing  nmethod 0x00000192dc1bcd90
Event: 28.652 Thread 0x00000192ffc83e00 flushing  nmethod 0x00000192e22a6210
Event: 28.654 Thread 0x00000192ffc83e00 flushing  nmethod 0x00000192e2487910
Event: 28.656 Thread 0x00000192ffc83e00 flushing  nmethod 0x00000192e255df90
Event: 28.661 Thread 0x00000192ffc83e00 flushing  nmethod 0x00000192da2f8d90
Event: 28.669 Thread 0x00000192ffc83e00 flushing  nmethod 0x00000192da891090
Event: 28.696 Thread 0x00000192ffc83e00 flushing  nmethod 0x00000192daf33c90
Event: 28.702 Thread 0x00000192ffc83e00 flushing  nmethod 0x00000192db26a790
Event: 28.703 Thread 0x00000192ffc83e00 flushing  nmethod 0x00000192db356a10
Event: 28.707 Thread 0x00000192ffc83e00 flushing  nmethod 0x00000192db587c90
Event: 28.726 Thread 0x00000192ffc83e00 flushing  nmethod 0x00000192dbf8df10
Event: 28.726 Thread 0x00000192ffc83e00 flushing  nmethod 0x00000192dbf8ea10
Event: 28.726 Thread 0x00000192ffc83e00 flushing  nmethod 0x00000192dbfb8b90

Events (20 events):
Event: 27.570 Thread 0x000001930e594960 Thread added: 0x000001930762f900
Event: 27.573 Thread 0x000001930e68eff0 Thread added: 0x000001930eab2ca0
Event: 27.574 Thread 0x000001930e595890 Thread added: 0x0000019307631400
Event: 27.576 Thread 0x000001930e68fa10 Thread added: 0x000001930eab2280
Event: 27.578 Thread 0x000001930e595380 Thread added: 0x000001930d37dfa0
Event: 27.580 Thread 0x000001930e5967c0 Thread added: 0x000001930d37e9c0
Event: 27.582 Thread 0x000001930e68eae0 Thread added: 0x00000193101700e0
Event: 27.583 Thread 0x000001930e68ff20 Thread added: 0x000001930762eee0
Event: 27.584 Thread 0x000001930e690430 Thread added: 0x0000019308d66fe0
Event: 27.821 Thread 0x000001930e690430 Thread added: 0x000001930d37eed0
Event: 29.231 Thread 0x000001930e638000 Thread exited: 0x000001930e638000
Event: 29.466 Thread 0x000001930e637ab0 Thread exited: 0x000001930e637ab0
Event: 30.112 Thread 0x0000019306c93a40 Thread exited: 0x0000019306c93a40
Event: 30.112 Thread 0x000001930e636ac0 Thread exited: 0x000001930e636ac0
Event: 30.112 Thread 0x000001930e634040 Thread exited: 0x000001930e634040
Event: 30.381 Thread 0x000001930e632b00 Thread exited: 0x000001930e632b00
Event: 30.381 Thread 0x000001930e6325b0 Thread exited: 0x000001930e6325b0
Event: 30.412 Thread 0x000001930e6335a0 Thread exited: 0x000001930e6335a0
Event: 31.766 Thread 0x0000019306c90a70 Thread exited: 0x0000019306c90a70
Event: 32.358 Thread 0x0000019306c90520 Thread exited: 0x0000019306c90520


Dynamic libraries:
0x00007ff7160f0000 - 0x00007ff7160fe000 	C:\Program Files\Microsoft\jdk-17.0.20.101-hotspot\bin\java.exe
0x00007ff8d95c0000 - 0x00007ff8d9826000 	C:\WINDOWS\SYSTEM32\ntdll.dll
0x00007ff8d8230000 - 0x00007ff8d82f9000 	C:\WINDOWS\System32\KERNEL32.DLL
0x00007ff8d67d0000 - 0x00007ff8d6bcf000 	C:\WINDOWS\System32\KERNELBASE.dll
0x00007ff8d6d90000 - 0x00007ff8d6edc000 	C:\WINDOWS\System32\ucrtbase.dll
0x00007ff81b460000 - 0x00007ff81b47e000 	C:\Program Files\Microsoft\jdk-17.0.20.101-hotspot\bin\VCRUNTIME140.dll
0x00007ff81b440000 - 0x00007ff81b458000 	C:\Program Files\Microsoft\jdk-17.0.20.101-hotspot\bin\jli.dll
0x00007ff8d8060000 - 0x00007ff8d8226000 	C:\WINDOWS\System32\USER32.dll
0x00007ff8d6ca0000 - 0x00007ff8d6cc7000 	C:\WINDOWS\System32\win32u.dll
0x00007ff8d5c40000 - 0x00007ff8d5ed1000 	C:\WINDOWS\WinSxS\amd64_microsoft.windows.common-controls_6595b64144ccf1df_6.0.26100.8972_none_3e0da176e32f9d4b\COMCTL32.dll
0x00007ff8d7500000 - 0x00007ff8d752b000 	C:\WINDOWS\System32\GDI32.dll
0x00007ff8d86f0000 - 0x00007ff8d8799000 	C:\WINDOWS\System32\msvcrt.dll
0x00007ff8d71c0000 - 0x00007ff8d72e9000 	C:\WINDOWS\System32\gdi32full.dll
0x00007ff8d6f80000 - 0x00007ff8d7023000 	C:\WINDOWS\System32\msvcp_win.dll
0x00007ff8d7530000 - 0x00007ff8d7562000 	C:\WINDOWS\System32\IMM32.DLL
0x00007ff82ff60000 - 0x00007ff82ff6c000 	C:\Program Files\Microsoft\jdk-17.0.20.101-hotspot\bin\vcruntime140_1.dll
0x00007ff81b3b0000 - 0x00007ff81b439000 	C:\Program Files\Microsoft\jdk-17.0.20.101-hotspot\bin\msvcp140.dll
0x00007ff81a730000 - 0x00007ff81b3ab000 	C:\Program Files\Microsoft\jdk-17.0.20.101-hotspot\bin\server\jvm.dll
0x00007ff8d7570000 - 0x00007ff8d762c000 	C:\WINDOWS\System32\ADVAPI32.dll
0x00007ff8d8300000 - 0x00007ff8d83aa000 	C:\WINDOWS\System32\sechost.dll
0x00007ff8d7640000 - 0x00007ff8d7758000 	C:\WINDOWS\System32\RPCRT4.dll
0x00007ff8d9220000 - 0x00007ff8d92a2000 	C:\WINDOWS\System32\WS2_32.dll
0x00007ff8c1f30000 - 0x00007ff8c1f66000 	C:\WINDOWS\SYSTEM32\WINMM.dll
0x00007ff8d6010000 - 0x00007ff8d606e000 	C:\WINDOWS\SYSTEM32\POWRPROF.dll
0x00007ff8d3cd0000 - 0x00007ff8d3cdb000 	C:\WINDOWS\SYSTEM32\VERSION.dll
0x00007ff8d5ee0000 - 0x00007ff8d5ef5000 	C:\WINDOWS\SYSTEM32\UMPDC.dll
0x00007ff8d4f20000 - 0x00007ff8d4f3b000 	C:\WINDOWS\SYSTEM32\kernel.appcore.dll
0x00007ff81f040000 - 0x00007ff81f04a000 	C:\Program Files\Microsoft\jdk-17.0.20.101-hotspot\bin\jimage.dll
0x00007ff8d6080000 - 0x00007ff8d62c2000 	C:\WINDOWS\SYSTEM32\DBGHELP.DLL
0x00007ff8d7820000 - 0x00007ff8d7ba5000 	C:\WINDOWS\System32\combase.dll
0x00007ff8d73e0000 - 0x00007ff8d74b9000 	C:\WINDOWS\System32\OLEAUT32.dll
0x00007ff8d5f00000 - 0x00007ff8d5f3b000 	C:\WINDOWS\SYSTEM32\dbgcore.DLL
0x00007ff8d6be0000 - 0x00007ff8d6c8c000 	C:\WINDOWS\System32\bcryptPrimitives.dll
0x00007ff81a700000 - 0x00007ff81a726000 	C:\Program Files\Microsoft\jdk-17.0.20.101-hotspot\bin\java.dll
0x00007ff81a620000 - 0x00007ff81a6f6000 	C:\Program Files\Microsoft\jdk-17.0.20.101-hotspot\bin\jsvml.dll
0x00007ff8d8a70000 - 0x00007ff8d91f8000 	C:\WINDOWS\System32\SHELL32.dll
0x00007ff8d3250000 - 0x00007ff8d3aeb000 	C:\WINDOWS\SYSTEM32\windows.storage.dll
0x00007ff8d8910000 - 0x00007ff8d8a09000 	C:\WINDOWS\System32\SHCORE.dll
0x00007ff8d72f0000 - 0x00007ff8d7356000 	C:\WINDOWS\System32\shlwapi.dll
0x00007ff8d66f0000 - 0x00007ff8d6719000 	C:\WINDOWS\SYSTEM32\profapi.dll
0x00007ff81a600000 - 0x00007ff81a61b000 	C:\Program Files\Microsoft\jdk-17.0.20.101-hotspot\bin\net.dll
0x00007ff8cbe00000 - 0x00007ff8cbf28000 	C:\WINDOWS\SYSTEM32\WINHTTP.dll
0x00007ff8d4a50000 - 0x00007ff8d4abc000 	C:\WINDOWS\system32\mswsock.dll
0x00007ff81a5e0000 - 0x00007ff81a5f6000 	C:\Program Files\Microsoft\jdk-17.0.20.101-hotspot\bin\nio.dll
0x00007ff81a5c0000 - 0x00007ff81a5d8000 	C:\Program Files\Microsoft\jdk-17.0.20.101-hotspot\bin\zip.dll
0x00007ff81a5b0000 - 0x00007ff81a5ba000 	C:\Program Files\Microsoft\jdk-17.0.20.101-hotspot\bin\management.dll
0x00007ff81a5a0000 - 0x00007ff81a5ac000 	C:\Program Files\Microsoft\jdk-17.0.20.101-hotspot\bin\management_ext.dll
0x00007ff8d86e0000 - 0x00007ff8d86e8000 	C:\WINDOWS\System32\PSAPI.DLL
0x00007ff8d5f60000 - 0x00007ff8d5f78000 	C:\WINDOWS\system32\napinsp.dll
0x00007ff8d3f70000 - 0x00007ff8d40c8000 	C:\WINDOWS\SYSTEM32\DNSAPI.dll
0x00007ff8d4830000 - 0x00007ff8d483d000 	C:\WINDOWS\SYSTEM32\DSPARSE.dll
0x00007ff8d3f30000 - 0x00007ff8d3f63000 	C:\WINDOWS\SYSTEM32\IPHLPAPI.DLL
0x00007ff8d8a60000 - 0x00007ff8d8a6a000 	C:\WINDOWS\System32\NSI.dll
0x00007ff8d5f40000 - 0x00007ff8d5f53000 	C:\WINDOWS\System32\winrnr.dll
0x00007ff8a05a0000 - 0x00007ff8a05c2000 	C:\WINDOWS\system32\nlansp_c.dll
0x00007ff8cb810000 - 0x00007ff8cb826000 	C:\WINDOWS\system32\wshbth.dll
0x00007ff8ceb00000 - 0x00007ff8ceb0b000 	C:\Windows\System32\rasadhlp.dll
0x00007ff8ce980000 - 0x00007ff8cea06000 	C:\WINDOWS\System32\fwpuclnt.dll
0x00007ff8d63f0000 - 0x00007ff8d640b000 	C:\WINDOWS\SYSTEM32\CRYPTSP.dll
0x00007ff8d4460000 - 0x00007ff8d4499000 	C:\WINDOWS\system32\rsaenh.dll
0x00007ff8d4b00000 - 0x00007ff8d4b32000 	C:\WINDOWS\SYSTEM32\USERENV.dll
0x00007ff8d66c0000 - 0x00007ff8d66ea000 	C:\WINDOWS\SYSTEM32\bcrypt.dll
0x00007ff8d4d40000 - 0x00007ff8d4d4c000 	C:\WINDOWS\SYSTEM32\CRYPTBASE.dll
0x00007ff8d5540000 - 0x00007ff8d555d000 	C:\WINDOWS\SYSTEM32\dhcpcsvc6.DLL
0x00007ff8d52a0000 - 0x00007ff8d52c5000 	C:\WINDOWS\SYSTEM32\dhcpcsvc.DLL
0x00007ff81a590000 - 0x00007ff81a599000 	C:\Program Files\Microsoft\jdk-17.0.20.101-hotspot\bin\extnet.dll
0x00007ff81a570000 - 0x00007ff81a589000 	C:\hadoop\bin\hadoop.dll
0x00007ff8aa080000 - 0x00007ff8aa09a000 	C:\WINDOWS\SYSTEM32\NETAPI32.dll
0x00007ff8d3ed0000 - 0x00007ff8d3f20000 	C:\WINDOWS\SYSTEM32\AUTHZ.dll
0x00007ff8d3e70000 - 0x00007ff8d3e8b000 	C:\WINDOWS\SYSTEM32\SAMCLI.DLL
0x00007ff8d3e00000 - 0x00007ff8d3e0d000 	C:\WINDOWS\SYSTEM32\NETUTILS.DLL
0x00007ff81a560000 - 0x00007ff81a569000 	C:\Program Files\Microsoft\jdk-17.0.20.101-hotspot\bin\jaas.dll
0x00007ff81a550000 - 0x00007ff81a55e000 	C:\Program Files\Microsoft\jdk-17.0.20.101-hotspot\bin\sunmscapi.dll
0x00007ff8d7030000 - 0x00007ff8d71ae000 	C:\WINDOWS\System32\CRYPT32.dll
0x00007ff8d5830000 - 0x00007ff8d5860000 	C:\WINDOWS\SYSTEM32\ncrypt.dll
0x00007ff8d57e0000 - 0x00007ff8d581f000 	C:\WINDOWS\SYSTEM32\NTASN1.dll
0x00007ff8b75f0000 - 0x00007ff8b75f8000 	C:\WINDOWS\system32\wshunix.dll
0x00007ff8d5fd0000 - 0x00007ff8d6006000 	C:\WINDOWS\SYSTEM32\ntmarta.dll
0x00007ff8ac270000 - 0x00007ff8ac2b8000 	C:\Users\vorad\AppData\Local\Temp\liblz4-java-17298376532405681168.dll
0x00007ff81a540000 - 0x00007ff81a550000 	C:\Program Files\Microsoft\jdk-17.0.20.101-hotspot\bin\verify.dll
0x0000000070fc0000 - 0x000000007108f000 	C:\Users\vorad\AppData\Local\Temp\snappy-1.1.10-3fc98818-e6e3-44b2-a314-b8417c8a55f3-snappyjava.dll

dbghelp: loaded successfully - version: 4.0.5 - missing functions: none
symbol engine: initialized successfully - sym options: 0x614 - pdb path: .;C:\Program Files\Microsoft\jdk-17.0.20.101-hotspot\bin;C:\WINDOWS\SYSTEM32;C:\WINDOWS\WinSxS\amd64_microsoft.windows.common-controls_6595b64144ccf1df_6.0.26100.8972_none_3e0da176e32f9d4b;C:\Program Files\Microsoft\jdk-17.0.20.101-hotspot\bin\server;C:\hadoop\bin;C:\Users\vorad\AppData\Local\Temp

VM Arguments:
jvm_args: -Xmx14g -XX:+IgnoreUnrecognizedVMOptions --add-modules=jdk.incubator.vector --add-opens=java.base/java.lang=ALL-UNNAMED --add-opens=java.base/java.lang.invoke=ALL-UNNAMED --add-opens=java.base/java.lang.reflect=ALL-UNNAMED --add-opens=java.base/java.io=ALL-UNNAMED --add-opens=java.base/java.net=ALL-UNNAMED --add-opens=java.base/java.nio=ALL-UNNAMED --add-opens=java.base/java.util=ALL-UNNAMED --add-opens=java.base/java.util.concurrent=ALL-UNNAMED --add-opens=java.base/java.util.concurrent.atomic=ALL-UNNAMED --add-opens=java.base/jdk.internal.ref=ALL-UNNAMED --add-opens=java.base/sun.nio.ch=ALL-UNNAMED --add-opens=java.base/sun.nio.cs=ALL-UNNAMED --add-opens=java.base/sun.security.action=ALL-UNNAMED --add-opens=java.base/sun.util.calendar=ALL-UNNAMED --add-opens=java.security.jgss/sun.security.krb5=ALL-UNNAMED -Dio.netty.tryReflectionSetAccessible=true -Dio.netty.allocator.type=pooled -Dio.netty.handler.ssl.defaultEndpointVerificationAlgorithm=NONE --sun-misc-unsafe-memory-access=allow --enable-native-access=ALL-UNNAMED -Dderby.connection.requireAuthentication=false 
java_command: org.apache.spark.deploy.SparkSubmit --conf spark.master=local[16] --conf spark.driver.memory=14g --conf spark.python.worker.faulthandler.enabled=true --conf spark.default.parallelism=256 --conf spark.sql.execution.pyspark.udf.faulthandler.enabled=true --conf spark.sql.adaptive.enabled=true --conf spark.sql.adaptive.coalescePartitions.enabled=true --conf spark.app.name=mortgage-credit-risk-preprocessing --conf spark.pyspark.driver.python=c:\Users\vorad\OneDrive\Desktop\Projects\mortgage-credit-risk\venv\Scripts\python.exe --conf spark.sql.shuffle.partitions=256 --conf spark.sql.adaptive.skewJoin.enabled=true --conf spark.pyspark.python=c:\Users\vorad\OneDrive\Desktop\Projects\mortgage-credit-risk\venv\Scripts\python.exe pyspark-shell
java_class_path (initial): C:\Users\vorad\OneDrive\Desktop\Projects\mortgage-credit-risk\venv\Lib\site-packages\pyspark\bin\..\conf;C:\Users\vorad\OneDrive\Desktop\Projects\mortgage-credit-risk\venv\Lib\site-packages\pyspark\bin\..\jars\slf4j-api-2.0.17.jar;C:\Users\vorad\OneDrive\Desktop\Projects\mortgage-credit-risk\venv\Lib\site-packages\pyspark\bin\..\jars\aircompressor-2.0.3.jar;C:\Users\vorad\OneDrive\Desktop\Projects\mortgage-credit-risk\venv\Lib\site-packages\pyspark\bin\..\jars\algebra_2.13-2.8.0.jar;C:\Users\vorad\OneDrive\Desktop\Projects\mortgage-credit-risk\venv\Lib\site-packages\pyspark\bin\..\jars\antlr-runtime-3.5.2.jar;C:\Users\vorad\OneDrive\Desktop\Projects\mortgage-credit-risk\venv\Lib\site-packages\pyspark\bin\..\jars\antlr4-runtime-4.13.1.jar;C:\Users\vorad\OneDrive\Desktop\Projects\mortgage-credit-risk\venv\Lib\site-packages\pyspark\bin\..\jars\aopalliance-repackaged-3.0.6.jar;C:\Users\vorad\OneDrive\Desktop\Projects\mortgage-credit-risk\venv\Lib\site-packages\pyspark\bin\..\jars\arpack-3.2.0.jar;C:\Users\vorad\OneDrive\Desktop\Projects\mortgage-credit-risk\venv\Lib\site-packages\pyspark\bin\..\jars\arpack_combined_all-0.1.jar;C:\Users\vorad\OneDrive\Desktop\Projects\mortgage-credit-risk\venv\Lib\site-packages\pyspark\bin\..\jars\arrow-compression-19.0.0.jar;C:\Users\vorad\OneDrive\Desktop\Projects\mortgage-credit-risk\venv\Lib\site-packages\pyspark\bin\..\jars\arrow-format-19.0.0.jar;C:\Users\vorad\OneDrive\Desktop\Projects\mortgage-credit-risk\venv\Lib\site-packages\pyspark\bin\..\jars\arrow-memory-core-19.0.0.jar;C:\Users\vorad\OneDrive\Desktop\Projects\mortgage-credit-risk\venv\Lib\site-packages\pyspark\bin\..\jars\arrow-memory-netty-19.0.0.jar;C:\Users\vorad\OneDrive\Desktop\Projects\mortgage-credit-risk\venv\Lib\site-packages\pyspark\bin\..\jars\arrow-memory-netty-buffer-patch-19.0.0.jar;C:\Users\vorad\OneDrive\Desktop\Projects\mortgage-credit-risk\venv\Lib\site-packages\pyspark\bin\..\jars\arrow-vector-19.0.0.jar;C:\Users\vorad\OneDri
Launcher Type: SUN_STANDARD

[Global flags]
     intx CICompilerCount                          = 12                                        {product} {ergonomic}
     uint ConcGCThreads                            = 3                                         {product} {ergonomic}
     uint G1ConcRefinementThreads                  = 13                                        {product} {ergonomic}
   size_t G1HeapRegionSize                         = 8388608                                   {product} {ergonomic}
    uintx GCDrainStackTargetSize                   = 64                                        {product} {ergonomic}
     bool IgnoreUnrecognizedVMOptions              = true                                      {product} {command line}
   size_t InitialHeapSize                          = 268435456                                 {product} {ergonomic}
   size_t MarkStackSize                            = 4194304                                   {product} {ergonomic}
   size_t MaxHeapSize                              = 15032385536                               {product} {command line}
   size_t MaxNewSize                               = 9017753600                                {product} {ergonomic}
   size_t MinHeapDeltaBytes                        = 8388608                                   {product} {ergonomic}
   size_t MinHeapSize                              = 8388608                                   {product} {ergonomic}
    uintx NonNMethodCodeHeapSize                   = 7602480                                {pd product} {ergonomic}
    uintx NonProfiledCodeHeapSize                  = 122027880                              {pd product} {ergonomic}
    uintx ProfiledCodeHeapSize                     = 122027880                              {pd product} {ergonomic}
    uintx ReservedCodeCacheSize                    = 251658240                              {pd product} {ergonomic}
     bool SegmentedCodeCache                       = true                                      {product} {ergonomic}
   size_t SoftMaxHeapSize                          = 15032385536                            {manageable} {ergonomic}
     bool UseCompressedClassPointers               = true                           {product lp64_product} {ergonomic}
     bool UseCompressedOops                        = true                           {product lp64_product} {ergonomic}
     bool UseG1GC                                  = true                                      {product} {ergonomic}
     bool UseLargePagesIndividualAllocation        = false                                  {pd product} {ergonomic}

Logging:
Log output configuration:
 #0: stdout all=warning uptime,level,tags
 #1: stderr all=off uptime,level,tags

Environment Variables:
JAVA_HOME=C:\Program Files\Microsoft\jdk-17.0.20.101-hotspot
PATH=c:\Users\vorad\OneDrive\Desktop\Projects\mortgage-credit-risk\venv\Scripts;C:\Users\vorad\OneDrive\Desktop\Projects\mortgage-credit-risk\venv\Scripts;C:\Program Files\Microsoft\jdk-17.0.20.101-hotspot\bin;C:\Program Files (x86)\Common Files\Oracle\Java\javapath;C:\WINDOWS\system32;C:\WINDOWS;C:\WINDOWS\System32\Wbem;C:\WINDOWS\System32\WindowsPowerShell\v1.0\;C:\WINDOWS\System32\OpenSSH\;C:\ProgramData\chocolatey\bin;;C:\Program Files\dotnet\;C:\Program Files\NVIDIA Corporation\NVIDIA app\NvDLISR;C:\Program Files (x86)\NVIDIA Corporation\PhysX\Common;C:\Program Files\Git\cmd;C:\Program Files\GitHub CLI\;C:\Program Files\Microsoft\jdk-17.0.20.101-hotspot\bin;C:\Users\vorad\AppData\Local\Programs\Python\Python313\Scripts\;C:\Users\vorad\AppData\Local\Programs\Python\Python313\;C:\Users\vorad\AppData\Local\Microsoft\WindowsApps;C:\Users\vorad\AppData\Local\Programs\Microsoft VS Code\bin;C:\ProgramData\nvm;C:\Program Files\nodejs;C:\Users\vorad\AppData\Local\GitHubDesktop\bin;C:\Users\vorad\AppData\Local\Python\bin;C:\Users\vorad\AppData\Local\Google\Cloud SDK\google-cloud-sdk\bin;C:\hadoop\bin;
USERNAME=vorad
TERM=xterm-color
OS=Windows_NT
PROCESSOR_IDENTIFIER=Intel64 Family 6 Model 154 Stepping 3, GenuineIntel
TMP=C:\Users\vorad\AppData\Local\Temp
TEMP=C:\Users\vorad\AppData\Local\Temp



Periodic native trim disabled


---------------  S Y S T E M  ---------------

OS:
 Windows 11 , 64 bit Build 26100 (10.0.26100.9168)
OS uptime: 0 days 3:21 hours
Hyper-V role detected

CPU: total 16 (initial active 16) (8 cores per cpu, 2 threads per core) family 6 model 154 stepping 3 microcode 0x437, cx8, cmov, fxsr, ht, mmx, 3dnowpref, sse, sse2, sse3, ssse3, sse4.1, sse4.2, popcnt, lzcnt, tsc, tscinvbit, avx, avx2, aes, erms, clmul, bmi1, bmi2, adx, sha, fma, vzeroupper, clflush, clflushopt, clwb, hv
Processor Information for processor 0
  Max Mhz: 2300, Current Mhz: 2300, Mhz Limit: 2300
Processor Information for processor 1
  Max Mhz: 2300, Current Mhz: 2300, Mhz Limit: 2300
Processor Information for processor 2
  Max Mhz: 2300, Current Mhz: 2300, Mhz Limit: 2300
Processor Information for processor 3
  Max Mhz: 2300, Current Mhz: 2300, Mhz Limit: 2300
Processor Information for processor 4
  Max Mhz: 2300, Current Mhz: 2300, Mhz Limit: 2300
Processor Information for processor 5
  Max Mhz: 2300, Current Mhz: 2300, Mhz Limit: 2300
Processor Information for processor 6
  Max Mhz: 2300, Current Mhz: 2300, Mhz Limit: 2300
Processor Information for processor 7
  Max Mhz: 2300, Current Mhz: 2300, Mhz Limit: 2300
Processor Information for processor 8
  Max Mhz: 2300, Current Mhz: 2300, Mhz Limit: 2300
Processor Information for processor 9
  Max Mhz: 2300, Current Mhz: 1506, Mhz Limit: 2300
Processor Information for processor 10
  Max Mhz: 2300, Current Mhz: 2300, Mhz Limit: 2300
Processor Information for processor 11
  Max Mhz: 2300, Current Mhz: 2300, Mhz Limit: 2300
Processor Information for processor 12
  Max Mhz: 2300, Current Mhz: 2300, Mhz Limit: 2300
Processor Information for processor 13
  Max Mhz: 2300, Current Mhz: 2300, Mhz Limit: 2300
Processor Information for processor 14
  Max Mhz: 2300, Current Mhz: 2300, Mhz Limit: 2300
Processor Information for processor 15
  Max Mhz: 2300, Current Mhz: 2300, Mhz Limit: 2300

Memory: 4k page, system-wide physical 16051M (1305M free)
TotalPageFile size 65201M (AvailPageFile size 358M)
current process WorkingSet (physical memory assigned to process): 3793M, peak: 5278M
current process commit charge ("private bytes"): 11930M, peak: 13290M

vm_info: OpenJDK 64-Bit Server VM (17.0.20.1+1-LTS) for windows-amd64 JRE (17.0.20.1+1-LTS), built on Aug 11 2026 20:17:22 by "MicrosoftCorporation" with MS VC++ 17.14 (VS2022)

END.
