#
# There is insufficient memory for the Java Runtime Environment to continue.
# Native memory allocation (mmap) failed to map 1644167168 bytes. Error detail: G1 virtual space
# Possible reasons:
#   The system is out of physical RAM or swap space
#   This process is running with CompressedOops enabled, and the Java Heap may be blocking the growth of the native heap
# Possible solutions:
#   Reduce memory load on the system
#   Increase physical memory or swap space
#   Check if swap backing store is full
#   Decrease Java heap size (-Xmx/-Xms)
#   Decrease number of Java threads
#   Decrease Java thread stack sizes (-Xss)
#   Set larger code cache with -XX:ReservedCodeCacheSize=
#   JVM is running with Zero Based Compressed Oops mode in which the Java heap is
#     placed in the first 32GB address space. The Java Heap base address is the
#     maximum limit for the native heap growth. Please use -XX:HeapBaseMinAddress
#     to set the Java Heap base and to place the Java Heap above 32GB virtual address.
# This output file may be truncated or incomplete.
#
#  Out of Memory Error (os_windows.cpp:3702), pid=16004, tid=4652
#
# JRE version: OpenJDK Runtime Environment Microsoft-14940689 (17.0.20.1+1) (build 17.0.20.1+1-LTS)
# Java VM: OpenJDK 64-Bit Server VM Microsoft-14940689 (17.0.20.1+1-LTS, mixed mode, sharing, tiered, compressed oops, compressed class ptrs, g1 gc, windows-amd64)
# No core dump will be written. Minidumps are not enabled by default on client versions of Windows
#

---------------  S U M M A R Y ------------

Command Line: -Xmx14g -XX:+IgnoreUnrecognizedVMOptions --add-modules=jdk.incubator.vector --add-opens=java.base/java.lang=ALL-UNNAMED --add-opens=java.base/java.lang.invoke=ALL-UNNAMED --add-opens=java.base/java.lang.reflect=ALL-UNNAMED --add-opens=java.base/java.io=ALL-UNNAMED --add-opens=java.base/java.net=ALL-UNNAMED --add-opens=java.base/java.nio=ALL-UNNAMED --add-opens=java.base/java.util=ALL-UNNAMED --add-opens=java.base/java.util.concurrent=ALL-UNNAMED --add-opens=java.base/java.util.concurrent.atomic=ALL-UNNAMED --add-opens=java.base/jdk.internal.ref=ALL-UNNAMED --add-opens=java.base/sun.nio.ch=ALL-UNNAMED --add-opens=java.base/sun.nio.cs=ALL-UNNAMED --add-opens=java.base/sun.security.action=ALL-UNNAMED --add-opens=java.base/sun.util.calendar=ALL-UNNAMED --add-opens=java.security.jgss/sun.security.krb5=ALL-UNNAMED -Dio.netty.tryReflectionSetAccessible=true -Dio.netty.allocator.type=pooled -Dio.netty.handler.ssl.defaultEndpointVerificationAlgorithm=NONE --sun-misc-unsafe-memory-access=allow --enable-native-access=ALL-UNNAMED -Dderby.connection.requireAuthentication=false org.apache.spark.deploy.SparkSubmit --conf spark.master=local[16] --conf spark.driver.memory=14g --conf spark.python.worker.faulthandler.enabled=true --conf spark.default.parallelism=256 --conf spark.sql.execution.pyspark.udf.faulthandler.enabled=true --conf spark.sql.adaptive.enabled=true --conf spark.sql.adaptive.coalescePartitions.enabled=true --conf spark.app.name=mortgage-credit-risk-preprocessing --conf spark.pyspark.driver.python=c:\Users\vorad\OneDrive\Desktop\Projects\mortgage-credit-risk\venv\Scripts\python.exe --conf spark.sql.shuffle.partitions=256 --conf spark.sql.adaptive.skewJoin.enabled=true --conf spark.pyspark.python=c:\Users\vorad\OneDrive\Desktop\Projects\mortgage-credit-risk\venv\Scripts\python.exe pyspark-shell

Host: 12th Gen Intel(R) Core(TM) i7-12650H, 16 cores, 15G,  Windows 11 , 64 bit Build 26100 (10.0.26100.9168)
Time: Sun Aug 30 14:00:58 2026 India Standard Time elapsed time: 170.609868 seconds (0d 0h 2m 50s)

---------------  T H R E A D  ---------------

Current thread (0x00000268e7cc6820):  VMThread "VM Thread" [stack: 0x000000c7cee00000,0x000000c7cef00000] [id=4652]

Stack: [0x000000c7cee00000,0x000000c7cef00000]
Native frames: (J=compiled Java code, j=interpreted, Vv=VM code, C=native code)
V  [jvm.dll+0x68d159]  (no source info available)
V  [jvm.dll+0x8462c9]  (no source info available)
V  [jvm.dll+0x84803b]  (no source info available)
V  [jvm.dll+0x8486c3]  (no source info available)
V  [jvm.dll+0x24d12f]  (no source info available)
V  [jvm.dll+0x68c559]  (no source info available)
V  [jvm.dll+0x68084a]  (no source info available)
V  [jvm.dll+0x3103f0]  (no source info available)
V  [jvm.dll+0x310292]  (no source info available)
V  [jvm.dll+0x317809]  (no source info available)
V  [jvm.dll+0x369b89]  (no source info available)
V  [jvm.dll+0x369dbd]  (no source info available)
V  [jvm.dll+0x2e6bfa]  (no source info available)
V  [jvm.dll+0x2e4ff1]  (no source info available)
V  [jvm.dll+0x2e478c]  (no source info available)
V  [jvm.dll+0x3290db]  (no source info available)
V  [jvm.dll+0x84cf4d]  (no source info available)
V  [jvm.dll+0x84dc63]  (no source info available)
V  [jvm.dll+0x84e194]  (no source info available)
V  [jvm.dll+0x84e578]  (no source info available)
V  [jvm.dll+0x84e66e]  (no source info available)
V  [jvm.dll+0x7f67dc]  (no source info available)
V  [jvm.dll+0x68e6f7]  (no source info available)
C  [ucrtbase.dll+0x2cd30]  (no source info available)
C  [KERNEL32.DLL+0x2ccb7]  (no source info available)
C  [ntdll.dll+0xaad6c]  (no source info available)

VM_Operation (0x000000c7d5dfe0d0): G1CollectForAllocation, mode: safepoint, requested by thread 0x000002693a3575a0


---------------  P R O C E S S  ---------------

Threads class SMR info:
_java_thread_list=0x0000026939bf8790, length=140, elements={
0x00000268af2cc8d0, 0x00000268eabe5a00, 0x00000268eabea2f0, 0x00000268eac007b0,
0x00000268eac01080, 0x00000268eac01950, 0x00000268eac02220, 0x00000268eac04e30,
0x00000268eac05740, 0x00000268eac0a070, 0x00000268eabe0bf0, 0x00000268eaee10b0,
0x00000269326fb850, 0x00000268eace5b50, 0x000002693249d510, 0x000002693249e440,
0x000002693249f370, 0x000002693249df30, 0x000002693249da20, 0x000002693249ee60,
0x000002693249c0d0, 0x000002693249e950, 0x000002693249bbc0, 0x000002693249c5e0,
0x00000269332dc5e0, 0x00000269332dac90, 0x00000269332da270, 0x00000269332dd000,
0x00000269332dd510, 0x00000269332da780, 0x00000269332d9d60, 0x00000269332db6b0,
0x00000269332de440, 0x00000269332de950, 0x00000269332dc0d0, 0x00000269332db1a0,
0x00000269332dcaf0, 0x00000269332df370, 0x00000269332dee60, 0x00000269332dbbc0,
0x00000269332dfd90, 0x00000269332e02a0, 0x00000269332e07b0, 0x00000269332e0cc0,
0x00000269332e11d0, 0x00000269332dda20, 0x00000269332e16e0, 0x00000269332ddf30,
0x00000269333e44c0, 0x00000269333e5900, 0x00000269333e4ee0, 0x00000269333e53f0,
0x00000269333e6320, 0x00000269333e5e10, 0x00000269333e6830, 0x00000269333e49d0,
0x00000269333e3590, 0x00000269333e7250, 0x00000269333e3aa0, 0x00000269333e95c0,
0x00000269333e7760, 0x00000269333e7c70, 0x00000269333e9fe0, 0x00000269333e90b0,
0x00000269333e8180, 0x00000269333e8690, 0x00000269316a0cc0, 0x00000269316a07b0,
0x00000269316a67e0, 0x0000026933c752d0, 0x0000026933c71b20, 0x0000026933c743a0,
0x0000026939390320, 0x0000026939390830, 0x000002693938e4c0, 0x0000026939391c70,
0x0000026939390d40, 0x000002693938f3f0, 0x0000026939392180, 0x000002693938e9d0,
0x0000026939392690, 0x000002693938eee0, 0x0000026939395420, 0x00000269393930b0,
0x0000026939392ba0, 0x0000026939394a00, 0x00000269393935c0, 0x0000026939394f10,
0x0000026939393ad0, 0x000002693c12b4e0, 0x0000026939f504d0, 0x0000026939f4ffc0,
0x00000268eac56310, 0x000002693ae06020, 0x0000026939f509e0, 0x000002693c12a5b0,
0x000002693c12aac0, 0x000002693c12b9f0, 0x000002693c12a0a0, 0x000002693c12afd0,
0x000002693ca37c30, 0x000002693ca38140, 0x000002693ca37720, 0x00000269321c00d0,
0x000002693a357fc0, 0x000002693a357ab0, 0x000002693a3575a0, 0x000002693a356b80,
0x000002693a3584d0, 0x000002693a357090, 0x000002693c16b5f0, 0x0000026939f51400,
0x00000269321be5d0, 0x000002693ae05b10, 0x000002693ca39070, 0x000002693d809f20,
0x000002693ae06530, 0x000002693ae7b0a0, 0x0000026939f51910, 0x000002693d80a430,
0x000002693c990920, 0x000002693ae7c4e0, 0x000002693ae7a4d0, 0x00000269321c05e0,
0x000002693c16d960, 0x000002693ae7bac0, 0x000002693ae06a40, 0x000002693ae050f0,
0x0000026939f50ef0, 0x000002693bb99320, 0x000002693bb98e10, 0x000002693bb9b180,
0x000002693bb9b690, 0x000002693bb9c0b0, 0x000002693bb99830, 0x000002693bb9c5c0,
0x000002693ae05600, 0x0000026945deeaf0, 0x000002693ae7a9e0, 0x000002693ca38650
}

Java Threads: ( => current thread )
  0x00000268af2cc8d0 JavaThread "main" [_thread_in_native, id=20536, stack(0x000000c7ce800000,0x000000c7ce900000)]
  0x00000268eabe5a00 JavaThread "Reference Handler" daemon [_thread_blocked, id=14860, stack(0x000000c7cef00000,0x000000c7cf000000)]
  0x00000268eabea2f0 JavaThread "Finalizer" daemon [_thread_blocked, id=20724, stack(0x000000c7cf000000,0x000000c7cf100000)]
  0x00000268eac007b0 JavaThread "Signal Dispatcher" daemon [_thread_blocked, id=22720, stack(0x000000c7cf100000,0x000000c7cf200000)]
  0x00000268eac01080 JavaThread "Attach Listener" daemon [_thread_blocked, id=24792, stack(0x000000c7cf200000,0x000000c7cf300000)]
  0x00000268eac01950 JavaThread "Service Thread" daemon [_thread_blocked, id=23088, stack(0x000000c7cf300000,0x000000c7cf400000)]
  0x00000268eac02220 JavaThread "Monitor Deflation Thread" daemon [_thread_blocked, id=25908, stack(0x000000c7cf400000,0x000000c7cf500000)]
  0x00000268eac04e30 JavaThread "C2 CompilerThread0" daemon [_thread_blocked, id=8008, stack(0x000000c7cf500000,0x000000c7cf600000)]
  0x00000268eac05740 JavaThread "C1 CompilerThread0" daemon [_thread_blocked, id=23288, stack(0x000000c7cf600000,0x000000c7cf700000)]
  0x00000268eac0a070 JavaThread "Sweeper thread" daemon [_thread_blocked, id=24612, stack(0x000000c7cf700000,0x000000c7cf800000)]
  0x00000268eabe0bf0 JavaThread "Common-Cleaner" daemon [_thread_blocked, id=3052, stack(0x000000c7cf800000,0x000000c7cf900000)]
  0x00000268eaee10b0 JavaThread "Notification Thread" daemon [_thread_blocked, id=26360, stack(0x000000c7cfe00000,0x000000c7cff00000)]
  0x00000269326fb850 JavaThread "Thread-1" [_thread_in_native, id=24144, stack(0x000000c7d0f00000,0x000000c7d1000000)]
  0x00000268eace5b50 JavaThread "Thread-2" [_thread_blocked, id=24900, stack(0x000000c7cfc00000,0x000000c7cfd00000)]
  0x000002693249d510 JavaThread "Thread-3" [_thread_in_native, id=9164, stack(0x000000c7d1200000,0x000000c7d1300000)]
  0x000002693249e440 JavaThread "rpc-boss-3-1" daemon [_thread_in_native, id=25464, stack(0x000000c7cfd00000,0x000000c7cfe00000)]
  0x000002693249f370 JavaThread "dispatcher-event-loop-0" daemon [_thread_blocked, id=9348, stack(0x000000c7d0500000,0x000000c7d0600000)]
  0x000002693249df30 JavaThread "dispatcher-event-loop-1" daemon [_thread_blocked, id=23392, stack(0x000000c7d1000000,0x000000c7d1100000)]
  0x000002693249da20 JavaThread "dispatcher-event-loop-2" daemon [_thread_blocked, id=12204, stack(0x000000c7d1100000,0x000000c7d1200000)]
  0x000002693249ee60 JavaThread "dispatcher-event-loop-3" daemon [_thread_blocked, id=23956, stack(0x000000c7d1300000,0x000000c7d1400000)]
  0x000002693249c0d0 JavaThread "dispatcher-event-loop-4" daemon [_thread_blocked, id=20624, stack(0x000000c7d1400000,0x000000c7d1500000)]
  0x000002693249e950 JavaThread "dispatcher-event-loop-5" daemon [_thread_blocked, id=26620, stack(0x000000c7d1500000,0x000000c7d1600000)]
  0x000002693249bbc0 JavaThread "dispatcher-event-loop-6" daemon [_thread_blocked, id=25956, stack(0x000000c7d1600000,0x000000c7d1700000)]
  0x000002693249c5e0 JavaThread "dispatcher-event-loop-7" daemon [_thread_blocked, id=7848, stack(0x000000c7d1700000,0x000000c7d1800000)]
  0x00000269332dc5e0 JavaThread "dispatcher-event-loop-8" daemon [_thread_blocked, id=26328, stack(0x000000c7d1800000,0x000000c7d1900000)]
  0x00000269332dac90 JavaThread "dispatcher-event-loop-9" daemon [_thread_blocked, id=23016, stack(0x000000c7d1900000,0x000000c7d1a00000)]
  0x00000269332da270 JavaThread "dispatcher-event-loop-10" daemon [_thread_blocked, id=4484, stack(0x000000c7d1a00000,0x000000c7d1b00000)]
  0x00000269332dd000 JavaThread "dispatcher-event-loop-11" daemon [_thread_blocked, id=4128, stack(0x000000c7d1b00000,0x000000c7d1c00000)]
  0x00000269332dd510 JavaThread "dispatcher-event-loop-12" daemon [_thread_blocked, id=1376, stack(0x000000c7d1c00000,0x000000c7d1d00000)]
  0x00000269332da780 JavaThread "dispatcher-event-loop-13" daemon [_thread_blocked, id=24800, stack(0x000000c7d1d00000,0x000000c7d1e00000)]
  0x00000269332d9d60 JavaThread "dispatcher-event-loop-14" daemon [_thread_blocked, id=16852, stack(0x000000c7d1e00000,0x000000c7d1f00000)]
  0x00000269332db6b0 JavaThread "dispatcher-event-loop-15" daemon [_thread_blocked, id=24744, stack(0x000000c7d1f00000,0x000000c7d2000000)]
  0x00000269332de440 JavaThread "map-output-dispatcher-0" daemon [_thread_blocked, id=2036, stack(0x000000c7d2000000,0x000000c7d2100000)]
  0x00000269332de950 JavaThread "map-output-dispatcher-1" daemon [_thread_blocked, id=21624, stack(0x000000c7d2100000,0x000000c7d2200000)]
  0x00000269332dc0d0 JavaThread "map-output-dispatcher-2" daemon [_thread_blocked, id=25264, stack(0x000000c7d2200000,0x000000c7d2300000)]
  0x00000269332db1a0 JavaThread "map-output-dispatcher-3" daemon [_thread_blocked, id=22276, stack(0x000000c7d2300000,0x000000c7d2400000)]
  0x00000269332dcaf0 JavaThread "map-output-dispatcher-4" daemon [_thread_blocked, id=23520, stack(0x000000c7d2400000,0x000000c7d2500000)]
  0x00000269332df370 JavaThread "map-output-dispatcher-5" daemon [_thread_blocked, id=23340, stack(0x000000c7d2500000,0x000000c7d2600000)]
  0x00000269332dee60 JavaThread "map-output-dispatcher-6" daemon [_thread_blocked, id=22156, stack(0x000000c7d2600000,0x000000c7d2700000)]
  0x00000269332dbbc0 JavaThread "map-output-dispatcher-7" daemon [_thread_blocked, id=432, stack(0x000000c7d2700000,0x000000c7d2800000)]
  0x00000269332dfd90 JavaThread "dispatcher-BlockManagerMaster" daemon [_thread_blocked, id=24296, stack(0x000000c7d2800000,0x000000c7d2900000)]
  0x00000269332e02a0 JavaThread "dispatcher-BlockManagerEndpoint1" daemon [_thread_blocked, id=13592, stack(0x000000c7d2900000,0x000000c7d2a00000)]
  0x00000269332e07b0 JavaThread "RemoteBlock-temp-file-clean-thread" daemon [_thread_blocked, id=15252, stack(0x000000c7d2a00000,0x000000c7d2b00000)]
  0x00000269332e0cc0 JavaThread "refresh progress" daemon [_thread_blocked, id=22660, stack(0x000000c7d2b00000,0x000000c7d2c00000)]
  0x00000269332e11d0 JavaThread "SparkUI-58" daemon [_thread_in_native, id=24512, stack(0x000000c7d2f00000,0x000000c7d3000000)]
  0x00000269332dda20 JavaThread "SparkUI-59" daemon [_thread_in_native, id=26332, stack(0x000000c7d3000000,0x000000c7d3100000)]
  0x00000269332e16e0 JavaThread "SparkUI-60" daemon [_thread_in_native, id=13632, stack(0x000000c7d3100000,0x000000c7d3200000)]
  0x00000269332ddf30 JavaThread "SparkUI-61" daemon [_thread_in_native, id=14316, stack(0x000000c7d3200000,0x000000c7d3300000)]
  0x00000269333e44c0 JavaThread "SparkUI-62" daemon [_thread_in_native, id=24016, stack(0x000000c7d3300000,0x000000c7d3400000)]
  0x00000269333e5900 JavaThread "SparkUI-63" daemon [_thread_in_native, id=10476, stack(0x000000c7d3400000,0x000000c7d3500000)]
  0x00000269333e4ee0 JavaThread "SparkUI-64" daemon [_thread_in_native, id=19792, stack(0x000000c7d3500000,0x000000c7d3600000)]
  0x00000269333e53f0 JavaThread "SparkUI-65" daemon [_thread_in_native, id=12436, stack(0x000000c7d3600000,0x000000c7d3700000)]
  0x00000269333e6320 JavaThread "SparkUI-66-acceptor-0@4fe834-Spark@e88164d{HTTP/1.1, (http/1.1)}{0.0.0.0:4043}" daemon [_thread_in_native, id=7836, stack(0x000000c7d2d00000,0x000000c7d2e00000)]
  0x00000269333e5e10 JavaThread "dispatcher-HeartbeatReceiver" daemon [_thread_blocked, id=15796, stack(0x000000c7d2e00000,0x000000c7d2f00000)]
  0x00000269333e6830 JavaThread "heartbeat-receiver-event-loop-thread" daemon [_thread_blocked, id=14404, stack(0x000000c7d3700000,0x000000c7d3800000)]
  0x00000269333e49d0 JavaThread "netty-rpc-env-timeout" daemon [_thread_blocked, id=25832, stack(0x000000c7d3800000,0x000000c7d3900000)]
  0x00000269333e3590 JavaThread "dag-scheduler-event-loop" daemon [_thread_blocked, id=20324, stack(0x000000c7d3900000,0x000000c7d3a00000)]
  0x00000269333e7250 JavaThread "driver-heartbeater" daemon [_thread_blocked, id=19896, stack(0x000000c7d3a00000,0x000000c7d3b00000)]
  0x00000269333e3aa0 JavaThread "executor-kill-mark-cleanup" daemon [_thread_blocked, id=25792, stack(0x000000c7d3b00000,0x000000c7d3c00000)]
  0x00000269333e95c0 JavaThread "executor-heartbeater" daemon [_thread_blocked, id=23796, stack(0x000000c7d3c00000,0x000000c7d3d00000)]
  0x00000269333e7760 JavaThread "shuffle-boss-6-1" daemon [_thread_in_native, id=11304, stack(0x000000c7d3d00000,0x000000c7d3e00000)]
  0x00000269333e7c70 JavaThread "Spark Context Cleaner" daemon [_thread_blocked, id=25440, stack(0x000000c7d3e00000,0x000000c7d3f00000)]
  0x00000269333e9fe0 JavaThread "context-cleaner-periodic-gc" daemon [_thread_blocked, id=22812, stack(0x000000c7d3f00000,0x000000c7d4000000)]
  0x00000269333e90b0 JavaThread "spark-listener-group-appStatus" daemon [_thread_blocked, id=17664, stack(0x000000c7d4000000,0x000000c7d4100000)]
  0x00000269333e8180 JavaThread "spark-listener-group-executorManagement" daemon [_thread_blocked, id=22732, stack(0x000000c7d4100000,0x000000c7d4200000)]
  0x00000269333e8690 JavaThread "element-tracking-store-worker" daemon [_thread_blocked, id=24108, stack(0x000000c7d4300000,0x000000c7d4400000)]
  0x00000269316a0cc0 JavaThread "org.apache.hadoop.fs.FileSystem$Statistics$StatisticsDataReferenceCleaner" daemon [_thread_blocked, id=14668, stack(0x000000c7d4200000,0x000000c7d4300000)]
  0x00000269316a07b0 JavaThread "Cleaner-0" daemon [_thread_blocked, id=26300, stack(0x000000c7cfb00000,0x000000c7cfc00000)]
  0x00000269316a67e0 JavaThread "task-result-getter-0" daemon [_thread_blocked, id=25632, stack(0x000000c7d4600000,0x000000c7d4700000)]
  0x0000026933c752d0 JavaThread "task-result-getter-1" daemon [_thread_blocked, id=20776, stack(0x000000c7d4700000,0x000000c7d4800000)]
  0x0000026933c71b20 JavaThread "task-result-getter-2" daemon [_thread_blocked, id=4220, stack(0x000000c7d4900000,0x000000c7d4a00000)]
  0x0000026933c743a0 JavaThread "task-result-getter-3" daemon [_thread_blocked, id=25468, stack(0x000000c7d2c00000,0x000000c7d2d00000)]
  0x0000026939390320 JavaThread "Thread-16" daemon [_thread_in_native, id=10104, stack(0x000000c7d6700000,0x000000c7d6800000)]
  0x0000026939390830 JavaThread "Thread-17" daemon [_thread_in_native, id=22700, stack(0x000000c7d6800000,0x000000c7d6900000)]
  0x000002693938e4c0 JavaThread "Thread-18" daemon [_thread_in_native, id=6104, stack(0x000000c7d6900000,0x000000c7d6a00000)]
  0x0000026939391c70 JavaThread "Thread-19" daemon [_thread_in_native, id=2828, stack(0x000000c7d6a00000,0x000000c7d6b00000)]
  0x0000026939390d40 JavaThread "Thread-20" daemon [_thread_in_native, id=25988, stack(0x000000c7d6b00000,0x000000c7d6c00000)]
  0x000002693938f3f0 JavaThread "Thread-21" daemon [_thread_in_native, id=25196, stack(0x000000c7d6c00000,0x000000c7d6d00000)]
  0x0000026939392180 JavaThread "Thread-22" daemon [_thread_in_native, id=25356, stack(0x000000c7d6d00000,0x000000c7d6e00000)]
  0x000002693938e9d0 JavaThread "Thread-23" daemon [_thread_in_native, id=21924, stack(0x000000c7d6e00000,0x000000c7d6f00000)]
  0x0000026939392690 JavaThread "Thread-24" daemon [_thread_in_native, id=23012, stack(0x000000c7d6f00000,0x000000c7d7000000)]
  0x000002693938eee0 JavaThread "Thread-25" daemon [_thread_in_native, id=21020, stack(0x000000c7d7000000,0x000000c7d7100000)]
  0x0000026939395420 JavaThread "Thread-26" daemon [_thread_in_native, id=26268, stack(0x000000c7d7100000,0x000000c7d7200000)]
  0x00000269393930b0 JavaThread "Thread-27" daemon [_thread_in_native, id=24984, stack(0x000000c7d7200000,0x000000c7d7300000)]
  0x0000026939392ba0 JavaThread "Thread-28" daemon [_thread_in_native, id=23596, stack(0x000000c7d7300000,0x000000c7d7400000)]
  0x0000026939394a00 JavaThread "Thread-29" daemon [_thread_in_native, id=26468, stack(0x000000c7d7400000,0x000000c7d7500000)]
  0x00000269393935c0 JavaThread "Thread-30" daemon [_thread_in_native, id=25452, stack(0x000000c7d7500000,0x000000c7d7600000)]
  0x0000026939394f10 JavaThread "Thread-31" daemon [_thread_in_native, id=23996, stack(0x000000c7d7600000,0x000000c7d7700000)]
  0x0000026939393ad0 JavaThread "Thread-32" daemon [_thread_in_native, id=23548, stack(0x000000c7d7700000,0x000000c7d7800000)]
  0x000002693c12b4e0 JavaThread "block-manager-storage-async-thread-pool-100" daemon [_thread_blocked, id=21904, stack(0x000000c7ce700000,0x000000c7ce800000)]
  0x0000026939f504d0 JavaThread "block-manager-storage-async-thread-pool-101" daemon [_thread_blocked, id=11864, stack(0x000000c7cf900000,0x000000c7cfa00000)]
  0x0000026939f4ffc0 JavaThread "block-manager-storage-async-thread-pool-102" daemon [_thread_blocked, id=276, stack(0x000000c7cfa00000,0x000000c7cfb00000)]
  0x00000268eac56310 JavaThread "block-manager-ask-thread-pool-100" daemon [_thread_blocked, id=9940, stack(0x000000c7d4400000,0x000000c7d4500000)]
  0x000002693ae06020 JavaThread "block-manager-ask-thread-pool-101" daemon [_thread_blocked, id=12904, stack(0x000000c7d4500000,0x000000c7d4600000)]
  0x0000026939f509e0 JavaThread "shuffle-exchange-1" daemon [_thread_blocked, id=22824, stack(0x000000c7d4e00000,0x000000c7d4f00000)]
  0x000002693c12a5b0 JavaThread "Executor task launch worker for task 31.0 in stage 73.0 (TID 222)" daemon [_thread_blocked, id=8084, stack(0x000000c7d5200000,0x000000c7d5300000)]
  0x000002693c12aac0 JavaThread "Executor task launch worker for task 1.0 in stage 73.0 (TID 192)" daemon [_thread_blocked, id=25592, stack(0x000000c7d5300000,0x000000c7d5400000)]
  0x000002693c12b9f0 JavaThread "Executor task launch worker for task 37.0 in stage 73.0 (TID 228)" daemon [_thread_blocked, id=24132, stack(0x000000c7d5400000,0x000000c7d5500000)]
  0x000002693c12a0a0 JavaThread "Executor task launch worker for task 16.0 in stage 73.0 (TID 207)" daemon [_thread_blocked, id=7692, stack(0x000000c7d5500000,0x000000c7d5600000)]
  0x000002693c12afd0 JavaThread "Executor task launch worker for task 4.0 in stage 73.0 (TID 195)" daemon [_thread_blocked, id=24604, stack(0x000000c7d5600000,0x000000c7d5700000)]
  0x000002693ca37c30 JavaThread "Executor task launch worker for task 34.0 in stage 73.0 (TID 225)" daemon [_thread_blocked, id=26012, stack(0x000000c7d5700000,0x000000c7d5800000)]
  0x000002693ca38140 JavaThread "Executor task launch worker for task 46.0 in stage 73.0 (TID 237)" daemon [_thread_blocked, id=8108, stack(0x000000c7d5800000,0x000000c7d5900000)]
  0x000002693ca37720 JavaThread "Executor task launch worker for task 7.0 in stage 73.0 (TID 198)" daemon [_thread_blocked, id=26500, stack(0x000000c7d5900000,0x000000c7d5a00000)]
  0x00000269321c00d0 JavaThread "Executor task launch worker for task 40.0 in stage 73.0 (TID 231)" daemon [_thread_blocked, id=3244, stack(0x000000c7d5a00000,0x000000c7d5b00000)]
  0x000002693a357fc0 JavaThread "Executor task launch worker for task 19.0 in stage 73.0 (TID 210)" daemon [_thread_blocked, id=23204, stack(0x000000c7d5b00000,0x000000c7d5c00000)]
  0x000002693a357ab0 JavaThread "Executor task launch worker for task 10.0 in stage 73.0 (TID 201)" daemon [_thread_blocked, id=25248, stack(0x000000c7d5c00000,0x000000c7d5d00000)]
  0x000002693a3575a0 JavaThread "Executor task launch worker for task 28.0 in stage 73.0 (TID 219)" daemon [_thread_blocked, id=21712, stack(0x000000c7d5d00000,0x000000c7d5e00000)]
  0x000002693a356b80 JavaThread "Executor task launch worker for task 25.0 in stage 73.0 (TID 216)" daemon [_thread_blocked, id=22424, stack(0x000000c7d5e00000,0x000000c7d5f00000)]
  0x000002693a3584d0 JavaThread "Executor task launch worker for task 13.0 in stage 73.0 (TID 204)" daemon [_thread_blocked, id=26304, stack(0x000000c7d5f00000,0x000000c7d6000000)]
  0x000002693a357090 JavaThread "Executor task launch worker for task 43.0 in stage 73.0 (TID 234)" daemon [_thread_blocked, id=22820, stack(0x000000c7d6000000,0x000000c7d6100000)]
  0x000002693c16b5f0 JavaThread "Executor task launch worker for task 22.0 in stage 73.0 (TID 213)" daemon [_thread_blocked, id=25484, stack(0x000000c7d6100000,0x000000c7d6200000)]
  0x0000026939f51400 JavaThread "ForkJoinPool.commonPool-worker-2" daemon [_thread_blocked, id=26372, stack(0x000000c7d6300000,0x000000c7d6400000)]
  0x00000269321be5d0 JavaThread "ForkJoinPool.commonPool-worker-3" daemon [_thread_blocked, id=25764, stack(0x000000c7d6400000,0x000000c7d6500000)]
  0x000002693ae05b10 JavaThread "ForkJoinPool.commonPool-worker-4" daemon [_thread_blocked, id=24552, stack(0x000000c7d6500000,0x000000c7d6600000)]
  0x000002693ca39070 JavaThread "ForkJoinPool.commonPool-worker-5" daemon [_thread_blocked, id=23324, stack(0x000000c7d6600000,0x000000c7d6700000)]
  0x000002693d809f20 JavaThread "ForkJoinPool.commonPool-worker-7" daemon [_thread_blocked, id=3860, stack(0x000000c7d7800000,0x000000c7d7900000)]
  0x000002693ae06530 JavaThread "ForkJoinPool.commonPool-worker-6" daemon [_thread_blocked, id=23208, stack(0x000000c7d7900000,0x000000c7d7a00000)]
  0x000002693ae7b0a0 JavaThread "ForkJoinPool.commonPool-worker-8" daemon [_thread_blocked, id=11764, stack(0x000000c7d7a00000,0x000000c7d7b00000)]
  0x0000026939f51910 JavaThread "ForkJoinPool.commonPool-worker-9" daemon [_thread_blocked, id=23008, stack(0x000000c7d7b00000,0x000000c7d7c00000)]
  0x000002693d80a430 JavaThread "ForkJoinPool.commonPool-worker-10" daemon [_thread_blocked, id=23696, stack(0x000000c7d7c00000,0x000000c7d7d00000)]
  0x000002693c990920 JavaThread "ForkJoinPool.commonPool-worker-12" daemon [_thread_blocked, id=25188, stack(0x000000c7d7d00000,0x000000c7d7e00000)]
  0x000002693ae7c4e0 JavaThread "ForkJoinPool.commonPool-worker-11" daemon [_thread_blocked, id=22672, stack(0x000000c7d7e00000,0x000000c7d7f00000)]
  0x000002693ae7a4d0 JavaThread "ForkJoinPool.commonPool-worker-13" daemon [_thread_blocked, id=3324, stack(0x000000c7d7f00000,0x000000c7d8000000)]
  0x00000269321c05e0 JavaThread "ForkJoinPool.commonPool-worker-14" daemon [_thread_blocked, id=20036, stack(0x000000c7d8000000,0x000000c7d8100000)]
  0x000002693c16d960 JavaThread "ForkJoinPool.commonPool-worker-15" daemon [_thread_blocked, id=8548, stack(0x000000c7d8100000,0x000000c7d8200000)]
  0x000002693ae7bac0 JavaThread "ForkJoinPool.commonPool-worker-16" daemon [_thread_blocked, id=25120, stack(0x000000c7d8200000,0x000000c7d8300000)]
  0x000002693ae06a40 JavaThread "Thread-33" daemon [_thread_blocked, id=22888, stack(0x000000c7d8300000,0x000000c7d8400000)]
  0x000002693ae050f0 JavaThread "Thread-34" daemon [_thread_blocked, id=2072, stack(0x000000c7d8400000,0x000000c7d8500000)]
  0x0000026939f50ef0 JavaThread "Thread-35" daemon [_thread_blocked, id=21408, stack(0x000000c7d8500000,0x000000c7d8600000)]
  0x000002693bb99320 JavaThread "Thread-36" daemon [_thread_blocked, id=12208, stack(0x000000c7d8600000,0x000000c7d8700000)]
  0x000002693bb98e10 JavaThread "Thread-37" daemon [_thread_blocked, id=4444, stack(0x000000c7d8700000,0x000000c7d8800000)]
  0x000002693bb9b180 JavaThread "Thread-38" daemon [_thread_blocked, id=23700, stack(0x000000c7d8800000,0x000000c7d8900000)]
  0x000002693bb9b690 JavaThread "Thread-39" daemon [_thread_blocked, id=7176, stack(0x000000c7d8900000,0x000000c7d8a00000)]
  0x000002693bb9c0b0 JavaThread "Thread-40" daemon [_thread_blocked, id=22860, stack(0x000000c7d8a00000,0x000000c7d8b00000)]
  0x000002693bb99830 JavaThread "Thread-41" daemon [_thread_blocked, id=19472, stack(0x000000c7d8b00000,0x000000c7d8c00000)]
  0x000002693bb9c5c0 JavaThread "block-manager-storage-async-thread-pool-103" daemon [_thread_blocked, id=24432, stack(0x000000c7d8c00000,0x000000c7d8d00000)]
  0x000002693ae05600 JavaThread "block-manager-storage-async-thread-pool-104" daemon [_thread_blocked, id=8356, stack(0x000000c7d8d00000,0x000000c7d8e00000)]
  0x0000026945deeaf0 JavaThread "block-manager-storage-async-thread-pool-105" daemon [_thread_blocked, id=26004, stack(0x000000c7d8e00000,0x000000c7d8f00000)]
  0x000002693ae7a9e0 JavaThread "block-manager-ask-thread-pool-102" daemon [_thread_blocked, id=25192, stack(0x000000c7d8f00000,0x000000c7d9000000)]
  0x000002693ca38650 JavaThread "block-manager-ask-thread-pool-103" daemon [_thread_blocked, id=26048, stack(0x000000c7d9000000,0x000000c7d9100000)]

Other Threads:
=>0x00000268e7cc6820 VMThread "VM Thread" [stack: 0x000000c7cee00000,0x000000c7cef00000] [id=4652]
  0x00000268eaee55a0 WatcherThread [stack: 0x000000c7cff00000,0x000000c7d0000000] [id=4732]
  0x00000268e7b13be0 GCTaskThread "GC Thread#0" [stack: 0x000000c7ce900000,0x000000c7cea00000] [id=25548]
  0x000002693035dc10 GCTaskThread "GC Thread#1" [stack: 0x000000c7d0000000,0x000000c7d0100000] [id=26356]
  0x000002693035dee0 GCTaskThread "GC Thread#2" [stack: 0x000000c7d0100000,0x000000c7d0200000] [id=3564]
  0x00000269303718d0 GCTaskThread "GC Thread#3" [stack: 0x000000c7d0200000,0x000000c7d0300000] [id=26052]
  0x0000026930370d90 GCTaskThread "GC Thread#4" [stack: 0x000000c7d0300000,0x000000c7d0400000] [id=23672]
  0x0000026930370250 GCTaskThread "GC Thread#5" [stack: 0x000000c7d0400000,0x000000c7d0500000] [id=20848]
  0x0000026930371600 GCTaskThread "GC Thread#6" [stack: 0x000000c7d0600000,0x000000c7d0700000] [id=23724]
  0x0000026930371e70 GCTaskThread "GC Thread#7" [stack: 0x000000c7d0700000,0x000000c7d0800000] [id=20056]
  0x00000269327da160 GCTaskThread "GC Thread#8" [stack: 0x000000c7d0800000,0x000000c7d0900000] [id=19852]
  0x00000269327d7190 GCTaskThread "GC Thread#9" [stack: 0x000000c7d0900000,0x000000c7d0a00000] [id=24624]
  0x00000269327d6ec0 GCTaskThread "GC Thread#10" [stack: 0x000000c7d0a00000,0x000000c7d0b00000] [id=22904]
  0x00000269327d7730 GCTaskThread "GC Thread#11" [stack: 0x000000c7d0b00000,0x000000c7d0c00000] [id=22668]
  0x00000269327d9bc0 GCTaskThread "GC Thread#12" [stack: 0x000000c7d0c00000,0x000000c7d0d00000] [id=22240]
  0x00000268e7b22950 ConcurrentGCThread "G1 Main Marker" [stack: 0x000000c7cea00000,0x000000c7ceb00000] [id=14204]
  0x00000268e7b23280 ConcurrentGCThread "G1 Conc#0" [stack: 0x000000c7ceb00000,0x000000c7cec00000] [id=24420]
  0x00000269327d9080 ConcurrentGCThread "G1 Conc#1" [stack: 0x000000c7d0d00000,0x000000c7d0e00000] [id=8480]
  0x00000269327d7fa0 ConcurrentGCThread "G1 Conc#2" [stack: 0x000000c7d0e00000,0x000000c7d0f00000] [id=23184]
  0x00000268e7bff010 ConcurrentGCThread "G1 Refine#0" [stack: 0x000000c7cec00000,0x000000c7ced00000] [id=25992]
  0x000002693a5cff60 ConcurrentGCThread "G1 Refine#1" [stack: 0x000000c7d6200000,0x000000c7d6300000] [id=25552]
  0x000002693a5d0860 ConcurrentGCThread "G1 Refine#2" [stack: 0x000000c7ce500000,0x000000c7ce600000] [id=23948]
  0x00000268e7c00810 ConcurrentGCThread "G1 Service" [stack: 0x000000c7ced00000,0x000000c7cee00000] [id=484]

Threads with active compile tasks:

VM state: at safepoint (normal execution)

VM Mutex/Monitor currently owned by a thread:  ([mutex/lock_event])
[0x00000268ad04d760] Threads_lock - owner thread: 0x00000268e7cc6820
[0x00000268af2ca4b0] Heap_lock - owner thread: 0x000002693a3575a0

Heap address: 0x0000000480000000, size: 14336 MB, Compressed Oops mode: Zero based, Oop shift amount: 3

CDS archive(s) mapped at: [0x00000268eb000000-0x00000268ebbb0000-0x00000268ebbb0000), size 12255232, SharedBaseAddress: 0x00000268eb000000, ArchiveRelocationMode: 1.
Compressed class space mapped at: 0x00000268ec000000-0x000002692c000000, reserved size: 1073741824
Narrow klass base: 0x00000268eb000000, Narrow klass shift: 0, Narrow klass range: 0x100000000

GC Precious Log:
 CPUs: 16 total, 16 available
 Memory: 16051M
 Large Page Support: Disabled
 NUMA Support: Disabled
 Compressed Oops: Enabled (Zero based)
 Heap Region Size: 8M
 Heap Min Capacity: 8M
 Heap Initial Capacity: 256M
 Heap Max Capacity: 14G
 Pre-touch: Disabled
 Parallel Workers: 13
 Concurrent Workers: 3
 Concurrent Refinement Workers: 13
 Periodic GC: Disabled

Heap:
 garbage-first heap   total 10674176K, used 688216K [0x0000000480000000, 0x0000000800000000)
  region size 8192K, 6 young (49152K), 6 survivors (49152K)
 Metaspace       used 161381K, committed 164480K, reserved 1245184K
  class space    used 20217K, committed 21504K, reserved 1048576K

Heap Regions: E=young(eden), S=young(survivor), O=old, HS=humongous(starts), HC=humongous(continues), CS=collection set, F=free, OA=open archive, CA=closed archive, TAMS=top-at-mark-start (previous, next)
|   0|0x0000000480000000, 0x0000000480800000, 0x0000000480800000|100%| O|  |TAMS 0x0000000480800000, 0x0000000480000000| Untracked 
|   1|0x0000000480800000, 0x0000000481000000, 0x0000000481000000|100%| O|  |TAMS 0x0000000481000000, 0x0000000480800000| Untracked 
|   2|0x0000000481000000, 0x0000000481800000, 0x0000000481800000|100%| O|  |TAMS 0x0000000481800000, 0x0000000481000000| Untracked 
|   3|0x0000000481800000, 0x0000000482000000, 0x0000000482000000|100%| O|  |TAMS 0x0000000482000000, 0x0000000481800000| Untracked 
|   4|0x0000000482000000, 0x0000000482800000, 0x0000000482800000|100%| O|  |TAMS 0x0000000482800000, 0x0000000482000000| Untracked 
|   5|0x0000000482800000, 0x0000000483000000, 0x0000000483000000|100%| O|  |TAMS 0x0000000483000000, 0x0000000482800000| Untracked 
|   6|0x0000000483000000, 0x0000000483800000, 0x0000000483800000|100%| O|  |TAMS 0x0000000483800000, 0x0000000483000000| Untracked 
|   7|0x0000000483800000, 0x0000000484000000, 0x0000000484000000|100%| O|  |TAMS 0x0000000484000000, 0x0000000483800000| Untracked 
|   8|0x0000000484000000, 0x0000000484800000, 0x0000000484800000|100%| O|  |TAMS 0x0000000484800000, 0x0000000484000000| Untracked 
|   9|0x0000000484800000, 0x0000000485000000, 0x0000000485000000|100%| O|  |TAMS 0x0000000485000000, 0x0000000484800000| Untracked 
|  10|0x0000000485000000, 0x0000000485800000, 0x0000000485800000|100%| O|  |TAMS 0x0000000485800000, 0x0000000485000000| Untracked 
|  11|0x0000000485800000, 0x0000000486000000, 0x0000000486000000|100%| O|  |TAMS 0x0000000486000000, 0x0000000485800000| Untracked 
|  12|0x0000000486000000, 0x0000000486800000, 0x0000000486800000|100%| O|  |TAMS 0x0000000486800000, 0x0000000486000000| Untracked 
|  13|0x0000000486800000, 0x0000000487000000, 0x0000000487000000|100%| O|  |TAMS 0x0000000487000000, 0x0000000486800000| Untracked 
|  14|0x0000000487000000, 0x0000000487800000, 0x0000000487800000|100%| O|  |TAMS 0x0000000487800000, 0x0000000487000000| Untracked 
|  15|0x0000000487800000, 0x0000000488000000, 0x0000000488000000|100%| O|  |TAMS 0x0000000488000000, 0x0000000487800000| Untracked 
|  16|0x0000000488000000, 0x0000000488800000, 0x0000000488800000|100%| O|  |TAMS 0x0000000488800000, 0x0000000488000000| Untracked 
|  17|0x0000000488800000, 0x0000000489000000, 0x0000000489000000|100%| O|  |TAMS 0x0000000489000000, 0x0000000488800000| Untracked 
|  18|0x0000000489000000, 0x0000000489800000, 0x0000000489800000|100%| O|  |TAMS 0x0000000489800000, 0x0000000489000000| Untracked 
|  19|0x0000000489800000, 0x000000048a000000, 0x000000048a000000|100%| O|  |TAMS 0x000000048a000000, 0x0000000489800000| Untracked 
|  20|0x000000048a000000, 0x000000048a800000, 0x000000048a800000|100%| O|  |TAMS 0x000000048a800000, 0x000000048a000000| Untracked 
|  21|0x000000048a800000, 0x000000048b000000, 0x000000048b000000|100%| O|  |TAMS 0x000000048b000000, 0x000000048a800000| Untracked 
|  22|0x000000048b000000, 0x000000048b800000, 0x000000048b800000|100%| O|  |TAMS 0x000000048b000000, 0x000000048b000000| Untracked 
|  23|0x000000048b800000, 0x000000048c000000, 0x000000048c000000|100%| O|  |TAMS 0x000000048c000000, 0x000000048b800000| Untracked 
|  24|0x000000048c000000, 0x000000048c800000, 0x000000048c800000|100%| O|  |TAMS 0x000000048c800000, 0x000000048c000000| Untracked 
|  25|0x000000048c800000, 0x000000048d000000, 0x000000048d000000|100%| O|  |TAMS 0x000000048d000000, 0x000000048c800000| Untracked 
|  26|0x000000048d000000, 0x000000048d800000, 0x000000048d800000|100%| O|  |TAMS 0x000000048d800000, 0x000000048d000000| Untracked 
|  27|0x000000048d800000, 0x000000048e000000, 0x000000048e000000|100%| O|  |TAMS 0x000000048e000000, 0x000000048d800000| Untracked 
|  28|0x000000048e000000, 0x000000048e800000, 0x000000048e800000|100%| O|  |TAMS 0x000000048e800000, 0x000000048e000000| Untracked 
|  29|0x000000048e800000, 0x000000048f000000, 0x000000048f000000|100%| O|  |TAMS 0x000000048f000000, 0x000000048e800000| Untracked 
|  30|0x000000048f000000, 0x000000048f800000, 0x000000048f800000|100%| O|  |TAMS 0x000000048f000000, 0x000000048f000000| Untracked 
|  31|0x000000048f800000, 0x0000000490000000, 0x0000000490000000|100%| O|  |TAMS 0x000000048f800000, 0x000000048f800000| Untracked 
|  32|0x0000000490000000, 0x0000000490800000, 0x0000000490800000|100%| O|  |TAMS 0x0000000490571800, 0x0000000490000000| Untracked 
|  33|0x0000000490800000, 0x0000000491000000, 0x0000000491000000|100%| O|  |TAMS 0x0000000490800000, 0x0000000490800000| Untracked 
|  34|0x0000000491000000, 0x0000000491800000, 0x0000000491800000|100%| O|  |TAMS 0x0000000491000000, 0x0000000491000000| Untracked 
|  35|0x0000000491800000, 0x0000000492000000, 0x0000000492000000|100%| O|  |TAMS 0x0000000491800000, 0x0000000491800000| Untracked 
|  36|0x0000000492000000, 0x0000000492800000, 0x0000000492800000|100%| O|  |TAMS 0x0000000492000000, 0x0000000492000000| Untracked 
|  37|0x0000000492800000, 0x0000000493000000, 0x0000000493000000|100%| O|  |TAMS 0x0000000492800000, 0x0000000492800000| Untracked 
|  38|0x0000000493000000, 0x0000000493800000, 0x0000000493800000|100%| O|  |TAMS 0x0000000493000000, 0x0000000493000000| Untracked 
|  39|0x0000000493800000, 0x0000000494000000, 0x0000000494000000|100%| O|  |TAMS 0x0000000493800000, 0x0000000493800000| Untracked 
|  40|0x0000000494000000, 0x0000000494800000, 0x0000000494800000|100%| O|  |TAMS 0x0000000494000000, 0x0000000494000000| Untracked 
|  41|0x0000000494800000, 0x0000000495000000, 0x0000000495000000|100%| O|  |TAMS 0x0000000494800000, 0x0000000494800000| Untracked 
|  42|0x0000000495000000, 0x0000000495800000, 0x0000000495800000|100%| O|  |TAMS 0x0000000495000000, 0x0000000495000000| Untracked 
|  43|0x0000000495800000, 0x0000000496000000, 0x0000000496000000|100%| O|  |TAMS 0x0000000495800000, 0x0000000495800000| Untracked 
|  44|0x0000000496000000, 0x0000000496800000, 0x0000000496800000|100%| O|  |TAMS 0x0000000496000000, 0x0000000496000000| Untracked 
|  45|0x0000000496800000, 0x0000000497000000, 0x0000000497000000|100%| O|  |TAMS 0x0000000496800000, 0x0000000496800000| Untracked 
|  46|0x0000000497000000, 0x0000000497800000, 0x0000000497800000|100%| O|  |TAMS 0x0000000497000000, 0x0000000497000000| Untracked 
|  47|0x0000000497800000, 0x0000000498000000, 0x0000000498000000|100%| O|  |TAMS 0x0000000497800000, 0x0000000497800000| Untracked 
|  48|0x0000000498000000, 0x0000000498800000, 0x0000000498800000|100%| O|  |TAMS 0x0000000498000000, 0x0000000498000000| Untracked 
|  49|0x0000000498800000, 0x0000000499000000, 0x0000000499000000|100%| O|  |TAMS 0x0000000498800000, 0x0000000498800000| Untracked 
|  50|0x0000000499000000, 0x0000000499800000, 0x0000000499800000|100%| O|  |TAMS 0x0000000499000000, 0x0000000499000000| Untracked 
|  51|0x0000000499800000, 0x000000049a000000, 0x000000049a000000|100%| O|  |TAMS 0x0000000499800000, 0x0000000499800000| Untracked 
|  52|0x000000049a000000, 0x000000049a800000, 0x000000049a800000|100%| O|  |TAMS 0x000000049a000000, 0x000000049a000000| Untracked 
|  53|0x000000049a800000, 0x000000049b000000, 0x000000049b000000|100%| O|  |TAMS 0x000000049a800000, 0x000000049a800000| Untracked 
|  54|0x000000049b000000, 0x000000049b800000, 0x000000049b800000|100%| O|  |TAMS 0x000000049b000000, 0x000000049b000000| Untracked 
|  55|0x000000049b800000, 0x000000049c000000, 0x000000049c000000|100%| O|  |TAMS 0x000000049b800000, 0x000000049b800000| Untracked 
|  56|0x000000049c000000, 0x000000049c800000, 0x000000049c800000|100%| O|  |TAMS 0x000000049c000000, 0x000000049c000000| Untracked 
|  57|0x000000049c800000, 0x000000049d000000, 0x000000049d000000|100%| O|  |TAMS 0x000000049c800000, 0x000000049c800000| Untracked 
|  58|0x000000049d000000, 0x000000049d800000, 0x000000049d800000|100%| O|  |TAMS 0x000000049d000000, 0x000000049d000000| Untracked 
|  59|0x000000049d800000, 0x000000049e000000, 0x000000049e000000|100%| O|  |TAMS 0x000000049d800000, 0x000000049d800000| Untracked 
|  60|0x000000049e000000, 0x000000049e800000, 0x000000049e800000|100%| O|  |TAMS 0x000000049e000000, 0x000000049e000000| Untracked 
|  61|0x000000049e800000, 0x000000049f000000, 0x000000049f000000|100%| O|  |TAMS 0x000000049e800000, 0x000000049e800000| Untracked 
|  62|0x000000049f000000, 0x000000049f800000, 0x000000049f800000|100%| O|  |TAMS 0x000000049f000000, 0x000000049f000000| Untracked 
|  63|0x000000049f800000, 0x00000004a0000000, 0x00000004a0000000|100%| O|  |TAMS 0x000000049f800000, 0x000000049f800000| Untracked 
|  64|0x00000004a0000000, 0x00000004a0800000, 0x00000004a0800000|100%| O|  |TAMS 0x00000004a0000000, 0x00000004a0000000| Untracked 
|  65|0x00000004a0800000, 0x00000004a1000000, 0x00000004a1000000|100%| O|  |TAMS 0x00000004a0800000, 0x00000004a0800000| Untracked 
|  66|0x00000004a1000000, 0x00000004a1800000, 0x00000004a1800000|100%| O|  |TAMS 0x00000004a1000000, 0x00000004a1000000| Untracked 
|  67|0x00000004a1800000, 0x00000004a2000000, 0x00000004a2000000|100%| O|  |TAMS 0x00000004a1800000, 0x00000004a1800000| Untracked 
|  68|0x00000004a2000000, 0x00000004a2800000, 0x00000004a2800000|100%| O|  |TAMS 0x00000004a2000000, 0x00000004a2000000| Untracked 
|  69|0x00000004a2800000, 0x00000004a3000000, 0x00000004a3000000|100%| O|  |TAMS 0x00000004a2800000, 0x00000004a2800000| Untracked 
|  70|0x00000004a3000000, 0x00000004a3800000, 0x00000004a3800000|100%| O|  |TAMS 0x00000004a3000000, 0x00000004a3000000| Untracked 
|  71|0x00000004a3800000, 0x00000004a4000000, 0x00000004a4000000|100%| O|  |TAMS 0x00000004a3800000, 0x00000004a3800000| Untracked 
|  72|0x00000004a4000000, 0x00000004a4800000, 0x00000004a4800000|100%| O|  |TAMS 0x00000004a4000000, 0x00000004a4000000| Untracked 
|  73|0x00000004a4800000, 0x00000004a5000000, 0x00000004a5000000|100%| O|  |TAMS 0x00000004a4800000, 0x00000004a4800000| Untracked 
|  74|0x00000004a5000000, 0x00000004a5800000, 0x00000004a5800000|100%| O|  |TAMS 0x00000004a5000000, 0x00000004a5000000| Untracked 
|  75|0x00000004a5800000, 0x00000004a6000000, 0x00000004a6000000|100%| O|  |TAMS 0x00000004a5800000, 0x00000004a5800000| Untracked 
|  76|0x00000004a6000000, 0x00000004a647b000, 0x00000004a6800000| 56%| O|  |TAMS 0x00000004a6000000, 0x00000004a6000000| Untracked 
|  77|0x00000004a6800000, 0x00000004a6800000, 0x00000004a7000000|  0%| F|  |TAMS 0x00000004a6800000, 0x00000004a6800000| Untracked 
|  78|0x00000004a7000000, 0x00000004a7000000, 0x00000004a7800000|  0%| F|  |TAMS 0x00000004a7000000, 0x00000004a7000000| Untracked 
|  79|0x00000004a7800000, 0x00000004a7800000, 0x00000004a8000000|  0%| F|  |TAMS 0x00000004a7800000, 0x00000004a7800000| Untracked 
|  80|0x00000004a8000000, 0x00000004a8000000, 0x00000004a8800000|  0%| F|  |TAMS 0x00000004a8000000, 0x00000004a8000000| Untracked 
|  81|0x00000004a8800000, 0x00000004a8800000, 0x00000004a9000000|  0%| F|  |TAMS 0x00000004a8800000, 0x00000004a8800000| Untracked 
|  82|0x00000004a9000000, 0x00000004a9000000, 0x00000004a9800000|  0%| F|  |TAMS 0x00000004a9000000, 0x00000004a9000000| Untracked 
|  83|0x00000004a9800000, 0x00000004a9800000, 0x00000004aa000000|  0%| F|  |TAMS 0x00000004a9800000, 0x00000004a9800000| Untracked 
|  84|0x00000004aa000000, 0x00000004aa000000, 0x00000004aa800000|  0%| F|  |TAMS 0x00000004aa000000, 0x00000004aa000000| Untracked 
|  85|0x00000004aa800000, 0x00000004aa800000, 0x00000004ab000000|  0%| F|  |TAMS 0x00000004aa800000, 0x00000004aa800000| Untracked 
|  86|0x00000004ab000000, 0x00000004ab000000, 0x00000004ab800000|  0%| F|  |TAMS 0x00000004ab000000, 0x00000004ab000000| Untracked 
|  87|0x00000004ab800000, 0x00000004ab800000, 0x00000004ac000000|  0%| F|  |TAMS 0x00000004ab800000, 0x00000004ab800000| Untracked 
|  88|0x00000004ac000000, 0x00000004ac000000, 0x00000004ac800000|  0%| F|  |TAMS 0x00000004ac000000, 0x00000004ac000000| Untracked 
|  89|0x00000004ac800000, 0x00000004ac800000, 0x00000004ad000000|  0%| F|  |TAMS 0x00000004ac800000, 0x00000004ac800000| Untracked 
|  90|0x00000004ad000000, 0x00000004ad000000, 0x00000004ad800000|  0%| F|  |TAMS 0x00000004ad000000, 0x00000004ad000000| Untracked 
|  91|0x00000004ad800000, 0x00000004ad800000, 0x00000004ae000000|  0%| F|  |TAMS 0x00000004ad800000, 0x00000004ad800000| Untracked 
|  92|0x00000004ae000000, 0x00000004ae000000, 0x00000004ae800000|  0%| F|  |TAMS 0x00000004ae000000, 0x00000004ae000000| Untracked 
|  93|0x00000004ae800000, 0x00000004ae800000, 0x00000004af000000|  0%| F|  |TAMS 0x00000004ae800000, 0x00000004ae800000| Untracked 
|  94|0x00000004af000000, 0x00000004af000000, 0x00000004af800000|  0%| F|  |TAMS 0x00000004af000000, 0x00000004af000000| Untracked 
|  95|0x00000004af800000, 0x00000004af800000, 0x00000004b0000000|  0%| F|  |TAMS 0x00000004af800000, 0x00000004af800000| Untracked 
|  96|0x00000004b0000000, 0x00000004b0000000, 0x00000004b0800000|  0%| F|  |TAMS 0x00000004b0000000, 0x00000004b0000000| Untracked 
|  97|0x00000004b0800000, 0x00000004b0800000, 0x00000004b1000000|  0%| F|  |TAMS 0x00000004b0800000, 0x00000004b0800000| Untracked 
|  98|0x00000004b1000000, 0x00000004b1000000, 0x00000004b1800000|  0%| F|  |TAMS 0x00000004b1000000, 0x00000004b1000000| Untracked 
|  99|0x00000004b1800000, 0x00000004b1800000, 0x00000004b2000000|  0%| F|  |TAMS 0x00000004b1800000, 0x00000004b1800000| Untracked 
| 100|0x00000004b2000000, 0x00000004b2000000, 0x00000004b2800000|  0%| F|  |TAMS 0x00000004b2000000, 0x00000004b2000000| Untracked 
| 101|0x00000004b2800000, 0x00000004b2800000, 0x00000004b3000000|  0%| F|  |TAMS 0x00000004b2800000, 0x00000004b2800000| Untracked 
| 102|0x00000004b3000000, 0x00000004b3000000, 0x00000004b3800000|  0%| F|  |TAMS 0x00000004b3000000, 0x00000004b3000000| Untracked 
| 103|0x00000004b3800000, 0x00000004b3800000, 0x00000004b4000000|  0%| F|  |TAMS 0x00000004b3800000, 0x00000004b3800000| Untracked 
| 104|0x00000004b4000000, 0x00000004b4000000, 0x00000004b4800000|  0%| F|  |TAMS 0x00000004b4000000, 0x00000004b4000000| Untracked 
| 105|0x00000004b4800000, 0x00000004b4800000, 0x00000004b5000000|  0%| F|  |TAMS 0x00000004b4800000, 0x00000004b4800000| Untracked 
| 106|0x00000004b5000000, 0x00000004b5000000, 0x00000004b5800000|  0%| F|  |TAMS 0x00000004b5000000, 0x00000004b5000000| Untracked 
| 107|0x00000004b5800000, 0x00000004b5800000, 0x00000004b6000000|  0%| F|  |TAMS 0x00000004b5800000, 0x00000004b5800000| Untracked 
| 108|0x00000004b6000000, 0x00000004b6000000, 0x00000004b6800000|  0%| F|  |TAMS 0x00000004b6000000, 0x00000004b6000000| Untracked 
| 109|0x00000004b6800000, 0x00000004b6800000, 0x00000004b7000000|  0%| F|  |TAMS 0x00000004b6800000, 0x00000004b6800000| Untracked 
| 110|0x00000004b7000000, 0x00000004b7000000, 0x00000004b7800000|  0%| F|  |TAMS 0x00000004b7000000, 0x00000004b7000000| Untracked 
| 111|0x00000004b7800000, 0x00000004b7800000, 0x00000004b8000000|  0%| F|  |TAMS 0x00000004b7800000, 0x00000004b7800000| Untracked 
| 112|0x00000004b8000000, 0x00000004b8000000, 0x00000004b8800000|  0%| F|  |TAMS 0x00000004b8000000, 0x00000004b8000000| Untracked 
| 113|0x00000004b8800000, 0x00000004b8800000, 0x00000004b9000000|  0%| F|  |TAMS 0x00000004b8800000, 0x00000004b8800000| Untracked 
| 114|0x00000004b9000000, 0x00000004b9000000, 0x00000004b9800000|  0%| F|  |TAMS 0x00000004b9000000, 0x00000004b9000000| Untracked 
| 115|0x00000004b9800000, 0x00000004b9800000, 0x00000004ba000000|  0%| F|  |TAMS 0x00000004b9800000, 0x00000004b9800000| Untracked 
| 116|0x00000004ba000000, 0x00000004ba000000, 0x00000004ba800000|  0%| F|  |TAMS 0x00000004ba000000, 0x00000004ba000000| Untracked 
| 117|0x00000004ba800000, 0x00000004ba800000, 0x00000004bb000000|  0%| F|  |TAMS 0x00000004ba800000, 0x00000004ba800000| Untracked 
| 118|0x00000004bb000000, 0x00000004bb000000, 0x00000004bb800000|  0%| F|  |TAMS 0x00000004bb000000, 0x00000004bb000000| Untracked 
| 119|0x00000004bb800000, 0x00000004bb800000, 0x00000004bc000000|  0%| F|  |TAMS 0x00000004bb800000, 0x00000004bb800000| Untracked 
| 120|0x00000004bc000000, 0x00000004bc000000, 0x00000004bc800000|  0%| F|  |TAMS 0x00000004bc000000, 0x00000004bc000000| Untracked 
| 121|0x00000004bc800000, 0x00000004bc800000, 0x00000004bd000000|  0%| F|  |TAMS 0x00000004bc800000, 0x00000004bc800000| Untracked 
| 122|0x00000004bd000000, 0x00000004bd000000, 0x00000004bd800000|  0%| F|  |TAMS 0x00000004bd000000, 0x00000004bd000000| Untracked 
| 123|0x00000004bd800000, 0x00000004bd800000, 0x00000004be000000|  0%| F|  |TAMS 0x00000004bd800000, 0x00000004bd800000| Untracked 
| 124|0x00000004be000000, 0x00000004be000000, 0x00000004be800000|  0%| F|  |TAMS 0x00000004be000000, 0x00000004be000000| Untracked 
| 125|0x00000004be800000, 0x00000004be800000, 0x00000004bf000000|  0%| F|  |TAMS 0x00000004be800000, 0x00000004be800000| Untracked 
| 126|0x00000004bf000000, 0x00000004bf000000, 0x00000004bf800000|  0%| F|  |TAMS 0x00000004bf000000, 0x00000004bf000000| Untracked 
| 127|0x00000004bf800000, 0x00000004bf800000, 0x00000004c0000000|  0%| F|  |TAMS 0x00000004bf800000, 0x00000004bf800000| Untracked 
| 128|0x00000004c0000000, 0x00000004c0000000, 0x00000004c0800000|  0%| F|  |TAMS 0x00000004c0000000, 0x00000004c0000000| Untracked 
| 129|0x00000004c0800000, 0x00000004c0800000, 0x00000004c1000000|  0%| F|  |TAMS 0x00000004c0800000, 0x00000004c0800000| Untracked 
| 130|0x00000004c1000000, 0x00000004c1000000, 0x00000004c1800000|  0%| F|  |TAMS 0x00000004c1000000, 0x00000004c1000000| Untracked 
| 131|0x00000004c1800000, 0x00000004c1800000, 0x00000004c2000000|  0%| F|  |TAMS 0x00000004c1800000, 0x00000004c1800000| Untracked 
| 132|0x00000004c2000000, 0x00000004c2000000, 0x00000004c2800000|  0%| F|  |TAMS 0x00000004c2000000, 0x00000004c2000000| Untracked 
| 133|0x00000004c2800000, 0x00000004c2800000, 0x00000004c3000000|  0%| F|  |TAMS 0x00000004c2800000, 0x00000004c2800000| Untracked 
| 134|0x00000004c3000000, 0x00000004c3000000, 0x00000004c3800000|  0%| F|  |TAMS 0x00000004c3000000, 0x00000004c3000000| Untracked 
| 135|0x00000004c3800000, 0x00000004c3800000, 0x00000004c4000000|  0%| F|  |TAMS 0x00000004c3800000, 0x00000004c3800000| Untracked 
| 136|0x00000004c4000000, 0x00000004c4000000, 0x00000004c4800000|  0%| F|  |TAMS 0x00000004c4000000, 0x00000004c4000000| Untracked 
| 137|0x00000004c4800000, 0x00000004c4800000, 0x00000004c5000000|  0%| F|  |TAMS 0x00000004c4800000, 0x00000004c4800000| Untracked 
| 138|0x00000004c5000000, 0x00000004c5000000, 0x00000004c5800000|  0%| F|  |TAMS 0x00000004c5000000, 0x00000004c5000000| Untracked 
| 139|0x00000004c5800000, 0x00000004c5800000, 0x00000004c6000000|  0%| F|  |TAMS 0x00000004c5800000, 0x00000004c5800000| Untracked 
| 140|0x00000004c6000000, 0x00000004c6000000, 0x00000004c6800000|  0%| F|  |TAMS 0x00000004c6000000, 0x00000004c6000000| Untracked 
| 141|0x00000004c6800000, 0x00000004c6800000, 0x00000004c7000000|  0%| F|  |TAMS 0x00000004c6800000, 0x00000004c6800000| Untracked 
| 142|0x00000004c7000000, 0x00000004c7000000, 0x00000004c7800000|  0%| F|  |TAMS 0x00000004c7000000, 0x00000004c7000000| Untracked 
| 143|0x00000004c7800000, 0x00000004c7800000, 0x00000004c8000000|  0%| F|  |TAMS 0x00000004c7800000, 0x00000004c7800000| Untracked 
| 144|0x00000004c8000000, 0x00000004c8000000, 0x00000004c8800000|  0%| F|  |TAMS 0x00000004c8000000, 0x00000004c8000000| Untracked 
| 145|0x00000004c8800000, 0x00000004c8800000, 0x00000004c9000000|  0%| F|  |TAMS 0x00000004c8800000, 0x00000004c8800000| Untracked 
| 146|0x00000004c9000000, 0x00000004c9000000, 0x00000004c9800000|  0%| F|  |TAMS 0x00000004c9000000, 0x00000004c9000000| Untracked 
| 147|0x00000004c9800000, 0x00000004c9800000, 0x00000004ca000000|  0%| F|  |TAMS 0x00000004c9800000, 0x00000004c9800000| Untracked 
| 148|0x00000004ca000000, 0x00000004ca000000, 0x00000004ca800000|  0%| F|  |TAMS 0x00000004ca000000, 0x00000004ca000000| Untracked 
| 149|0x00000004ca800000, 0x00000004ca800000, 0x00000004cb000000|  0%| F|  |TAMS 0x00000004ca800000, 0x00000004ca800000| Untracked 
| 150|0x00000004cb000000, 0x00000004cb000000, 0x00000004cb800000|  0%| F|  |TAMS 0x00000004cb000000, 0x00000004cb000000| Untracked 
| 151|0x00000004cb800000, 0x00000004cb800000, 0x00000004cc000000|  0%| F|  |TAMS 0x00000004cb800000, 0x00000004cb800000| Untracked 
| 152|0x00000004cc000000, 0x00000004cc000000, 0x00000004cc800000|  0%| F|  |TAMS 0x00000004cc000000, 0x00000004cc000000| Untracked 
| 153|0x00000004cc800000, 0x00000004cc800000, 0x00000004cd000000|  0%| F|  |TAMS 0x00000004cc800000, 0x00000004cc800000| Untracked 
| 154|0x00000004cd000000, 0x00000004cd000000, 0x00000004cd800000|  0%| F|  |TAMS 0x00000004cd000000, 0x00000004cd000000| Untracked 
| 155|0x00000004cd800000, 0x00000004cd800000, 0x00000004ce000000|  0%| F|  |TAMS 0x00000004cd800000, 0x00000004cd800000| Untracked 
| 156|0x00000004ce000000, 0x00000004ce000000, 0x00000004ce800000|  0%| F|  |TAMS 0x00000004ce000000, 0x00000004ce000000| Untracked 
| 157|0x00000004ce800000, 0x00000004ce800000, 0x00000004cf000000|  0%| F|  |TAMS 0x00000004ce800000, 0x00000004ce800000| Untracked 
| 158|0x00000004cf000000, 0x00000004cf000000, 0x00000004cf800000|  0%| F|  |TAMS 0x00000004cf000000, 0x00000004cf000000| Untracked 
| 159|0x00000004cf800000, 0x00000004cf800000, 0x00000004d0000000|  0%| F|  |TAMS 0x00000004cf800000, 0x00000004cf800000| Untracked 
| 160|0x00000004d0000000, 0x00000004d0000000, 0x00000004d0800000|  0%| F|  |TAMS 0x00000004d0000000, 0x00000004d0000000| Untracked 
| 161|0x00000004d0800000, 0x00000004d0800000, 0x00000004d1000000|  0%| F|  |TAMS 0x00000004d0800000, 0x00000004d0800000| Untracked 
| 162|0x00000004d1000000, 0x00000004d1000000, 0x00000004d1800000|  0%| F|  |TAMS 0x00000004d1000000, 0x00000004d1000000| Untracked 
| 163|0x00000004d1800000, 0x00000004d1800000, 0x00000004d2000000|  0%| F|  |TAMS 0x00000004d1800000, 0x00000004d1800000| Untracked 
| 164|0x00000004d2000000, 0x00000004d2000000, 0x00000004d2800000|  0%| F|  |TAMS 0x00000004d2000000, 0x00000004d2000000| Untracked 
| 165|0x00000004d2800000, 0x00000004d2800000, 0x00000004d3000000|  0%| F|  |TAMS 0x00000004d2800000, 0x00000004d2800000| Untracked 
| 166|0x00000004d3000000, 0x00000004d3000000, 0x00000004d3800000|  0%| F|  |TAMS 0x00000004d3000000, 0x00000004d3000000| Untracked 
| 167|0x00000004d3800000, 0x00000004d3800000, 0x00000004d4000000|  0%| F|  |TAMS 0x00000004d3800000, 0x00000004d3800000| Untracked 
| 168|0x00000004d4000000, 0x00000004d4000000, 0x00000004d4800000|  0%| F|  |TAMS 0x00000004d4000000, 0x00000004d4000000| Untracked 
| 169|0x00000004d4800000, 0x00000004d4800000, 0x00000004d5000000|  0%| F|  |TAMS 0x00000004d4800000, 0x00000004d4800000| Untracked 
| 170|0x00000004d5000000, 0x00000004d5000000, 0x00000004d5800000|  0%| F|  |TAMS 0x00000004d5000000, 0x00000004d5000000| Untracked 
| 171|0x00000004d5800000, 0x00000004d5800000, 0x00000004d6000000|  0%| F|  |TAMS 0x00000004d5800000, 0x00000004d5800000| Untracked 
| 172|0x00000004d6000000, 0x00000004d6000000, 0x00000004d6800000|  0%| F|  |TAMS 0x00000004d6000000, 0x00000004d6000000| Untracked 
| 173|0x00000004d6800000, 0x00000004d6800000, 0x00000004d7000000|  0%| F|  |TAMS 0x00000004d6800000, 0x00000004d6800000| Untracked 
| 174|0x00000004d7000000, 0x00000004d7000000, 0x00000004d7800000|  0%| F|  |TAMS 0x00000004d7000000, 0x00000004d7000000| Untracked 
| 175|0x00000004d7800000, 0x00000004d7800000, 0x00000004d8000000|  0%| F|  |TAMS 0x00000004d7800000, 0x00000004d7800000| Untracked 
| 176|0x00000004d8000000, 0x00000004d8000000, 0x00000004d8800000|  0%| F|  |TAMS 0x00000004d8000000, 0x00000004d8000000| Untracked 
| 177|0x00000004d8800000, 0x00000004d8800000, 0x00000004d9000000|  0%| F|  |TAMS 0x00000004d8800000, 0x00000004d8800000| Untracked 
| 178|0x00000004d9000000, 0x00000004d9000000, 0x00000004d9800000|  0%| F|  |TAMS 0x00000004d9000000, 0x00000004d9000000| Untracked 
| 179|0x00000004d9800000, 0x00000004d9800000, 0x00000004da000000|  0%| F|  |TAMS 0x00000004d9800000, 0x00000004d9800000| Untracked 
| 180|0x00000004da000000, 0x00000004da000000, 0x00000004da800000|  0%| F|  |TAMS 0x00000004da000000, 0x00000004da000000| Untracked 
| 181|0x00000004da800000, 0x00000004da800000, 0x00000004db000000|  0%| F|  |TAMS 0x00000004da800000, 0x00000004da800000| Untracked 
| 182|0x00000004db000000, 0x00000004db000000, 0x00000004db800000|  0%| F|  |TAMS 0x00000004db000000, 0x00000004db000000| Untracked 
| 183|0x00000004db800000, 0x00000004db800000, 0x00000004dc000000|  0%| F|  |TAMS 0x00000004db800000, 0x00000004db800000| Untracked 
| 184|0x00000004dc000000, 0x00000004dc000000, 0x00000004dc800000|  0%| F|  |TAMS 0x00000004dc000000, 0x00000004dc000000| Untracked 
| 185|0x00000004dc800000, 0x00000004dc800000, 0x00000004dd000000|  0%| F|  |TAMS 0x00000004dc800000, 0x00000004dc800000| Untracked 
| 186|0x00000004dd000000, 0x00000004dd000000, 0x00000004dd800000|  0%| F|  |TAMS 0x00000004dd000000, 0x00000004dd000000| Untracked 
| 187|0x00000004dd800000, 0x00000004dd800000, 0x00000004de000000|  0%| F|  |TAMS 0x00000004dd800000, 0x00000004dd800000| Untracked 
| 188|0x00000004de000000, 0x00000004de000000, 0x00000004de800000|  0%| F|  |TAMS 0x00000004de000000, 0x00000004de000000| Untracked 
| 189|0x00000004de800000, 0x00000004de800000, 0x00000004df000000|  0%| F|  |TAMS 0x00000004de800000, 0x00000004de800000| Untracked 
| 190|0x00000004df000000, 0x00000004df000000, 0x00000004df800000|  0%| F|  |TAMS 0x00000004df000000, 0x00000004df000000| Untracked 
| 191|0x00000004df800000, 0x00000004df800000, 0x00000004e0000000|  0%| F|  |TAMS 0x00000004df800000, 0x00000004df800000| Untracked 
| 192|0x00000004e0000000, 0x00000004e0000000, 0x00000004e0800000|  0%| F|  |TAMS 0x00000004e0000000, 0x00000004e0000000| Untracked 
| 193|0x00000004e0800000, 0x00000004e0800000, 0x00000004e1000000|  0%| F|  |TAMS 0x00000004e0800000, 0x00000004e0800000| Untracked 
| 194|0x00000004e1000000, 0x00000004e1000000, 0x00000004e1800000|  0%| F|  |TAMS 0x00000004e1000000, 0x00000004e1000000| Untracked 
| 195|0x00000004e1800000, 0x00000004e1800000, 0x00000004e2000000|  0%| F|  |TAMS 0x00000004e1800000, 0x00000004e1800000| Untracked 
| 196|0x00000004e2000000, 0x00000004e2000000, 0x00000004e2800000|  0%| F|  |TAMS 0x00000004e2000000, 0x00000004e2000000| Untracked 
| 197|0x00000004e2800000, 0x00000004e2800000, 0x00000004e3000000|  0%| F|  |TAMS 0x00000004e2800000, 0x00000004e2800000| Untracked 
| 198|0x00000004e3000000, 0x00000004e3000000, 0x00000004e3800000|  0%| F|  |TAMS 0x00000004e3000000, 0x00000004e3000000| Untracked 
| 199|0x00000004e3800000, 0x00000004e3800000, 0x00000004e4000000|  0%| F|  |TAMS 0x00000004e3800000, 0x00000004e3800000| Untracked 
| 200|0x00000004e4000000, 0x00000004e4000000, 0x00000004e4800000|  0%| F|  |TAMS 0x00000004e4000000, 0x00000004e4000000| Untracked 
| 201|0x00000004e4800000, 0x00000004e4800000, 0x00000004e5000000|  0%| F|  |TAMS 0x00000004e4800000, 0x00000004e4800000| Untracked 
| 202|0x00000004e5000000, 0x00000004e5000000, 0x00000004e5800000|  0%| F|  |TAMS 0x00000004e5000000, 0x00000004e5000000| Untracked 
| 203|0x00000004e5800000, 0x00000004e5800000, 0x00000004e6000000|  0%| F|  |TAMS 0x00000004e5800000, 0x00000004e5800000| Untracked 
| 204|0x00000004e6000000, 0x00000004e6000000, 0x00000004e6800000|  0%| F|  |TAMS 0x00000004e6000000, 0x00000004e6000000| Untracked 
| 205|0x00000004e6800000, 0x00000004e6800000, 0x00000004e7000000|  0%| F|  |TAMS 0x00000004e6800000, 0x00000004e6800000| Untracked 
| 206|0x00000004e7000000, 0x00000004e7000000, 0x00000004e7800000|  0%| F|  |TAMS 0x00000004e7000000, 0x00000004e7000000| Untracked 
| 207|0x00000004e7800000, 0x00000004e7800000, 0x00000004e8000000|  0%| F|  |TAMS 0x00000004e7800000, 0x00000004e7800000| Untracked 
| 208|0x00000004e8000000, 0x00000004e8000000, 0x00000004e8800000|  0%| F|  |TAMS 0x00000004e8000000, 0x00000004e8000000| Untracked 
| 209|0x00000004e8800000, 0x00000004e8800000, 0x00000004e9000000|  0%| F|  |TAMS 0x00000004e8800000, 0x00000004e8800000| Untracked 
| 210|0x00000004e9000000, 0x00000004e9000000, 0x00000004e9800000|  0%| F|  |TAMS 0x00000004e9000000, 0x00000004e9000000| Untracked 
| 211|0x00000004e9800000, 0x00000004e9800000, 0x00000004ea000000|  0%| F|  |TAMS 0x00000004e9800000, 0x00000004e9800000| Untracked 
| 212|0x00000004ea000000, 0x00000004ea000000, 0x00000004ea800000|  0%| F|  |TAMS 0x00000004ea000000, 0x00000004ea000000| Untracked 
| 213|0x00000004ea800000, 0x00000004ea800000, 0x00000004eb000000|  0%| F|  |TAMS 0x00000004ea800000, 0x00000004ea800000| Untracked 
| 214|0x00000004eb000000, 0x00000004eb000000, 0x00000004eb800000|  0%| F|  |TAMS 0x00000004eb000000, 0x00000004eb000000| Untracked 
| 215|0x00000004eb800000, 0x00000004eb800000, 0x00000004ec000000|  0%| F|  |TAMS 0x00000004eb800000, 0x00000004eb800000| Untracked 
| 216|0x00000004ec000000, 0x00000004ec000000, 0x00000004ec800000|  0%| F|  |TAMS 0x00000004ec000000, 0x00000004ec000000| Untracked 
| 217|0x00000004ec800000, 0x00000004ec800000, 0x00000004ed000000|  0%| F|  |TAMS 0x00000004ec800000, 0x00000004ec800000| Untracked 
| 218|0x00000004ed000000, 0x00000004ed000000, 0x00000004ed800000|  0%| F|  |TAMS 0x00000004ed000000, 0x00000004ed000000| Untracked 
| 219|0x00000004ed800000, 0x00000004ed800000, 0x00000004ee000000|  0%| F|  |TAMS 0x00000004ed800000, 0x00000004ed800000| Untracked 
| 220|0x00000004ee000000, 0x00000004ee000000, 0x00000004ee800000|  0%| F|  |TAMS 0x00000004ee000000, 0x00000004ee000000| Untracked 
| 221|0x00000004ee800000, 0x00000004ee800000, 0x00000004ef000000|  0%| F|  |TAMS 0x00000004ee800000, 0x00000004ee800000| Untracked 
| 222|0x00000004ef000000, 0x00000004ef000000, 0x00000004ef800000|  0%| F|  |TAMS 0x00000004ef000000, 0x00000004ef000000| Untracked 
| 223|0x00000004ef800000, 0x00000004ef800000, 0x00000004f0000000|  0%| F|  |TAMS 0x00000004ef800000, 0x00000004ef800000| Untracked 
| 224|0x00000004f0000000, 0x00000004f0000000, 0x00000004f0800000|  0%| F|  |TAMS 0x00000004f0000000, 0x00000004f0000000| Untracked 
| 225|0x00000004f0800000, 0x00000004f0800000, 0x00000004f1000000|  0%| F|  |TAMS 0x00000004f0800000, 0x00000004f0800000| Untracked 
| 226|0x00000004f1000000, 0x00000004f1000000, 0x00000004f1800000|  0%| F|  |TAMS 0x00000004f1000000, 0x00000004f1000000| Untracked 
| 227|0x00000004f1800000, 0x00000004f1800000, 0x00000004f2000000|  0%| F|  |TAMS 0x00000004f1800000, 0x00000004f1800000| Untracked 
| 228|0x00000004f2000000, 0x00000004f2000000, 0x00000004f2800000|  0%| F|  |TAMS 0x00000004f2000000, 0x00000004f2000000| Untracked 
| 229|0x00000004f2800000, 0x00000004f2800000, 0x00000004f3000000|  0%| F|  |TAMS 0x00000004f2800000, 0x00000004f2800000| Untracked 
| 230|0x00000004f3000000, 0x00000004f3000000, 0x00000004f3800000|  0%| F|  |TAMS 0x00000004f3000000, 0x00000004f3000000| Untracked 
| 231|0x00000004f3800000, 0x00000004f3800000, 0x00000004f4000000|  0%| F|  |TAMS 0x00000004f3800000, 0x00000004f3800000| Untracked 
| 232|0x00000004f4000000, 0x00000004f4000000, 0x00000004f4800000|  0%| F|  |TAMS 0x00000004f4000000, 0x00000004f4000000| Untracked 
| 233|0x00000004f4800000, 0x00000004f4800000, 0x00000004f5000000|  0%| F|  |TAMS 0x00000004f4800000, 0x00000004f4800000| Untracked 
| 234|0x00000004f5000000, 0x00000004f5000000, 0x00000004f5800000|  0%| F|  |TAMS 0x00000004f5000000, 0x00000004f5000000| Untracked 
| 235|0x00000004f5800000, 0x00000004f5800000, 0x00000004f6000000|  0%| F|  |TAMS 0x00000004f5800000, 0x00000004f5800000| Untracked 
| 236|0x00000004f6000000, 0x00000004f6000000, 0x00000004f6800000|  0%| F|  |TAMS 0x00000004f6000000, 0x00000004f6000000| Untracked 
| 237|0x00000004f6800000, 0x00000004f6800000, 0x00000004f7000000|  0%| F|  |TAMS 0x00000004f6800000, 0x00000004f6800000| Untracked 
| 238|0x00000004f7000000, 0x00000004f7000000, 0x00000004f7800000|  0%| F|  |TAMS 0x00000004f7000000, 0x00000004f7000000| Untracked 
| 239|0x00000004f7800000, 0x00000004f7800000, 0x00000004f8000000|  0%| F|  |TAMS 0x00000004f7800000, 0x00000004f7800000| Untracked 
| 240|0x00000004f8000000, 0x00000004f8000000, 0x00000004f8800000|  0%| F|  |TAMS 0x00000004f8000000, 0x00000004f8000000| Untracked 
| 241|0x00000004f8800000, 0x00000004f8800000, 0x00000004f9000000|  0%| F|  |TAMS 0x00000004f8800000, 0x00000004f8800000| Untracked 
| 242|0x00000004f9000000, 0x00000004f9000000, 0x00000004f9800000|  0%| F|  |TAMS 0x00000004f9000000, 0x00000004f9000000| Untracked 
| 243|0x00000004f9800000, 0x00000004f9800000, 0x00000004fa000000|  0%| F|  |TAMS 0x00000004f9800000, 0x00000004f9800000| Untracked 
| 244|0x00000004fa000000, 0x00000004fa000000, 0x00000004fa800000|  0%| F|  |TAMS 0x00000004fa000000, 0x00000004fa000000| Untracked 
| 245|0x00000004fa800000, 0x00000004fa800000, 0x00000004fb000000|  0%| F|  |TAMS 0x00000004fa800000, 0x00000004fa800000| Untracked 
| 246|0x00000004fb000000, 0x00000004fb000000, 0x00000004fb800000|  0%| F|  |TAMS 0x00000004fb000000, 0x00000004fb000000| Untracked 
| 247|0x00000004fb800000, 0x00000004fb800000, 0x00000004fc000000|  0%| F|  |TAMS 0x00000004fb800000, 0x00000004fb800000| Untracked 
| 248|0x00000004fc000000, 0x00000004fc000000, 0x00000004fc800000|  0%| F|  |TAMS 0x00000004fc000000, 0x00000004fc000000| Untracked 
| 249|0x00000004fc800000, 0x00000004fc800000, 0x00000004fd000000|  0%| F|  |TAMS 0x00000004fc800000, 0x00000004fc800000| Untracked 
| 250|0x00000004fd000000, 0x00000004fd000000, 0x00000004fd800000|  0%| F|  |TAMS 0x00000004fd000000, 0x00000004fd000000| Untracked 
| 251|0x00000004fd800000, 0x00000004fd800000, 0x00000004fe000000|  0%| F|  |TAMS 0x00000004fd800000, 0x00000004fd800000| Untracked 
| 252|0x00000004fe000000, 0x00000004fe000000, 0x00000004fe800000|  0%| F|  |TAMS 0x00000004fe000000, 0x00000004fe000000| Untracked 
| 253|0x00000004fe800000, 0x00000004fe800000, 0x00000004ff000000|  0%| F|  |TAMS 0x00000004fe800000, 0x00000004fe800000| Untracked 
| 254|0x00000004ff000000, 0x00000004ff000000, 0x00000004ff800000|  0%| F|  |TAMS 0x00000004ff000000, 0x00000004ff000000| Untracked 
| 255|0x00000004ff800000, 0x00000004ff800000, 0x0000000500000000|  0%| F|  |TAMS 0x00000004ff800000, 0x00000004ff800000| Untracked 
| 256|0x0000000500000000, 0x0000000500000000, 0x0000000500800000|  0%| F|  |TAMS 0x0000000500000000, 0x0000000500000000| Untracked 
| 257|0x0000000500800000, 0x0000000500800000, 0x0000000501000000|  0%| F|  |TAMS 0x0000000500800000, 0x0000000500800000| Untracked 
| 258|0x0000000501000000, 0x0000000501000000, 0x0000000501800000|  0%| F|  |TAMS 0x0000000501000000, 0x0000000501000000| Untracked 
| 259|0x0000000501800000, 0x0000000501800000, 0x0000000502000000|  0%| F|  |TAMS 0x0000000501800000, 0x0000000501800000| Untracked 
| 260|0x0000000502000000, 0x0000000502000000, 0x0000000502800000|  0%| F|  |TAMS 0x0000000502000000, 0x0000000502000000| Untracked 
| 261|0x0000000502800000, 0x0000000502800000, 0x0000000503000000|  0%| F|  |TAMS 0x0000000502800000, 0x0000000502800000| Untracked 
| 262|0x0000000503000000, 0x0000000503000000, 0x0000000503800000|  0%| F|  |TAMS 0x0000000503000000, 0x0000000503000000| Untracked 
| 263|0x0000000503800000, 0x0000000503800000, 0x0000000504000000|  0%| F|  |TAMS 0x0000000503800000, 0x0000000503800000| Untracked 
| 264|0x0000000504000000, 0x0000000504000000, 0x0000000504800000|  0%| F|  |TAMS 0x0000000504000000, 0x0000000504000000| Untracked 
| 265|0x0000000504800000, 0x0000000504800000, 0x0000000505000000|  0%| F|  |TAMS 0x0000000504800000, 0x0000000504800000| Untracked 
| 266|0x0000000505000000, 0x0000000505000000, 0x0000000505800000|  0%| F|  |TAMS 0x0000000505000000, 0x0000000505000000| Untracked 
| 267|0x0000000505800000, 0x0000000505800000, 0x0000000506000000|  0%| F|  |TAMS 0x0000000505800000, 0x0000000505800000| Untracked 
| 268|0x0000000506000000, 0x0000000506000000, 0x0000000506800000|  0%| F|  |TAMS 0x0000000506000000, 0x0000000506000000| Untracked 
| 269|0x0000000506800000, 0x0000000506800000, 0x0000000507000000|  0%| F|  |TAMS 0x0000000506800000, 0x0000000506800000| Untracked 
| 270|0x0000000507000000, 0x0000000507000000, 0x0000000507800000|  0%| F|  |TAMS 0x0000000507000000, 0x0000000507000000| Untracked 
| 271|0x0000000507800000, 0x0000000507800000, 0x0000000508000000|  0%| F|  |TAMS 0x0000000507800000, 0x0000000507800000| Untracked 
| 272|0x0000000508000000, 0x0000000508000000, 0x0000000508800000|  0%| F|  |TAMS 0x0000000508000000, 0x0000000508000000| Untracked 
| 273|0x0000000508800000, 0x0000000508800000, 0x0000000509000000|  0%| F|  |TAMS 0x0000000508800000, 0x0000000508800000| Untracked 
| 274|0x0000000509000000, 0x0000000509000000, 0x0000000509800000|  0%| F|  |TAMS 0x0000000509000000, 0x0000000509000000| Untracked 
| 275|0x0000000509800000, 0x0000000509800000, 0x000000050a000000|  0%| F|  |TAMS 0x0000000509800000, 0x0000000509800000| Untracked 
| 276|0x000000050a000000, 0x000000050a000000, 0x000000050a800000|  0%| F|  |TAMS 0x000000050a000000, 0x000000050a000000| Untracked 
| 277|0x000000050a800000, 0x000000050a800000, 0x000000050b000000|  0%| F|  |TAMS 0x000000050a800000, 0x000000050a800000| Untracked 
| 278|0x000000050b000000, 0x000000050b000000, 0x000000050b800000|  0%| F|  |TAMS 0x000000050b000000, 0x000000050b000000| Untracked 
| 279|0x000000050b800000, 0x000000050b800000, 0x000000050c000000|  0%| F|  |TAMS 0x000000050b800000, 0x000000050b800000| Untracked 
| 280|0x000000050c000000, 0x000000050c000000, 0x000000050c800000|  0%| F|  |TAMS 0x000000050c000000, 0x000000050c000000| Untracked 
| 281|0x000000050c800000, 0x000000050c800000, 0x000000050d000000|  0%| F|  |TAMS 0x000000050c800000, 0x000000050c800000| Untracked 
| 282|0x000000050d000000, 0x000000050d000000, 0x000000050d800000|  0%| F|  |TAMS 0x000000050d000000, 0x000000050d000000| Untracked 
| 283|0x000000050d800000, 0x000000050d800000, 0x000000050e000000|  0%| F|  |TAMS 0x000000050d800000, 0x000000050d800000| Untracked 
| 284|0x000000050e000000, 0x000000050e000000, 0x000000050e800000|  0%| F|  |TAMS 0x000000050e000000, 0x000000050e000000| Untracked 
| 285|0x000000050e800000, 0x000000050e800000, 0x000000050f000000|  0%| F|  |TAMS 0x000000050e800000, 0x000000050e800000| Untracked 
| 286|0x000000050f000000, 0x000000050f000000, 0x000000050f800000|  0%| F|  |TAMS 0x000000050f000000, 0x000000050f000000| Untracked 
| 287|0x000000050f800000, 0x000000050f800000, 0x0000000510000000|  0%| F|  |TAMS 0x000000050f800000, 0x000000050f800000| Untracked 
| 288|0x0000000510000000, 0x0000000510000000, 0x0000000510800000|  0%| F|  |TAMS 0x0000000510000000, 0x0000000510000000| Untracked 
| 289|0x0000000510800000, 0x0000000510800000, 0x0000000511000000|  0%| F|  |TAMS 0x0000000510800000, 0x0000000510800000| Untracked 
| 290|0x0000000511000000, 0x0000000511000000, 0x0000000511800000|  0%| F|  |TAMS 0x0000000511000000, 0x0000000511000000| Untracked 
| 291|0x0000000511800000, 0x0000000511800000, 0x0000000512000000|  0%| F|  |TAMS 0x0000000511800000, 0x0000000511800000| Untracked 
| 292|0x0000000512000000, 0x0000000512000000, 0x0000000512800000|  0%| F|  |TAMS 0x0000000512000000, 0x0000000512000000| Untracked 
| 293|0x0000000512800000, 0x0000000512800000, 0x0000000513000000|  0%| F|  |TAMS 0x0000000512800000, 0x0000000512800000| Untracked 
| 294|0x0000000513000000, 0x0000000513000000, 0x0000000513800000|  0%| F|  |TAMS 0x0000000513000000, 0x0000000513000000| Untracked 
| 295|0x0000000513800000, 0x0000000513800000, 0x0000000514000000|  0%| F|  |TAMS 0x0000000513800000, 0x0000000513800000| Untracked 
| 296|0x0000000514000000, 0x0000000514000000, 0x0000000514800000|  0%| F|  |TAMS 0x0000000514000000, 0x0000000514000000| Untracked 
| 297|0x0000000514800000, 0x0000000514800000, 0x0000000515000000|  0%| F|  |TAMS 0x0000000514800000, 0x0000000514800000| Untracked 
| 298|0x0000000515000000, 0x0000000515000000, 0x0000000515800000|  0%| F|  |TAMS 0x0000000515000000, 0x0000000515000000| Untracked 
| 299|0x0000000515800000, 0x0000000515800000, 0x0000000516000000|  0%| F|  |TAMS 0x0000000515800000, 0x0000000515800000| Untracked 
| 300|0x0000000516000000, 0x0000000516000000, 0x0000000516800000|  0%| F|  |TAMS 0x0000000516000000, 0x0000000516000000| Untracked 
| 301|0x0000000516800000, 0x0000000516800000, 0x0000000517000000|  0%| F|  |TAMS 0x0000000516800000, 0x0000000516800000| Untracked 
| 302|0x0000000517000000, 0x0000000517000000, 0x0000000517800000|  0%| F|  |TAMS 0x0000000517000000, 0x0000000517000000| Untracked 
| 303|0x0000000517800000, 0x0000000517800000, 0x0000000518000000|  0%| F|  |TAMS 0x0000000517800000, 0x0000000517800000| Untracked 
| 304|0x0000000518000000, 0x0000000518000000, 0x0000000518800000|  0%| F|  |TAMS 0x0000000518000000, 0x0000000518000000| Untracked 
| 305|0x0000000518800000, 0x0000000518800000, 0x0000000519000000|  0%| F|  |TAMS 0x0000000518800000, 0x0000000518800000| Untracked 
| 306|0x0000000519000000, 0x0000000519000000, 0x0000000519800000|  0%| F|  |TAMS 0x0000000519000000, 0x0000000519000000| Untracked 
| 307|0x0000000519800000, 0x0000000519800000, 0x000000051a000000|  0%| F|  |TAMS 0x0000000519800000, 0x0000000519800000| Untracked 
| 308|0x000000051a000000, 0x000000051a000000, 0x000000051a800000|  0%| F|  |TAMS 0x000000051a000000, 0x000000051a000000| Untracked 
| 309|0x000000051a800000, 0x000000051a800000, 0x000000051b000000|  0%| F|  |TAMS 0x000000051a800000, 0x000000051a800000| Untracked 
| 310|0x000000051b000000, 0x000000051b000000, 0x000000051b800000|  0%| F|  |TAMS 0x000000051b000000, 0x000000051b000000| Untracked 
| 311|0x000000051b800000, 0x000000051b800000, 0x000000051c000000|  0%| F|  |TAMS 0x000000051b800000, 0x000000051b800000| Untracked 
| 312|0x000000051c000000, 0x000000051c000000, 0x000000051c800000|  0%| F|  |TAMS 0x000000051c000000, 0x000000051c000000| Untracked 
| 313|0x000000051c800000, 0x000000051c800000, 0x000000051d000000|  0%| F|  |TAMS 0x000000051c800000, 0x000000051c800000| Untracked 
| 314|0x000000051d000000, 0x000000051d000000, 0x000000051d800000|  0%| F|  |TAMS 0x000000051d000000, 0x000000051d000000| Untracked 
| 315|0x000000051d800000, 0x000000051d800000, 0x000000051e000000|  0%| F|  |TAMS 0x000000051d800000, 0x000000051d800000| Untracked 
| 316|0x000000051e000000, 0x000000051e000000, 0x000000051e800000|  0%| F|  |TAMS 0x000000051e000000, 0x000000051e000000| Untracked 
| 317|0x000000051e800000, 0x000000051e800000, 0x000000051f000000|  0%| F|  |TAMS 0x000000051e800000, 0x000000051e800000| Untracked 
| 318|0x000000051f000000, 0x000000051f000000, 0x000000051f800000|  0%| F|  |TAMS 0x000000051f000000, 0x000000051f000000| Untracked 
| 319|0x000000051f800000, 0x000000051f800000, 0x0000000520000000|  0%| F|  |TAMS 0x000000051f800000, 0x000000051f800000| Untracked 
| 320|0x0000000520000000, 0x0000000520000000, 0x0000000520800000|  0%| F|  |TAMS 0x0000000520000000, 0x0000000520000000| Untracked 
| 321|0x0000000520800000, 0x0000000520800000, 0x0000000521000000|  0%| F|  |TAMS 0x0000000520800000, 0x0000000520800000| Untracked 
| 322|0x0000000521000000, 0x0000000521000000, 0x0000000521800000|  0%| F|  |TAMS 0x0000000521000000, 0x0000000521000000| Untracked 
| 323|0x0000000521800000, 0x0000000521800000, 0x0000000522000000|  0%| F|  |TAMS 0x0000000521800000, 0x0000000521800000| Untracked 
| 324|0x0000000522000000, 0x0000000522000000, 0x0000000522800000|  0%| F|  |TAMS 0x0000000522000000, 0x0000000522000000| Untracked 
| 325|0x0000000522800000, 0x0000000522800000, 0x0000000523000000|  0%| F|  |TAMS 0x0000000522800000, 0x0000000522800000| Untracked 
| 326|0x0000000523000000, 0x0000000523000000, 0x0000000523800000|  0%| F|  |TAMS 0x0000000523000000, 0x0000000523000000| Untracked 
| 327|0x0000000523800000, 0x0000000523800000, 0x0000000524000000|  0%| F|  |TAMS 0x0000000523800000, 0x0000000523800000| Untracked 
| 328|0x0000000524000000, 0x0000000524000000, 0x0000000524800000|  0%| F|  |TAMS 0x0000000524000000, 0x0000000524000000| Untracked 
| 329|0x0000000524800000, 0x0000000524800000, 0x0000000525000000|  0%| F|  |TAMS 0x0000000524800000, 0x0000000524800000| Untracked 
| 330|0x0000000525000000, 0x0000000525000000, 0x0000000525800000|  0%| F|  |TAMS 0x0000000525000000, 0x0000000525000000| Untracked 
| 331|0x0000000525800000, 0x0000000525800000, 0x0000000526000000|  0%| F|  |TAMS 0x0000000525800000, 0x0000000525800000| Untracked 
| 332|0x0000000526000000, 0x0000000526000000, 0x0000000526800000|  0%| F|  |TAMS 0x0000000526000000, 0x0000000526000000| Untracked 
| 333|0x0000000526800000, 0x0000000526800000, 0x0000000527000000|  0%| F|  |TAMS 0x0000000526800000, 0x0000000526800000| Untracked 
| 334|0x0000000527000000, 0x0000000527000000, 0x0000000527800000|  0%| F|  |TAMS 0x0000000527000000, 0x0000000527000000| Untracked 
| 335|0x0000000527800000, 0x0000000527800000, 0x0000000528000000|  0%| F|  |TAMS 0x0000000527800000, 0x0000000527800000| Untracked 
| 336|0x0000000528000000, 0x0000000528000000, 0x0000000528800000|  0%| F|  |TAMS 0x0000000528000000, 0x0000000528000000| Untracked 
| 337|0x0000000528800000, 0x0000000528800000, 0x0000000529000000|  0%| F|  |TAMS 0x0000000528800000, 0x0000000528800000| Untracked 
| 338|0x0000000529000000, 0x0000000529000000, 0x0000000529800000|  0%| F|  |TAMS 0x0000000529000000, 0x0000000529000000| Untracked 
| 339|0x0000000529800000, 0x0000000529800000, 0x000000052a000000|  0%| F|  |TAMS 0x0000000529800000, 0x0000000529800000| Untracked 
| 340|0x000000052a000000, 0x000000052a000000, 0x000000052a800000|  0%| F|  |TAMS 0x000000052a000000, 0x000000052a000000| Untracked 
| 341|0x000000052a800000, 0x000000052a800000, 0x000000052b000000|  0%| F|  |TAMS 0x000000052a800000, 0x000000052a800000| Untracked 
| 342|0x000000052b000000, 0x000000052b000000, 0x000000052b800000|  0%| F|  |TAMS 0x000000052b000000, 0x000000052b000000| Untracked 
| 343|0x000000052b800000, 0x000000052b800000, 0x000000052c000000|  0%| F|  |TAMS 0x000000052b800000, 0x000000052b800000| Untracked 
| 344|0x000000052c000000, 0x000000052c000000, 0x000000052c800000|  0%| F|  |TAMS 0x000000052c000000, 0x000000052c000000| Untracked 
| 345|0x000000052c800000, 0x000000052c800000, 0x000000052d000000|  0%| F|  |TAMS 0x000000052c800000, 0x000000052c800000| Untracked 
| 346|0x000000052d000000, 0x000000052d000000, 0x000000052d800000|  0%| F|  |TAMS 0x000000052d000000, 0x000000052d000000| Untracked 
| 347|0x000000052d800000, 0x000000052d800000, 0x000000052e000000|  0%| F|  |TAMS 0x000000052d800000, 0x000000052d800000| Untracked 
| 348|0x000000052e000000, 0x000000052e000000, 0x000000052e800000|  0%| F|  |TAMS 0x000000052e000000, 0x000000052e000000| Untracked 
| 349|0x000000052e800000, 0x000000052e800000, 0x000000052f000000|  0%| F|  |TAMS 0x000000052e800000, 0x000000052e800000| Untracked 
| 350|0x000000052f000000, 0x000000052f000000, 0x000000052f800000|  0%| F|  |TAMS 0x000000052f000000, 0x000000052f000000| Untracked 
| 351|0x000000052f800000, 0x000000052f800000, 0x0000000530000000|  0%| F|  |TAMS 0x000000052f800000, 0x000000052f800000| Untracked 
| 352|0x0000000530000000, 0x0000000530000000, 0x0000000530800000|  0%| F|  |TAMS 0x0000000530000000, 0x0000000530000000| Untracked 
| 353|0x0000000530800000, 0x0000000530800000, 0x0000000531000000|  0%| F|  |TAMS 0x0000000530800000, 0x0000000530800000| Untracked 
| 354|0x0000000531000000, 0x0000000531000000, 0x0000000531800000|  0%| F|  |TAMS 0x0000000531000000, 0x0000000531000000| Untracked 
| 355|0x0000000531800000, 0x0000000531800000, 0x0000000532000000|  0%| F|  |TAMS 0x0000000531800000, 0x0000000531800000| Untracked 
| 356|0x0000000532000000, 0x0000000532000000, 0x0000000532800000|  0%| F|  |TAMS 0x0000000532000000, 0x0000000532000000| Untracked 
| 357|0x0000000532800000, 0x0000000532800000, 0x0000000533000000|  0%| F|  |TAMS 0x0000000532800000, 0x0000000532800000| Untracked 
| 358|0x0000000533000000, 0x0000000533000000, 0x0000000533800000|  0%| F|  |TAMS 0x0000000533000000, 0x0000000533000000| Untracked 
| 359|0x0000000533800000, 0x0000000533800000, 0x0000000534000000|  0%| F|  |TAMS 0x0000000533800000, 0x0000000533800000| Untracked 
| 360|0x0000000534000000, 0x0000000534000000, 0x0000000534800000|  0%| F|  |TAMS 0x0000000534000000, 0x0000000534000000| Untracked 
| 361|0x0000000534800000, 0x0000000534800000, 0x0000000535000000|  0%| F|  |TAMS 0x0000000534800000, 0x0000000534800000| Untracked 
| 362|0x0000000535000000, 0x0000000535000000, 0x0000000535800000|  0%| F|  |TAMS 0x0000000535000000, 0x0000000535000000| Untracked 
| 363|0x0000000535800000, 0x0000000535800000, 0x0000000536000000|  0%| F|  |TAMS 0x0000000535800000, 0x0000000535800000| Untracked 
| 364|0x0000000536000000, 0x0000000536000000, 0x0000000536800000|  0%| F|  |TAMS 0x0000000536000000, 0x0000000536000000| Untracked 
| 365|0x0000000536800000, 0x0000000536800000, 0x0000000537000000|  0%| F|  |TAMS 0x0000000536800000, 0x0000000536800000| Untracked 
| 366|0x0000000537000000, 0x0000000537000000, 0x0000000537800000|  0%| F|  |TAMS 0x0000000537000000, 0x0000000537000000| Untracked 
| 367|0x0000000537800000, 0x0000000537800000, 0x0000000538000000|  0%| F|  |TAMS 0x0000000537800000, 0x0000000537800000| Untracked 
| 368|0x0000000538000000, 0x0000000538000000, 0x0000000538800000|  0%| F|  |TAMS 0x0000000538000000, 0x0000000538000000| Untracked 
| 369|0x0000000538800000, 0x0000000538800000, 0x0000000539000000|  0%| F|  |TAMS 0x0000000538800000, 0x0000000538800000| Untracked 
| 370|0x0000000539000000, 0x0000000539000000, 0x0000000539800000|  0%| F|  |TAMS 0x0000000539000000, 0x0000000539000000| Untracked 
| 371|0x0000000539800000, 0x0000000539800000, 0x000000053a000000|  0%| F|  |TAMS 0x0000000539800000, 0x0000000539800000| Untracked 
| 372|0x000000053a000000, 0x000000053a000000, 0x000000053a800000|  0%| F|  |TAMS 0x000000053a000000, 0x000000053a000000| Untracked 
| 373|0x000000053a800000, 0x000000053a800000, 0x000000053b000000|  0%| F|  |TAMS 0x000000053a800000, 0x000000053a800000| Untracked 
| 374|0x000000053b000000, 0x000000053b000000, 0x000000053b800000|  0%| F|  |TAMS 0x000000053b000000, 0x000000053b000000| Untracked 
| 375|0x000000053b800000, 0x000000053b800000, 0x000000053c000000|  0%| F|  |TAMS 0x000000053b800000, 0x000000053b800000| Untracked 
| 376|0x000000053c000000, 0x000000053c000000, 0x000000053c800000|  0%| F|  |TAMS 0x000000053c000000, 0x000000053c000000| Untracked 
| 377|0x000000053c800000, 0x000000053c800000, 0x000000053d000000|  0%| F|  |TAMS 0x000000053c800000, 0x000000053c800000| Untracked 
| 378|0x000000053d000000, 0x000000053d000000, 0x000000053d800000|  0%| F|  |TAMS 0x000000053d000000, 0x000000053d000000| Untracked 
| 379|0x000000053d800000, 0x000000053d800000, 0x000000053e000000|  0%| F|  |TAMS 0x000000053d800000, 0x000000053d800000| Untracked 
| 380|0x000000053e000000, 0x000000053e000000, 0x000000053e800000|  0%| F|  |TAMS 0x000000053e000000, 0x000000053e000000| Untracked 
| 381|0x000000053e800000, 0x000000053e800000, 0x000000053f000000|  0%| F|  |TAMS 0x000000053e800000, 0x000000053e800000| Untracked 
| 382|0x000000053f000000, 0x000000053f000000, 0x000000053f800000|  0%| F|  |TAMS 0x000000053f000000, 0x000000053f000000| Untracked 
| 383|0x000000053f800000, 0x000000053f800000, 0x0000000540000000|  0%| F|  |TAMS 0x000000053f800000, 0x000000053f800000| Untracked 
| 384|0x0000000540000000, 0x0000000540000000, 0x0000000540800000|  0%| F|  |TAMS 0x0000000540000000, 0x0000000540000000| Untracked 
| 385|0x0000000540800000, 0x0000000540800000, 0x0000000541000000|  0%| F|  |TAMS 0x0000000540800000, 0x0000000540800000| Untracked 
| 386|0x0000000541000000, 0x0000000541000000, 0x0000000541800000|  0%| F|  |TAMS 0x0000000541000000, 0x0000000541000000| Untracked 
| 387|0x0000000541800000, 0x0000000541800000, 0x0000000542000000|  0%| F|  |TAMS 0x0000000541800000, 0x0000000541800000| Untracked 
| 388|0x0000000542000000, 0x0000000542000000, 0x0000000542800000|  0%| F|  |TAMS 0x0000000542000000, 0x0000000542000000| Untracked 
| 389|0x0000000542800000, 0x0000000542800000, 0x0000000543000000|  0%| F|  |TAMS 0x0000000542800000, 0x0000000542800000| Untracked 
| 390|0x0000000543000000, 0x0000000543000000, 0x0000000543800000|  0%| F|  |TAMS 0x0000000543000000, 0x0000000543000000| Untracked 
| 391|0x0000000543800000, 0x0000000543800000, 0x0000000544000000|  0%| F|  |TAMS 0x0000000543800000, 0x0000000543800000| Untracked 
| 392|0x0000000544000000, 0x0000000544000000, 0x0000000544800000|  0%| F|  |TAMS 0x0000000544000000, 0x0000000544000000| Untracked 
| 393|0x0000000544800000, 0x0000000544800000, 0x0000000545000000|  0%| F|  |TAMS 0x0000000544800000, 0x0000000544800000| Untracked 
| 394|0x0000000545000000, 0x0000000545000000, 0x0000000545800000|  0%| F|  |TAMS 0x0000000545000000, 0x0000000545000000| Untracked 
| 395|0x0000000545800000, 0x0000000545800000, 0x0000000546000000|  0%| F|  |TAMS 0x0000000545800000, 0x0000000545800000| Untracked 
| 396|0x0000000546000000, 0x0000000546000000, 0x0000000546800000|  0%| F|  |TAMS 0x0000000546000000, 0x0000000546000000| Untracked 
| 397|0x0000000546800000, 0x0000000546800000, 0x0000000547000000|  0%| F|  |TAMS 0x0000000546800000, 0x0000000546800000| Untracked 
| 398|0x0000000547000000, 0x0000000547000000, 0x0000000547800000|  0%| F|  |TAMS 0x0000000547000000, 0x0000000547000000| Untracked 
| 399|0x0000000547800000, 0x0000000547800000, 0x0000000548000000|  0%| F|  |TAMS 0x0000000547800000, 0x0000000547800000| Untracked 
| 400|0x0000000548000000, 0x0000000548000000, 0x0000000548800000|  0%| F|  |TAMS 0x0000000548000000, 0x0000000548000000| Untracked 
| 401|0x0000000548800000, 0x0000000548800000, 0x0000000549000000|  0%| F|  |TAMS 0x0000000548800000, 0x0000000548800000| Untracked 
| 402|0x0000000549000000, 0x0000000549000000, 0x0000000549800000|  0%| F|  |TAMS 0x0000000549000000, 0x0000000549000000| Untracked 
| 403|0x0000000549800000, 0x0000000549800000, 0x000000054a000000|  0%| F|  |TAMS 0x0000000549800000, 0x0000000549800000| Untracked 
| 404|0x000000054a000000, 0x000000054a000000, 0x000000054a800000|  0%| F|  |TAMS 0x000000054a000000, 0x000000054a000000| Untracked 
| 405|0x000000054a800000, 0x000000054a800000, 0x000000054b000000|  0%| F|  |TAMS 0x000000054a800000, 0x000000054a800000| Untracked 
| 406|0x000000054b000000, 0x000000054b000000, 0x000000054b800000|  0%| F|  |TAMS 0x000000054b000000, 0x000000054b000000| Untracked 
| 407|0x000000054b800000, 0x000000054b800000, 0x000000054c000000|  0%| F|  |TAMS 0x000000054b800000, 0x000000054b800000| Untracked 
| 408|0x000000054c000000, 0x000000054c000000, 0x000000054c800000|  0%| F|  |TAMS 0x000000054c000000, 0x000000054c000000| Untracked 
| 409|0x000000054c800000, 0x000000054c800000, 0x000000054d000000|  0%| F|  |TAMS 0x000000054c800000, 0x000000054c800000| Untracked 
| 410|0x000000054d000000, 0x000000054d000000, 0x000000054d800000|  0%| F|  |TAMS 0x000000054d000000, 0x000000054d000000| Untracked 
| 411|0x000000054d800000, 0x000000054d800000, 0x000000054e000000|  0%| F|  |TAMS 0x000000054d800000, 0x000000054d800000| Untracked 
| 412|0x000000054e000000, 0x000000054e000000, 0x000000054e800000|  0%| F|  |TAMS 0x000000054e000000, 0x000000054e000000| Untracked 
| 413|0x000000054e800000, 0x000000054e800000, 0x000000054f000000|  0%| F|  |TAMS 0x000000054e800000, 0x000000054e800000| Untracked 
| 414|0x000000054f000000, 0x000000054f000000, 0x000000054f800000|  0%| F|  |TAMS 0x000000054f000000, 0x000000054f000000| Untracked 
| 415|0x000000054f800000, 0x000000054f800000, 0x0000000550000000|  0%| F|  |TAMS 0x000000054f800000, 0x000000054f800000| Untracked 
| 416|0x0000000550000000, 0x0000000550000000, 0x0000000550800000|  0%| F|  |TAMS 0x0000000550000000, 0x0000000550000000| Untracked 
| 417|0x0000000550800000, 0x0000000550800000, 0x0000000551000000|  0%| F|  |TAMS 0x0000000550800000, 0x0000000550800000| Untracked 
| 418|0x0000000551000000, 0x0000000551000000, 0x0000000551800000|  0%| F|  |TAMS 0x0000000551000000, 0x0000000551000000| Untracked 
| 419|0x0000000551800000, 0x0000000551800000, 0x0000000552000000|  0%| F|  |TAMS 0x0000000551800000, 0x0000000551800000| Untracked 
| 420|0x0000000552000000, 0x0000000552000000, 0x0000000552800000|  0%| F|  |TAMS 0x0000000552000000, 0x0000000552000000| Untracked 
| 421|0x0000000552800000, 0x0000000552800000, 0x0000000553000000|  0%| F|  |TAMS 0x0000000552800000, 0x0000000552800000| Untracked 
| 422|0x0000000553000000, 0x0000000553000000, 0x0000000553800000|  0%| F|  |TAMS 0x0000000553000000, 0x0000000553000000| Untracked 
| 423|0x0000000553800000, 0x0000000553800000, 0x0000000554000000|  0%| F|  |TAMS 0x0000000553800000, 0x0000000553800000| Untracked 
| 424|0x0000000554000000, 0x0000000554000000, 0x0000000554800000|  0%| F|  |TAMS 0x0000000554000000, 0x0000000554000000| Untracked 
| 425|0x0000000554800000, 0x0000000554800000, 0x0000000555000000|  0%| F|  |TAMS 0x0000000554800000, 0x0000000554800000| Untracked 
| 426|0x0000000555000000, 0x0000000555000000, 0x0000000555800000|  0%| F|  |TAMS 0x0000000555000000, 0x0000000555000000| Untracked 
| 427|0x0000000555800000, 0x0000000555800000, 0x0000000556000000|  0%| F|  |TAMS 0x0000000555800000, 0x0000000555800000| Untracked 
| 428|0x0000000556000000, 0x0000000556000000, 0x0000000556800000|  0%| F|  |TAMS 0x0000000556000000, 0x0000000556000000| Untracked 
| 429|0x0000000556800000, 0x0000000556800000, 0x0000000557000000|  0%| F|  |TAMS 0x0000000556800000, 0x0000000556800000| Untracked 
| 430|0x0000000557000000, 0x0000000557000000, 0x0000000557800000|  0%| F|  |TAMS 0x0000000557000000, 0x0000000557000000| Untracked 
| 431|0x0000000557800000, 0x0000000557800000, 0x0000000558000000|  0%| F|  |TAMS 0x0000000557800000, 0x0000000557800000| Untracked 
| 432|0x0000000558000000, 0x0000000558000000, 0x0000000558800000|  0%| F|  |TAMS 0x0000000558000000, 0x0000000558000000| Untracked 
| 433|0x0000000558800000, 0x0000000558800000, 0x0000000559000000|  0%| F|  |TAMS 0x0000000558800000, 0x0000000558800000| Untracked 
| 434|0x0000000559000000, 0x0000000559000000, 0x0000000559800000|  0%| F|  |TAMS 0x0000000559000000, 0x0000000559000000| Untracked 
| 435|0x0000000559800000, 0x0000000559800000, 0x000000055a000000|  0%| F|  |TAMS 0x0000000559800000, 0x0000000559800000| Untracked 
| 436|0x000000055a000000, 0x000000055a000000, 0x000000055a800000|  0%| F|  |TAMS 0x000000055a000000, 0x000000055a000000| Untracked 
| 437|0x000000055a800000, 0x000000055a800000, 0x000000055b000000|  0%| F|  |TAMS 0x000000055a800000, 0x000000055a800000| Untracked 
| 438|0x000000055b000000, 0x000000055b000000, 0x000000055b800000|  0%| F|  |TAMS 0x000000055b000000, 0x000000055b000000| Untracked 
| 439|0x000000055b800000, 0x000000055b800000, 0x000000055c000000|  0%| F|  |TAMS 0x000000055b800000, 0x000000055b800000| Untracked 
| 440|0x000000055c000000, 0x000000055c000000, 0x000000055c800000|  0%| F|  |TAMS 0x000000055c000000, 0x000000055c000000| Untracked 
| 441|0x000000055c800000, 0x000000055c800000, 0x000000055d000000|  0%| F|  |TAMS 0x000000055c800000, 0x000000055c800000| Untracked 
| 442|0x000000055d000000, 0x000000055d000000, 0x000000055d800000|  0%| F|  |TAMS 0x000000055d000000, 0x000000055d000000| Untracked 
| 443|0x000000055d800000, 0x000000055d800000, 0x000000055e000000|  0%| F|  |TAMS 0x000000055d800000, 0x000000055d800000| Untracked 
| 444|0x000000055e000000, 0x000000055e000000, 0x000000055e800000|  0%| F|  |TAMS 0x000000055e000000, 0x000000055e000000| Untracked 
| 445|0x000000055e800000, 0x000000055e800000, 0x000000055f000000|  0%| F|  |TAMS 0x000000055e800000, 0x000000055e800000| Untracked 
| 446|0x000000055f000000, 0x000000055f000000, 0x000000055f800000|  0%| F|  |TAMS 0x000000055f000000, 0x000000055f000000| Untracked 
| 447|0x000000055f800000, 0x000000055f800000, 0x0000000560000000|  0%| F|  |TAMS 0x000000055f800000, 0x000000055f800000| Untracked 
| 448|0x0000000560000000, 0x0000000560000000, 0x0000000560800000|  0%| F|  |TAMS 0x0000000560000000, 0x0000000560000000| Untracked 
| 449|0x0000000560800000, 0x0000000560800000, 0x0000000561000000|  0%| F|  |TAMS 0x0000000560800000, 0x0000000560800000| Untracked 
| 450|0x0000000561000000, 0x0000000561000000, 0x0000000561800000|  0%| F|  |TAMS 0x0000000561000000, 0x0000000561000000| Untracked 
| 451|0x0000000561800000, 0x0000000561800000, 0x0000000562000000|  0%| F|  |TAMS 0x0000000561800000, 0x0000000561800000| Untracked 
| 452|0x0000000562000000, 0x0000000562000000, 0x0000000562800000|  0%| F|  |TAMS 0x0000000562000000, 0x0000000562000000| Untracked 
| 453|0x0000000562800000, 0x0000000562800000, 0x0000000563000000|  0%| F|  |TAMS 0x0000000562800000, 0x0000000562800000| Untracked 
| 454|0x0000000563000000, 0x0000000563000000, 0x0000000563800000|  0%| F|  |TAMS 0x0000000563000000, 0x0000000563000000| Untracked 
| 455|0x0000000563800000, 0x0000000563800000, 0x0000000564000000|  0%| F|  |TAMS 0x0000000563800000, 0x0000000563800000| Untracked 
| 456|0x0000000564000000, 0x0000000564000000, 0x0000000564800000|  0%| F|  |TAMS 0x0000000564000000, 0x0000000564000000| Untracked 
| 457|0x0000000564800000, 0x0000000564800000, 0x0000000565000000|  0%| F|  |TAMS 0x0000000564800000, 0x0000000564800000| Untracked 
| 458|0x0000000565000000, 0x0000000565000000, 0x0000000565800000|  0%| F|  |TAMS 0x0000000565000000, 0x0000000565000000| Untracked 
| 459|0x0000000565800000, 0x0000000565800000, 0x0000000566000000|  0%| F|  |TAMS 0x0000000565800000, 0x0000000565800000| Untracked 
| 460|0x0000000566000000, 0x0000000566000000, 0x0000000566800000|  0%| F|  |TAMS 0x0000000566000000, 0x0000000566000000| Untracked 
| 461|0x0000000566800000, 0x0000000566800000, 0x0000000567000000|  0%| F|  |TAMS 0x0000000566800000, 0x0000000566800000| Untracked 
| 462|0x0000000567000000, 0x0000000567000000, 0x0000000567800000|  0%| F|  |TAMS 0x0000000567000000, 0x0000000567000000| Untracked 
| 463|0x0000000567800000, 0x0000000567800000, 0x0000000568000000|  0%| F|  |TAMS 0x0000000567800000, 0x0000000567800000| Untracked 
| 464|0x0000000568000000, 0x0000000568000000, 0x0000000568800000|  0%| F|  |TAMS 0x0000000568000000, 0x0000000568000000| Untracked 
| 465|0x0000000568800000, 0x0000000568800000, 0x0000000569000000|  0%| F|  |TAMS 0x0000000568800000, 0x0000000568800000| Untracked 
| 466|0x0000000569000000, 0x0000000569000000, 0x0000000569800000|  0%| F|  |TAMS 0x0000000569000000, 0x0000000569000000| Untracked 
| 467|0x0000000569800000, 0x0000000569800000, 0x000000056a000000|  0%| F|  |TAMS 0x0000000569800000, 0x0000000569800000| Untracked 
| 468|0x000000056a000000, 0x000000056a000000, 0x000000056a800000|  0%| F|  |TAMS 0x000000056a000000, 0x000000056a000000| Untracked 
| 469|0x000000056a800000, 0x000000056a800000, 0x000000056b000000|  0%| F|  |TAMS 0x000000056a800000, 0x000000056a800000| Untracked 
| 470|0x000000056b000000, 0x000000056b000000, 0x000000056b800000|  0%| F|  |TAMS 0x000000056b000000, 0x000000056b000000| Untracked 
| 471|0x000000056b800000, 0x000000056b800000, 0x000000056c000000|  0%| F|  |TAMS 0x000000056b800000, 0x000000056b800000| Untracked 
| 472|0x000000056c000000, 0x000000056c000000, 0x000000056c800000|  0%| F|  |TAMS 0x000000056c000000, 0x000000056c000000| Untracked 
| 473|0x000000056c800000, 0x000000056c800000, 0x000000056d000000|  0%| F|  |TAMS 0x000000056c800000, 0x000000056c800000| Untracked 
| 474|0x000000056d000000, 0x000000056d000000, 0x000000056d800000|  0%| F|  |TAMS 0x000000056d000000, 0x000000056d000000| Untracked 
| 475|0x000000056d800000, 0x000000056d800000, 0x000000056e000000|  0%| F|  |TAMS 0x000000056d800000, 0x000000056d800000| Untracked 
| 476|0x000000056e000000, 0x000000056e000000, 0x000000056e800000|  0%| F|  |TAMS 0x000000056e000000, 0x000000056e000000| Untracked 
| 477|0x000000056e800000, 0x000000056e800000, 0x000000056f000000|  0%| F|  |TAMS 0x000000056e800000, 0x000000056e800000| Untracked 
| 478|0x000000056f000000, 0x000000056f000000, 0x000000056f800000|  0%| F|  |TAMS 0x000000056f000000, 0x000000056f000000| Untracked 
| 479|0x000000056f800000, 0x000000056f800000, 0x0000000570000000|  0%| F|  |TAMS 0x000000056f800000, 0x000000056f800000| Untracked 
| 480|0x0000000570000000, 0x0000000570000000, 0x0000000570800000|  0%| F|  |TAMS 0x0000000570000000, 0x0000000570000000| Untracked 
| 481|0x0000000570800000, 0x0000000570800000, 0x0000000571000000|  0%| F|  |TAMS 0x0000000570800000, 0x0000000570800000| Untracked 
| 482|0x0000000571000000, 0x0000000571000000, 0x0000000571800000|  0%| F|  |TAMS 0x0000000571000000, 0x0000000571000000| Untracked 
| 483|0x0000000571800000, 0x0000000571800000, 0x0000000572000000|  0%| F|  |TAMS 0x0000000571800000, 0x0000000571800000| Untracked 
| 484|0x0000000572000000, 0x0000000572000000, 0x0000000572800000|  0%| F|  |TAMS 0x0000000572000000, 0x0000000572000000| Untracked 
| 485|0x0000000572800000, 0x0000000572800000, 0x0000000573000000|  0%| F|  |TAMS 0x0000000572800000, 0x0000000572800000| Untracked 
| 486|0x0000000573000000, 0x0000000573000000, 0x0000000573800000|  0%| F|  |TAMS 0x0000000573000000, 0x0000000573000000| Untracked 
| 487|0x0000000573800000, 0x0000000573800000, 0x0000000574000000|  0%| F|  |TAMS 0x0000000573800000, 0x0000000573800000| Untracked 
| 488|0x0000000574000000, 0x0000000574000000, 0x0000000574800000|  0%| F|  |TAMS 0x0000000574000000, 0x0000000574000000| Untracked 
| 489|0x0000000574800000, 0x0000000574800000, 0x0000000575000000|  0%| F|  |TAMS 0x0000000574800000, 0x0000000574800000| Untracked 
| 490|0x0000000575000000, 0x0000000575000000, 0x0000000575800000|  0%| F|  |TAMS 0x0000000575000000, 0x0000000575000000| Untracked 
| 491|0x0000000575800000, 0x0000000575800000, 0x0000000576000000|  0%| F|  |TAMS 0x0000000575800000, 0x0000000575800000| Untracked 
| 492|0x0000000576000000, 0x0000000576000000, 0x0000000576800000|  0%| F|  |TAMS 0x0000000576000000, 0x0000000576000000| Untracked 
| 493|0x0000000576800000, 0x0000000576800000, 0x0000000577000000|  0%| F|  |TAMS 0x0000000576800000, 0x0000000576800000| Untracked 
| 494|0x0000000577000000, 0x0000000577000000, 0x0000000577800000|  0%| F|  |TAMS 0x0000000577000000, 0x0000000577000000| Untracked 
| 495|0x0000000577800000, 0x0000000577800000, 0x0000000578000000|  0%| F|  |TAMS 0x0000000577800000, 0x0000000577800000| Untracked 
| 496|0x0000000578000000, 0x0000000578000000, 0x0000000578800000|  0%| F|  |TAMS 0x0000000578000000, 0x0000000578000000| Untracked 
| 497|0x0000000578800000, 0x0000000578800000, 0x0000000579000000|  0%| F|  |TAMS 0x0000000578800000, 0x0000000578800000| Untracked 
| 498|0x0000000579000000, 0x0000000579000000, 0x0000000579800000|  0%| F|  |TAMS 0x0000000579000000, 0x0000000579000000| Untracked 
| 499|0x0000000579800000, 0x0000000579800000, 0x000000057a000000|  0%| F|  |TAMS 0x0000000579800000, 0x0000000579800000| Untracked 
| 500|0x000000057a000000, 0x000000057a000000, 0x000000057a800000|  0%| F|  |TAMS 0x000000057a000000, 0x000000057a000000| Untracked 
| 501|0x000000057a800000, 0x000000057a800000, 0x000000057b000000|  0%| F|  |TAMS 0x000000057a800000, 0x000000057a800000| Untracked 
| 502|0x000000057b000000, 0x000000057b000000, 0x000000057b800000|  0%| F|  |TAMS 0x000000057b000000, 0x000000057b000000| Untracked 
| 503|0x000000057b800000, 0x000000057b800000, 0x000000057c000000|  0%| F|  |TAMS 0x000000057b800000, 0x000000057b800000| Untracked 
| 504|0x000000057c000000, 0x000000057c000000, 0x000000057c800000|  0%| F|  |TAMS 0x000000057c000000, 0x000000057c000000| Untracked 
| 505|0x000000057c800000, 0x000000057c800000, 0x000000057d000000|  0%| F|  |TAMS 0x000000057c800000, 0x000000057c800000| Untracked 
| 506|0x000000057d000000, 0x000000057d000000, 0x000000057d800000|  0%| F|  |TAMS 0x000000057d000000, 0x000000057d000000| Untracked 
| 507|0x000000057d800000, 0x000000057d800000, 0x000000057e000000|  0%| F|  |TAMS 0x000000057d800000, 0x000000057d800000| Untracked 
| 508|0x000000057e000000, 0x000000057e000000, 0x000000057e800000|  0%| F|  |TAMS 0x000000057e000000, 0x000000057e000000| Untracked 
| 509|0x000000057e800000, 0x000000057e800000, 0x000000057f000000|  0%| F|  |TAMS 0x000000057e800000, 0x000000057e800000| Untracked 
| 510|0x000000057f000000, 0x000000057f000000, 0x000000057f800000|  0%| F|  |TAMS 0x000000057f000000, 0x000000057f000000| Untracked 
| 511|0x000000057f800000, 0x000000057f800000, 0x0000000580000000|  0%| F|  |TAMS 0x000000057f800000, 0x000000057f800000| Untracked 
| 512|0x0000000580000000, 0x0000000580000000, 0x0000000580800000|  0%| F|  |TAMS 0x0000000580000000, 0x0000000580000000| Untracked 
| 513|0x0000000580800000, 0x0000000580800000, 0x0000000581000000|  0%| F|  |TAMS 0x0000000580800000, 0x0000000580800000| Untracked 
| 514|0x0000000581000000, 0x0000000581000000, 0x0000000581800000|  0%| F|  |TAMS 0x0000000581000000, 0x0000000581000000| Untracked 
| 515|0x0000000581800000, 0x0000000581800000, 0x0000000582000000|  0%| F|  |TAMS 0x0000000581800000, 0x0000000581800000| Untracked 
| 516|0x0000000582000000, 0x0000000582000000, 0x0000000582800000|  0%| F|  |TAMS 0x0000000582000000, 0x0000000582000000| Untracked 
| 517|0x0000000582800000, 0x0000000582800000, 0x0000000583000000|  0%| F|  |TAMS 0x0000000582800000, 0x0000000582800000| Untracked 
| 518|0x0000000583000000, 0x0000000583000000, 0x0000000583800000|  0%| F|  |TAMS 0x0000000583000000, 0x0000000583000000| Untracked 
| 519|0x0000000583800000, 0x0000000583800000, 0x0000000584000000|  0%| F|  |TAMS 0x0000000583800000, 0x0000000583800000| Untracked 
| 520|0x0000000584000000, 0x0000000584000000, 0x0000000584800000|  0%| F|  |TAMS 0x0000000584000000, 0x0000000584000000| Untracked 
| 521|0x0000000584800000, 0x0000000584800000, 0x0000000585000000|  0%| F|  |TAMS 0x0000000584800000, 0x0000000584800000| Untracked 
| 522|0x0000000585000000, 0x0000000585000000, 0x0000000585800000|  0%| F|  |TAMS 0x0000000585000000, 0x0000000585000000| Untracked 
| 523|0x0000000585800000, 0x0000000585800000, 0x0000000586000000|  0%| F|  |TAMS 0x0000000585800000, 0x0000000585800000| Untracked 
| 524|0x0000000586000000, 0x0000000586000000, 0x0000000586800000|  0%| F|  |TAMS 0x0000000586000000, 0x0000000586000000| Untracked 
| 525|0x0000000586800000, 0x0000000586800000, 0x0000000587000000|  0%| F|  |TAMS 0x0000000586800000, 0x0000000586800000| Untracked 
| 526|0x0000000587000000, 0x0000000587000000, 0x0000000587800000|  0%| F|  |TAMS 0x0000000587000000, 0x0000000587000000| Untracked 
| 527|0x0000000587800000, 0x0000000587800000, 0x0000000588000000|  0%| F|  |TAMS 0x0000000587800000, 0x0000000587800000| Untracked 
| 528|0x0000000588000000, 0x0000000588000000, 0x0000000588800000|  0%| F|  |TAMS 0x0000000588000000, 0x0000000588000000| Untracked 
| 529|0x0000000588800000, 0x0000000588800000, 0x0000000589000000|  0%| F|  |TAMS 0x0000000588800000, 0x0000000588800000| Untracked 
| 530|0x0000000589000000, 0x0000000589000000, 0x0000000589800000|  0%| F|  |TAMS 0x0000000589000000, 0x0000000589000000| Untracked 
| 531|0x0000000589800000, 0x0000000589800000, 0x000000058a000000|  0%| F|  |TAMS 0x0000000589800000, 0x0000000589800000| Untracked 
| 532|0x000000058a000000, 0x000000058a000000, 0x000000058a800000|  0%| F|  |TAMS 0x000000058a000000, 0x000000058a000000| Untracked 
| 533|0x000000058a800000, 0x000000058a800000, 0x000000058b000000|  0%| F|  |TAMS 0x000000058a800000, 0x000000058a800000| Untracked 
| 534|0x000000058b000000, 0x000000058b000000, 0x000000058b800000|  0%| F|  |TAMS 0x000000058b000000, 0x000000058b000000| Untracked 
| 535|0x000000058b800000, 0x000000058b800000, 0x000000058c000000|  0%| F|  |TAMS 0x000000058b800000, 0x000000058b800000| Untracked 
| 536|0x000000058c000000, 0x000000058c000000, 0x000000058c800000|  0%| F|  |TAMS 0x000000058c000000, 0x000000058c000000| Untracked 
| 537|0x000000058c800000, 0x000000058c800000, 0x000000058d000000|  0%| F|  |TAMS 0x000000058c800000, 0x000000058c800000| Untracked 
| 538|0x000000058d000000, 0x000000058d000000, 0x000000058d800000|  0%| F|  |TAMS 0x000000058d000000, 0x000000058d000000| Untracked 
| 539|0x000000058d800000, 0x000000058d800000, 0x000000058e000000|  0%| F|  |TAMS 0x000000058d800000, 0x000000058d800000| Untracked 
| 540|0x000000058e000000, 0x000000058e000000, 0x000000058e800000|  0%| F|  |TAMS 0x000000058e000000, 0x000000058e000000| Untracked 
| 541|0x000000058e800000, 0x000000058e800000, 0x000000058f000000|  0%| F|  |TAMS 0x000000058e800000, 0x000000058e800000| Untracked 
| 542|0x000000058f000000, 0x000000058f000000, 0x000000058f800000|  0%| F|  |TAMS 0x000000058f000000, 0x000000058f000000| Untracked 
| 543|0x000000058f800000, 0x000000058f800000, 0x0000000590000000|  0%| F|  |TAMS 0x000000058f800000, 0x000000058f800000| Untracked 
| 544|0x0000000590000000, 0x0000000590000000, 0x0000000590800000|  0%| F|  |TAMS 0x0000000590000000, 0x0000000590000000| Untracked 
| 545|0x0000000590800000, 0x0000000590800000, 0x0000000591000000|  0%| F|  |TAMS 0x0000000590800000, 0x0000000590800000| Untracked 
| 546|0x0000000591000000, 0x0000000591000000, 0x0000000591800000|  0%| F|  |TAMS 0x0000000591000000, 0x0000000591000000| Untracked 
| 547|0x0000000591800000, 0x0000000591800000, 0x0000000592000000|  0%| F|  |TAMS 0x0000000591800000, 0x0000000591800000| Untracked 
| 548|0x0000000592000000, 0x0000000592000000, 0x0000000592800000|  0%| F|  |TAMS 0x0000000592000000, 0x0000000592000000| Untracked 
| 549|0x0000000592800000, 0x0000000592800000, 0x0000000593000000|  0%| F|  |TAMS 0x0000000592800000, 0x0000000592800000| Untracked 
| 550|0x0000000593000000, 0x0000000593000000, 0x0000000593800000|  0%| F|  |TAMS 0x0000000593000000, 0x0000000593000000| Untracked 
| 551|0x0000000593800000, 0x0000000593800000, 0x0000000594000000|  0%| F|  |TAMS 0x0000000593800000, 0x0000000593800000| Untracked 
| 552|0x0000000594000000, 0x0000000594000000, 0x0000000594800000|  0%| F|  |TAMS 0x0000000594000000, 0x0000000594000000| Untracked 
| 553|0x0000000594800000, 0x0000000594800000, 0x0000000595000000|  0%| F|  |TAMS 0x0000000594800000, 0x0000000594800000| Untracked 
| 554|0x0000000595000000, 0x0000000595000000, 0x0000000595800000|  0%| F|  |TAMS 0x0000000595000000, 0x0000000595000000| Untracked 
| 555|0x0000000595800000, 0x0000000595800000, 0x0000000596000000|  0%| F|  |TAMS 0x0000000595800000, 0x0000000595800000| Untracked 
| 556|0x0000000596000000, 0x0000000596000000, 0x0000000596800000|  0%| F|  |TAMS 0x0000000596000000, 0x0000000596000000| Untracked 
| 557|0x0000000596800000, 0x0000000596800000, 0x0000000597000000|  0%| F|  |TAMS 0x0000000596800000, 0x0000000596800000| Untracked 
| 558|0x0000000597000000, 0x0000000597000000, 0x0000000597800000|  0%| F|  |TAMS 0x0000000597000000, 0x0000000597000000| Untracked 
| 559|0x0000000597800000, 0x0000000597800000, 0x0000000598000000|  0%| F|  |TAMS 0x0000000597800000, 0x0000000597800000| Untracked 
| 560|0x0000000598000000, 0x0000000598000000, 0x0000000598800000|  0%| F|  |TAMS 0x0000000598000000, 0x0000000598000000| Untracked 
| 561|0x0000000598800000, 0x0000000598800000, 0x0000000599000000|  0%| F|  |TAMS 0x0000000598800000, 0x0000000598800000| Untracked 
| 562|0x0000000599000000, 0x0000000599000000, 0x0000000599800000|  0%| F|  |TAMS 0x0000000599000000, 0x0000000599000000| Untracked 
| 563|0x0000000599800000, 0x0000000599800000, 0x000000059a000000|  0%| F|  |TAMS 0x0000000599800000, 0x0000000599800000| Untracked 
| 564|0x000000059a000000, 0x000000059a000000, 0x000000059a800000|  0%| F|  |TAMS 0x000000059a000000, 0x000000059a000000| Untracked 
| 565|0x000000059a800000, 0x000000059a800000, 0x000000059b000000|  0%| F|  |TAMS 0x000000059a800000, 0x000000059a800000| Untracked 
| 566|0x000000059b000000, 0x000000059b000000, 0x000000059b800000|  0%| F|  |TAMS 0x000000059b000000, 0x000000059b000000| Untracked 
| 567|0x000000059b800000, 0x000000059b800000, 0x000000059c000000|  0%| F|  |TAMS 0x000000059b800000, 0x000000059b800000| Untracked 
| 568|0x000000059c000000, 0x000000059c000000, 0x000000059c800000|  0%| F|  |TAMS 0x000000059c000000, 0x000000059c000000| Untracked 
| 569|0x000000059c800000, 0x000000059c800000, 0x000000059d000000|  0%| F|  |TAMS 0x000000059c800000, 0x000000059c800000| Untracked 
| 570|0x000000059d000000, 0x000000059d000000, 0x000000059d800000|  0%| F|  |TAMS 0x000000059d000000, 0x000000059d000000| Untracked 
| 571|0x000000059d800000, 0x000000059d800000, 0x000000059e000000|  0%| F|  |TAMS 0x000000059d800000, 0x000000059d800000| Untracked 
| 572|0x000000059e000000, 0x000000059e000000, 0x000000059e800000|  0%| F|  |TAMS 0x000000059e000000, 0x000000059e000000| Untracked 
| 573|0x000000059e800000, 0x000000059e800000, 0x000000059f000000|  0%| F|  |TAMS 0x000000059e800000, 0x000000059e800000| Untracked 
| 574|0x000000059f000000, 0x000000059f000000, 0x000000059f800000|  0%| F|  |TAMS 0x000000059f000000, 0x000000059f000000| Untracked 
| 575|0x000000059f800000, 0x000000059f800000, 0x00000005a0000000|  0%| F|  |TAMS 0x000000059f800000, 0x000000059f800000| Untracked 
| 576|0x00000005a0000000, 0x00000005a0000000, 0x00000005a0800000|  0%| F|  |TAMS 0x00000005a0000000, 0x00000005a0000000| Untracked 
| 577|0x00000005a0800000, 0x00000005a0800000, 0x00000005a1000000|  0%| F|  |TAMS 0x00000005a0800000, 0x00000005a0800000| Untracked 
| 578|0x00000005a1000000, 0x00000005a1000000, 0x00000005a1800000|  0%| F|  |TAMS 0x00000005a1000000, 0x00000005a1000000| Untracked 
| 579|0x00000005a1800000, 0x00000005a1800000, 0x00000005a2000000|  0%| F|  |TAMS 0x00000005a1800000, 0x00000005a1800000| Untracked 
| 580|0x00000005a2000000, 0x00000005a2000000, 0x00000005a2800000|  0%| F|  |TAMS 0x00000005a2000000, 0x00000005a2000000| Untracked 
| 581|0x00000005a2800000, 0x00000005a2800000, 0x00000005a3000000|  0%| F|  |TAMS 0x00000005a2800000, 0x00000005a2800000| Untracked 
| 582|0x00000005a3000000, 0x00000005a3000000, 0x00000005a3800000|  0%| F|  |TAMS 0x00000005a3000000, 0x00000005a3000000| Untracked 
| 583|0x00000005a3800000, 0x00000005a3800000, 0x00000005a4000000|  0%| F|  |TAMS 0x00000005a3800000, 0x00000005a3800000| Untracked 
| 584|0x00000005a4000000, 0x00000005a4000000, 0x00000005a4800000|  0%| F|  |TAMS 0x00000005a4000000, 0x00000005a4000000| Untracked 
| 585|0x00000005a4800000, 0x00000005a4800000, 0x00000005a5000000|  0%| F|  |TAMS 0x00000005a4800000, 0x00000005a4800000| Untracked 
| 586|0x00000005a5000000, 0x00000005a5000000, 0x00000005a5800000|  0%| F|  |TAMS 0x00000005a5000000, 0x00000005a5000000| Untracked 
| 587|0x00000005a5800000, 0x00000005a5800000, 0x00000005a6000000|  0%| F|  |TAMS 0x00000005a5800000, 0x00000005a5800000| Untracked 
| 588|0x00000005a6000000, 0x00000005a6000000, 0x00000005a6800000|  0%| F|  |TAMS 0x00000005a6000000, 0x00000005a6000000| Untracked 
| 589|0x00000005a6800000, 0x00000005a6800000, 0x00000005a7000000|  0%| F|  |TAMS 0x00000005a6800000, 0x00000005a6800000| Untracked 
| 590|0x00000005a7000000, 0x00000005a7000000, 0x00000005a7800000|  0%| F|  |TAMS 0x00000005a7000000, 0x00000005a7000000| Untracked 
| 591|0x00000005a7800000, 0x00000005a7800000, 0x00000005a8000000|  0%| F|  |TAMS 0x00000005a7800000, 0x00000005a7800000| Untracked 
| 592|0x00000005a8000000, 0x00000005a8000000, 0x00000005a8800000|  0%| F|  |TAMS 0x00000005a8000000, 0x00000005a8000000| Untracked 
| 593|0x00000005a8800000, 0x00000005a8800000, 0x00000005a9000000|  0%| F|  |TAMS 0x00000005a8800000, 0x00000005a8800000| Untracked 
| 594|0x00000005a9000000, 0x00000005a9000000, 0x00000005a9800000|  0%| F|  |TAMS 0x00000005a9000000, 0x00000005a9000000| Untracked 
| 595|0x00000005a9800000, 0x00000005a9800000, 0x00000005aa000000|  0%| F|  |TAMS 0x00000005a9800000, 0x00000005a9800000| Untracked 
| 596|0x00000005aa000000, 0x00000005aa000000, 0x00000005aa800000|  0%| F|  |TAMS 0x00000005aa000000, 0x00000005aa000000| Untracked 
| 597|0x00000005aa800000, 0x00000005aa800000, 0x00000005ab000000|  0%| F|  |TAMS 0x00000005aa800000, 0x00000005aa800000| Untracked 
| 598|0x00000005ab000000, 0x00000005ab000000, 0x00000005ab800000|  0%| F|  |TAMS 0x00000005ab000000, 0x00000005ab000000| Untracked 
| 599|0x00000005ab800000, 0x00000005ab800000, 0x00000005ac000000|  0%| F|  |TAMS 0x00000005ab800000, 0x00000005ab800000| Untracked 
| 600|0x00000005ac000000, 0x00000005ac000000, 0x00000005ac800000|  0%| F|  |TAMS 0x00000005ac000000, 0x00000005ac000000| Untracked 
| 601|0x00000005ac800000, 0x00000005ac800000, 0x00000005ad000000|  0%| F|  |TAMS 0x00000005ac800000, 0x00000005ac800000| Untracked 
| 602|0x00000005ad000000, 0x00000005ad000000, 0x00000005ad800000|  0%| F|  |TAMS 0x00000005ad000000, 0x00000005ad000000| Untracked 
| 603|0x00000005ad800000, 0x00000005ad800000, 0x00000005ae000000|  0%| F|  |TAMS 0x00000005ad800000, 0x00000005ad800000| Untracked 
| 604|0x00000005ae000000, 0x00000005ae000000, 0x00000005ae800000|  0%| F|  |TAMS 0x00000005ae000000, 0x00000005ae000000| Untracked 
| 605|0x00000005ae800000, 0x00000005ae800000, 0x00000005af000000|  0%| F|  |TAMS 0x00000005ae800000, 0x00000005ae800000| Untracked 
| 606|0x00000005af000000, 0x00000005af000000, 0x00000005af800000|  0%| F|  |TAMS 0x00000005af000000, 0x00000005af000000| Untracked 
| 607|0x00000005af800000, 0x00000005af800000, 0x00000005b0000000|  0%| F|  |TAMS 0x00000005af800000, 0x00000005af800000| Untracked 
| 608|0x00000005b0000000, 0x00000005b0000000, 0x00000005b0800000|  0%| F|  |TAMS 0x00000005b0000000, 0x00000005b0000000| Untracked 
| 609|0x00000005b0800000, 0x00000005b0800000, 0x00000005b1000000|  0%| F|  |TAMS 0x00000005b0800000, 0x00000005b0800000| Untracked 
| 610|0x00000005b1000000, 0x00000005b1000000, 0x00000005b1800000|  0%| F|  |TAMS 0x00000005b1000000, 0x00000005b1000000| Untracked 
| 611|0x00000005b1800000, 0x00000005b1800000, 0x00000005b2000000|  0%| F|  |TAMS 0x00000005b1800000, 0x00000005b1800000| Untracked 
| 612|0x00000005b2000000, 0x00000005b2000000, 0x00000005b2800000|  0%| F|  |TAMS 0x00000005b2000000, 0x00000005b2000000| Untracked 
| 613|0x00000005b2800000, 0x00000005b2800000, 0x00000005b3000000|  0%| F|  |TAMS 0x00000005b2800000, 0x00000005b2800000| Untracked 
| 614|0x00000005b3000000, 0x00000005b3000000, 0x00000005b3800000|  0%| F|  |TAMS 0x00000005b3000000, 0x00000005b3000000| Untracked 
| 615|0x00000005b3800000, 0x00000005b3800000, 0x00000005b4000000|  0%| F|  |TAMS 0x00000005b3800000, 0x00000005b3800000| Untracked 
| 616|0x00000005b4000000, 0x00000005b4000000, 0x00000005b4800000|  0%| F|  |TAMS 0x00000005b4000000, 0x00000005b4000000| Untracked 
| 617|0x00000005b4800000, 0x00000005b4800000, 0x00000005b5000000|  0%| F|  |TAMS 0x00000005b4800000, 0x00000005b4800000| Untracked 
| 618|0x00000005b5000000, 0x00000005b5000000, 0x00000005b5800000|  0%| F|  |TAMS 0x00000005b5000000, 0x00000005b5000000| Untracked 
| 619|0x00000005b5800000, 0x00000005b5800000, 0x00000005b6000000|  0%| F|  |TAMS 0x00000005b5800000, 0x00000005b5800000| Untracked 
| 620|0x00000005b6000000, 0x00000005b6000000, 0x00000005b6800000|  0%| F|  |TAMS 0x00000005b6000000, 0x00000005b6000000| Untracked 
| 621|0x00000005b6800000, 0x00000005b6800000, 0x00000005b7000000|  0%| F|  |TAMS 0x00000005b6800000, 0x00000005b6800000| Untracked 
| 622|0x00000005b7000000, 0x00000005b7000000, 0x00000005b7800000|  0%| F|  |TAMS 0x00000005b7000000, 0x00000005b7000000| Untracked 
| 623|0x00000005b7800000, 0x00000005b7800000, 0x00000005b8000000|  0%| F|  |TAMS 0x00000005b7800000, 0x00000005b7800000| Untracked 
| 624|0x00000005b8000000, 0x00000005b8000000, 0x00000005b8800000|  0%| F|  |TAMS 0x00000005b8000000, 0x00000005b8000000| Untracked 
| 625|0x00000005b8800000, 0x00000005b8800000, 0x00000005b9000000|  0%| F|  |TAMS 0x00000005b8800000, 0x00000005b8800000| Untracked 
| 626|0x00000005b9000000, 0x00000005b9000000, 0x00000005b9800000|  0%| F|  |TAMS 0x00000005b9000000, 0x00000005b9000000| Untracked 
| 627|0x00000005b9800000, 0x00000005b9800000, 0x00000005ba000000|  0%| F|  |TAMS 0x00000005b9800000, 0x00000005b9800000| Untracked 
| 628|0x00000005ba000000, 0x00000005ba000000, 0x00000005ba800000|  0%| F|  |TAMS 0x00000005ba000000, 0x00000005ba000000| Untracked 
| 629|0x00000005ba800000, 0x00000005ba800000, 0x00000005bb000000|  0%| F|  |TAMS 0x00000005ba800000, 0x00000005ba800000| Untracked 
| 630|0x00000005bb000000, 0x00000005bb000000, 0x00000005bb800000|  0%| F|  |TAMS 0x00000005bb000000, 0x00000005bb000000| Untracked 
| 631|0x00000005bb800000, 0x00000005bb800000, 0x00000005bc000000|  0%| F|  |TAMS 0x00000005bb800000, 0x00000005bb800000| Untracked 
| 632|0x00000005bc000000, 0x00000005bc000000, 0x00000005bc800000|  0%| F|  |TAMS 0x00000005bc000000, 0x00000005bc000000| Untracked 
| 633|0x00000005bc800000, 0x00000005bc800000, 0x00000005bd000000|  0%| F|  |TAMS 0x00000005bc800000, 0x00000005bc800000| Untracked 
| 634|0x00000005bd000000, 0x00000005bd000000, 0x00000005bd800000|  0%| F|  |TAMS 0x00000005bd000000, 0x00000005bd000000| Untracked 
| 635|0x00000005bd800000, 0x00000005bd800000, 0x00000005be000000|  0%| F|  |TAMS 0x00000005bd800000, 0x00000005bd800000| Untracked 
| 636|0x00000005be000000, 0x00000005be000000, 0x00000005be800000|  0%| F|  |TAMS 0x00000005be000000, 0x00000005be000000| Untracked 
| 637|0x00000005be800000, 0x00000005be800000, 0x00000005bf000000|  0%| F|  |TAMS 0x00000005be800000, 0x00000005be800000| Untracked 
| 638|0x00000005bf000000, 0x00000005bf000000, 0x00000005bf800000|  0%| F|  |TAMS 0x00000005bf000000, 0x00000005bf000000| Untracked 
| 639|0x00000005bf800000, 0x00000005bf800000, 0x00000005c0000000|  0%| F|  |TAMS 0x00000005bf800000, 0x00000005bf800000| Untracked 
| 640|0x00000005c0000000, 0x00000005c0000000, 0x00000005c0800000|  0%| F|  |TAMS 0x00000005c0000000, 0x00000005c0000000| Untracked 
| 641|0x00000005c0800000, 0x00000005c0800000, 0x00000005c1000000|  0%| F|  |TAMS 0x00000005c0800000, 0x00000005c0800000| Untracked 
| 642|0x00000005c1000000, 0x00000005c1000000, 0x00000005c1800000|  0%| F|  |TAMS 0x00000005c1000000, 0x00000005c1000000| Untracked 
| 643|0x00000005c1800000, 0x00000005c1800000, 0x00000005c2000000|  0%| F|  |TAMS 0x00000005c1800000, 0x00000005c1800000| Untracked 
| 644|0x00000005c2000000, 0x00000005c2000000, 0x00000005c2800000|  0%| F|  |TAMS 0x00000005c2000000, 0x00000005c2000000| Untracked 
| 645|0x00000005c2800000, 0x00000005c2800000, 0x00000005c3000000|  0%| F|  |TAMS 0x00000005c2800000, 0x00000005c2800000| Untracked 
| 646|0x00000005c3000000, 0x00000005c3000000, 0x00000005c3800000|  0%| F|  |TAMS 0x00000005c3000000, 0x00000005c3000000| Untracked 
| 647|0x00000005c3800000, 0x00000005c3800000, 0x00000005c4000000|  0%| F|  |TAMS 0x00000005c3800000, 0x00000005c3800000| Untracked 
| 648|0x00000005c4000000, 0x00000005c4000000, 0x00000005c4800000|  0%| F|  |TAMS 0x00000005c4000000, 0x00000005c4000000| Untracked 
| 649|0x00000005c4800000, 0x00000005c4800000, 0x00000005c5000000|  0%| F|  |TAMS 0x00000005c4800000, 0x00000005c4800000| Untracked 
| 650|0x00000005c5000000, 0x00000005c5000000, 0x00000005c5800000|  0%| F|  |TAMS 0x00000005c5000000, 0x00000005c5000000| Untracked 
| 651|0x00000005c5800000, 0x00000005c5800000, 0x00000005c6000000|  0%| F|  |TAMS 0x00000005c5800000, 0x00000005c5800000| Untracked 
| 652|0x00000005c6000000, 0x00000005c6000000, 0x00000005c6800000|  0%| F|  |TAMS 0x00000005c6000000, 0x00000005c6000000| Untracked 
| 653|0x00000005c6800000, 0x00000005c6800000, 0x00000005c7000000|  0%| F|  |TAMS 0x00000005c6800000, 0x00000005c6800000| Untracked 
| 654|0x00000005c7000000, 0x00000005c7000000, 0x00000005c7800000|  0%| F|  |TAMS 0x00000005c7000000, 0x00000005c7000000| Untracked 
| 655|0x00000005c7800000, 0x00000005c7800000, 0x00000005c8000000|  0%| F|  |TAMS 0x00000005c7800000, 0x00000005c7800000| Untracked 
| 656|0x00000005c8000000, 0x00000005c8000000, 0x00000005c8800000|  0%| F|  |TAMS 0x00000005c8000000, 0x00000005c8000000| Untracked 
| 657|0x00000005c8800000, 0x00000005c8800000, 0x00000005c9000000|  0%| F|  |TAMS 0x00000005c8800000, 0x00000005c8800000| Untracked 
| 658|0x00000005c9000000, 0x00000005c9000000, 0x00000005c9800000|  0%| F|  |TAMS 0x00000005c9000000, 0x00000005c9000000| Untracked 
| 659|0x00000005c9800000, 0x00000005c9800000, 0x00000005ca000000|  0%| F|  |TAMS 0x00000005c9800000, 0x00000005c9800000| Untracked 
| 660|0x00000005ca000000, 0x00000005ca000000, 0x00000005ca800000|  0%| F|  |TAMS 0x00000005ca000000, 0x00000005ca000000| Untracked 
| 661|0x00000005ca800000, 0x00000005ca800000, 0x00000005cb000000|  0%| F|  |TAMS 0x00000005ca800000, 0x00000005ca800000| Untracked 
| 662|0x00000005cb000000, 0x00000005cb000000, 0x00000005cb800000|  0%| F|  |TAMS 0x00000005cb000000, 0x00000005cb000000| Untracked 
| 663|0x00000005cb800000, 0x00000005cb800000, 0x00000005cc000000|  0%| F|  |TAMS 0x00000005cb800000, 0x00000005cb800000| Untracked 
| 664|0x00000005cc000000, 0x00000005cc000000, 0x00000005cc800000|  0%| F|  |TAMS 0x00000005cc000000, 0x00000005cc000000| Untracked 
| 665|0x00000005cc800000, 0x00000005cc800000, 0x00000005cd000000|  0%| F|  |TAMS 0x00000005cc800000, 0x00000005cc800000| Untracked 
| 666|0x00000005cd000000, 0x00000005cd000000, 0x00000005cd800000|  0%| F|  |TAMS 0x00000005cd000000, 0x00000005cd000000| Untracked 
| 667|0x00000005cd800000, 0x00000005cd800000, 0x00000005ce000000|  0%| F|  |TAMS 0x00000005cd800000, 0x00000005cd800000| Untracked 
| 668|0x00000005ce000000, 0x00000005ce000000, 0x00000005ce800000|  0%| F|  |TAMS 0x00000005ce000000, 0x00000005ce000000| Untracked 
| 669|0x00000005ce800000, 0x00000005ce800000, 0x00000005cf000000|  0%| F|  |TAMS 0x00000005ce800000, 0x00000005ce800000| Untracked 
| 670|0x00000005cf000000, 0x00000005cf000000, 0x00000005cf800000|  0%| F|  |TAMS 0x00000005cf000000, 0x00000005cf000000| Untracked 
| 671|0x00000005cf800000, 0x00000005cf800000, 0x00000005d0000000|  0%| F|  |TAMS 0x00000005cf800000, 0x00000005cf800000| Untracked 
| 672|0x00000005d0000000, 0x00000005d0000000, 0x00000005d0800000|  0%| F|  |TAMS 0x00000005d0000000, 0x00000005d0000000| Untracked 
| 673|0x00000005d0800000, 0x00000005d0800000, 0x00000005d1000000|  0%| F|  |TAMS 0x00000005d0800000, 0x00000005d0800000| Untracked 
| 674|0x00000005d1000000, 0x00000005d1000000, 0x00000005d1800000|  0%| F|  |TAMS 0x00000005d1000000, 0x00000005d1000000| Untracked 
| 675|0x00000005d1800000, 0x00000005d1800000, 0x00000005d2000000|  0%| F|  |TAMS 0x00000005d1800000, 0x00000005d1800000| Untracked 
| 676|0x00000005d2000000, 0x00000005d2000000, 0x00000005d2800000|  0%| F|  |TAMS 0x00000005d2000000, 0x00000005d2000000| Untracked 
| 677|0x00000005d2800000, 0x00000005d2800000, 0x00000005d3000000|  0%| F|  |TAMS 0x00000005d2800000, 0x00000005d2800000| Untracked 
| 678|0x00000005d3000000, 0x00000005d3000000, 0x00000005d3800000|  0%| F|  |TAMS 0x00000005d3000000, 0x00000005d3000000| Untracked 
| 679|0x00000005d3800000, 0x00000005d3800000, 0x00000005d4000000|  0%| F|  |TAMS 0x00000005d3800000, 0x00000005d3800000| Untracked 
| 680|0x00000005d4000000, 0x00000005d4000000, 0x00000005d4800000|  0%| F|  |TAMS 0x00000005d4000000, 0x00000005d4000000| Untracked 
| 681|0x00000005d4800000, 0x00000005d4800000, 0x00000005d5000000|  0%| F|  |TAMS 0x00000005d4800000, 0x00000005d4800000| Untracked 
| 682|0x00000005d5000000, 0x00000005d5000000, 0x00000005d5800000|  0%| F|  |TAMS 0x00000005d5000000, 0x00000005d5000000| Untracked 
| 683|0x00000005d5800000, 0x00000005d5800000, 0x00000005d6000000|  0%| F|  |TAMS 0x00000005d5800000, 0x00000005d5800000| Untracked 
| 684|0x00000005d6000000, 0x00000005d6000000, 0x00000005d6800000|  0%| F|  |TAMS 0x00000005d6000000, 0x00000005d6000000| Untracked 
| 685|0x00000005d6800000, 0x00000005d6800000, 0x00000005d7000000|  0%| F|  |TAMS 0x00000005d6800000, 0x00000005d6800000| Untracked 
| 686|0x00000005d7000000, 0x00000005d7000000, 0x00000005d7800000|  0%| F|  |TAMS 0x00000005d7000000, 0x00000005d7000000| Untracked 
| 687|0x00000005d7800000, 0x00000005d7800000, 0x00000005d8000000|  0%| F|  |TAMS 0x00000005d7800000, 0x00000005d7800000| Untracked 
| 688|0x00000005d8000000, 0x00000005d8000000, 0x00000005d8800000|  0%| F|  |TAMS 0x00000005d8000000, 0x00000005d8000000| Untracked 
| 689|0x00000005d8800000, 0x00000005d8800000, 0x00000005d9000000|  0%| F|  |TAMS 0x00000005d8800000, 0x00000005d8800000| Untracked 
| 690|0x00000005d9000000, 0x00000005d9000000, 0x00000005d9800000|  0%| F|  |TAMS 0x00000005d9000000, 0x00000005d9000000| Untracked 
| 691|0x00000005d9800000, 0x00000005d9800000, 0x00000005da000000|  0%| F|  |TAMS 0x00000005d9800000, 0x00000005d9800000| Untracked 
| 692|0x00000005da000000, 0x00000005da000000, 0x00000005da800000|  0%| F|  |TAMS 0x00000005da000000, 0x00000005da000000| Untracked 
| 693|0x00000005da800000, 0x00000005da800000, 0x00000005db000000|  0%| F|  |TAMS 0x00000005da800000, 0x00000005da800000| Untracked 
| 694|0x00000005db000000, 0x00000005db000000, 0x00000005db800000|  0%| F|  |TAMS 0x00000005db000000, 0x00000005db000000| Untracked 
| 695|0x00000005db800000, 0x00000005db800000, 0x00000005dc000000|  0%| F|  |TAMS 0x00000005db800000, 0x00000005db800000| Untracked 
| 696|0x00000005dc000000, 0x00000005dc000000, 0x00000005dc800000|  0%| F|  |TAMS 0x00000005dc000000, 0x00000005dc000000| Untracked 
| 697|0x00000005dc800000, 0x00000005dc800000, 0x00000005dd000000|  0%| F|  |TAMS 0x00000005dc800000, 0x00000005dc800000| Untracked 
| 698|0x00000005dd000000, 0x00000005dd000000, 0x00000005dd800000|  0%| F|  |TAMS 0x00000005dd000000, 0x00000005dd000000| Untracked 
| 699|0x00000005dd800000, 0x00000005dd800000, 0x00000005de000000|  0%| F|  |TAMS 0x00000005dd800000, 0x00000005dd800000| Untracked 
| 700|0x00000005de000000, 0x00000005de000000, 0x00000005de800000|  0%| F|  |TAMS 0x00000005de000000, 0x00000005de000000| Untracked 
| 701|0x00000005de800000, 0x00000005de800000, 0x00000005df000000|  0%| F|  |TAMS 0x00000005de800000, 0x00000005de800000| Untracked 
| 702|0x00000005df000000, 0x00000005df000000, 0x00000005df800000|  0%| F|  |TAMS 0x00000005df000000, 0x00000005df000000| Untracked 
| 703|0x00000005df800000, 0x00000005df800000, 0x00000005e0000000|  0%| F|  |TAMS 0x00000005df800000, 0x00000005df800000| Untracked 
| 704|0x00000005e0000000, 0x00000005e0000000, 0x00000005e0800000|  0%| F|  |TAMS 0x00000005e0000000, 0x00000005e0000000| Untracked 
| 705|0x00000005e0800000, 0x00000005e0800000, 0x00000005e1000000|  0%| F|  |TAMS 0x00000005e0800000, 0x00000005e0800000| Untracked 
| 706|0x00000005e1000000, 0x00000005e1000000, 0x00000005e1800000|  0%| F|  |TAMS 0x00000005e1000000, 0x00000005e1000000| Untracked 
| 707|0x00000005e1800000, 0x00000005e1800000, 0x00000005e2000000|  0%| F|  |TAMS 0x00000005e1800000, 0x00000005e1800000| Untracked 
| 708|0x00000005e2000000, 0x00000005e2000000, 0x00000005e2800000|  0%| F|  |TAMS 0x00000005e2000000, 0x00000005e2000000| Untracked 
| 709|0x00000005e2800000, 0x00000005e2800000, 0x00000005e3000000|  0%| F|  |TAMS 0x00000005e2800000, 0x00000005e2800000| Untracked 
| 710|0x00000005e3000000, 0x00000005e3000000, 0x00000005e3800000|  0%| F|  |TAMS 0x00000005e3000000, 0x00000005e3000000| Untracked 
| 711|0x00000005e3800000, 0x00000005e3800000, 0x00000005e4000000|  0%| F|  |TAMS 0x00000005e3800000, 0x00000005e3800000| Untracked 
| 712|0x00000005e4000000, 0x00000005e4000000, 0x00000005e4800000|  0%| F|  |TAMS 0x00000005e4000000, 0x00000005e4000000| Untracked 
| 713|0x00000005e4800000, 0x00000005e4800000, 0x00000005e5000000|  0%| F|  |TAMS 0x00000005e4800000, 0x00000005e4800000| Untracked 
| 714|0x00000005e5000000, 0x00000005e5000000, 0x00000005e5800000|  0%| F|  |TAMS 0x00000005e5000000, 0x00000005e5000000| Untracked 
| 715|0x00000005e5800000, 0x00000005e5800000, 0x00000005e6000000|  0%| F|  |TAMS 0x00000005e5800000, 0x00000005e5800000| Untracked 
| 716|0x00000005e6000000, 0x00000005e6000000, 0x00000005e6800000|  0%| F|  |TAMS 0x00000005e6000000, 0x00000005e6000000| Untracked 
| 717|0x00000005e6800000, 0x00000005e6800000, 0x00000005e7000000|  0%| F|  |TAMS 0x00000005e6800000, 0x00000005e6800000| Untracked 
| 718|0x00000005e7000000, 0x00000005e7000000, 0x00000005e7800000|  0%| F|  |TAMS 0x00000005e7000000, 0x00000005e7000000| Untracked 
| 719|0x00000005e7800000, 0x00000005e7800000, 0x00000005e8000000|  0%| F|  |TAMS 0x00000005e7800000, 0x00000005e7800000| Untracked 
| 720|0x00000005e8000000, 0x00000005e8000000, 0x00000005e8800000|  0%| F|  |TAMS 0x00000005e8000000, 0x00000005e8000000| Untracked 
| 721|0x00000005e8800000, 0x00000005e8800000, 0x00000005e9000000|  0%| F|  |TAMS 0x00000005e8800000, 0x00000005e8800000| Untracked 
| 722|0x00000005e9000000, 0x00000005e9000000, 0x00000005e9800000|  0%| F|  |TAMS 0x00000005e9000000, 0x00000005e9000000| Untracked 
| 723|0x00000005e9800000, 0x00000005e9800000, 0x00000005ea000000|  0%| F|  |TAMS 0x00000005e9800000, 0x00000005e9800000| Untracked 
| 724|0x00000005ea000000, 0x00000005ea000000, 0x00000005ea800000|  0%| F|  |TAMS 0x00000005ea000000, 0x00000005ea000000| Untracked 
| 725|0x00000005ea800000, 0x00000005ea800000, 0x00000005eb000000|  0%| F|  |TAMS 0x00000005ea800000, 0x00000005ea800000| Untracked 
| 726|0x00000005eb000000, 0x00000005eb000000, 0x00000005eb800000|  0%| F|  |TAMS 0x00000005eb000000, 0x00000005eb000000| Untracked 
| 727|0x00000005eb800000, 0x00000005eb800000, 0x00000005ec000000|  0%| F|  |TAMS 0x00000005eb800000, 0x00000005eb800000| Untracked 
| 728|0x00000005ec000000, 0x00000005ec000000, 0x00000005ec800000|  0%| F|  |TAMS 0x00000005ec000000, 0x00000005ec000000| Untracked 
| 729|0x00000005ec800000, 0x00000005ec800000, 0x00000005ed000000|  0%| F|  |TAMS 0x00000005ec800000, 0x00000005ec800000| Untracked 
| 730|0x00000005ed000000, 0x00000005ed000000, 0x00000005ed800000|  0%| F|  |TAMS 0x00000005ed000000, 0x00000005ed000000| Untracked 
| 731|0x00000005ed800000, 0x00000005ed800000, 0x00000005ee000000|  0%| F|  |TAMS 0x00000005ed800000, 0x00000005ed800000| Untracked 
| 732|0x00000005ee000000, 0x00000005ee000000, 0x00000005ee800000|  0%| F|  |TAMS 0x00000005ee000000, 0x00000005ee000000| Untracked 
| 733|0x00000005ee800000, 0x00000005ee800000, 0x00000005ef000000|  0%| F|  |TAMS 0x00000005ee800000, 0x00000005ee800000| Untracked 
| 734|0x00000005ef000000, 0x00000005ef000000, 0x00000005ef800000|  0%| F|  |TAMS 0x00000005ef000000, 0x00000005ef000000| Untracked 
| 735|0x00000005ef800000, 0x00000005ef800000, 0x00000005f0000000|  0%| F|  |TAMS 0x00000005ef800000, 0x00000005ef800000| Untracked 
| 736|0x00000005f0000000, 0x00000005f0000000, 0x00000005f0800000|  0%| F|  |TAMS 0x00000005f0000000, 0x00000005f0000000| Untracked 
| 737|0x00000005f0800000, 0x00000005f0800000, 0x00000005f1000000|  0%| F|  |TAMS 0x00000005f0800000, 0x00000005f0800000| Untracked 
| 738|0x00000005f1000000, 0x00000005f1000000, 0x00000005f1800000|  0%| F|  |TAMS 0x00000005f1000000, 0x00000005f1000000| Untracked 
| 739|0x00000005f1800000, 0x00000005f1800000, 0x00000005f2000000|  0%| F|  |TAMS 0x00000005f1800000, 0x00000005f1800000| Untracked 
| 740|0x00000005f2000000, 0x00000005f2000000, 0x00000005f2800000|  0%| F|  |TAMS 0x00000005f2000000, 0x00000005f2000000| Untracked 
| 741|0x00000005f2800000, 0x00000005f2800000, 0x00000005f3000000|  0%| F|  |TAMS 0x00000005f2800000, 0x00000005f2800000| Untracked 
| 742|0x00000005f3000000, 0x00000005f3000000, 0x00000005f3800000|  0%| F|  |TAMS 0x00000005f3000000, 0x00000005f3000000| Untracked 
| 743|0x00000005f3800000, 0x00000005f3800000, 0x00000005f4000000|  0%| F|  |TAMS 0x00000005f3800000, 0x00000005f3800000| Untracked 
| 744|0x00000005f4000000, 0x00000005f4000000, 0x00000005f4800000|  0%| F|  |TAMS 0x00000005f4000000, 0x00000005f4000000| Untracked 
| 745|0x00000005f4800000, 0x00000005f4800000, 0x00000005f5000000|  0%| F|  |TAMS 0x00000005f4800000, 0x00000005f4800000| Untracked 
| 746|0x00000005f5000000, 0x00000005f5000000, 0x00000005f5800000|  0%| F|  |TAMS 0x00000005f5000000, 0x00000005f5000000| Untracked 
| 747|0x00000005f5800000, 0x00000005f5800000, 0x00000005f6000000|  0%| F|  |TAMS 0x00000005f5800000, 0x00000005f5800000| Untracked 
| 748|0x00000005f6000000, 0x00000005f6000000, 0x00000005f6800000|  0%| F|  |TAMS 0x00000005f6000000, 0x00000005f6000000| Untracked 
| 749|0x00000005f6800000, 0x00000005f6800000, 0x00000005f7000000|  0%| F|  |TAMS 0x00000005f6800000, 0x00000005f6800000| Untracked 
| 750|0x00000005f7000000, 0x00000005f7000000, 0x00000005f7800000|  0%| F|  |TAMS 0x00000005f7000000, 0x00000005f7000000| Untracked 
| 751|0x00000005f7800000, 0x00000005f7800000, 0x00000005f8000000|  0%| F|  |TAMS 0x00000005f7800000, 0x00000005f7800000| Untracked 
| 752|0x00000005f8000000, 0x00000005f8000000, 0x00000005f8800000|  0%| F|  |TAMS 0x00000005f8000000, 0x00000005f8000000| Untracked 
| 753|0x00000005f8800000, 0x00000005f8800000, 0x00000005f9000000|  0%| F|  |TAMS 0x00000005f8800000, 0x00000005f8800000| Untracked 
| 754|0x00000005f9000000, 0x00000005f9000000, 0x00000005f9800000|  0%| F|  |TAMS 0x00000005f9000000, 0x00000005f9000000| Untracked 
| 755|0x00000005f9800000, 0x00000005f9800000, 0x00000005fa000000|  0%| F|  |TAMS 0x00000005f9800000, 0x00000005f9800000| Untracked 
| 756|0x00000005fa000000, 0x00000005fa000000, 0x00000005fa800000|  0%| F|  |TAMS 0x00000005fa000000, 0x00000005fa000000| Untracked 
| 757|0x00000005fa800000, 0x00000005fa800000, 0x00000005fb000000|  0%| F|  |TAMS 0x00000005fa800000, 0x00000005fa800000| Untracked 
| 758|0x00000005fb000000, 0x00000005fb000000, 0x00000005fb800000|  0%| F|  |TAMS 0x00000005fb000000, 0x00000005fb000000| Untracked 
| 759|0x00000005fb800000, 0x00000005fb800000, 0x00000005fc000000|  0%| F|  |TAMS 0x00000005fb800000, 0x00000005fb800000| Untracked 
| 760|0x00000005fc000000, 0x00000005fc000000, 0x00000005fc800000|  0%| F|  |TAMS 0x00000005fc000000, 0x00000005fc000000| Untracked 
| 761|0x00000005fc800000, 0x00000005fc800000, 0x00000005fd000000|  0%| F|  |TAMS 0x00000005fc800000, 0x00000005fc800000| Untracked 
| 762|0x00000005fd000000, 0x00000005fd000000, 0x00000005fd800000|  0%| F|  |TAMS 0x00000005fd000000, 0x00000005fd000000| Untracked 
| 763|0x00000005fd800000, 0x00000005fd800000, 0x00000005fe000000|  0%| F|  |TAMS 0x00000005fd800000, 0x00000005fd800000| Untracked 
| 764|0x00000005fe000000, 0x00000005fe000000, 0x00000005fe800000|  0%| F|  |TAMS 0x00000005fe000000, 0x00000005fe000000| Untracked 
| 765|0x00000005fe800000, 0x00000005fe800000, 0x00000005ff000000|  0%| F|  |TAMS 0x00000005fe800000, 0x00000005fe800000| Untracked 
| 766|0x00000005ff000000, 0x00000005ff000000, 0x00000005ff800000|  0%| F|  |TAMS 0x00000005ff000000, 0x00000005ff000000| Untracked 
| 767|0x00000005ff800000, 0x00000005ff800000, 0x0000000600000000|  0%| F|  |TAMS 0x00000005ff800000, 0x00000005ff800000| Untracked 
| 768|0x0000000600000000, 0x0000000600000000, 0x0000000600800000|  0%| F|  |TAMS 0x0000000600000000, 0x0000000600000000| Untracked 
| 769|0x0000000600800000, 0x0000000600800000, 0x0000000601000000|  0%| F|  |TAMS 0x0000000600800000, 0x0000000600800000| Untracked 
| 770|0x0000000601000000, 0x0000000601000000, 0x0000000601800000|  0%| F|  |TAMS 0x0000000601000000, 0x0000000601000000| Untracked 
| 771|0x0000000601800000, 0x0000000601800000, 0x0000000602000000|  0%| F|  |TAMS 0x0000000601800000, 0x0000000601800000| Untracked 
| 772|0x0000000602000000, 0x0000000602000000, 0x0000000602800000|  0%| F|  |TAMS 0x0000000602000000, 0x0000000602000000| Untracked 
| 773|0x0000000602800000, 0x0000000602800000, 0x0000000603000000|  0%| F|  |TAMS 0x0000000602800000, 0x0000000602800000| Untracked 
| 774|0x0000000603000000, 0x0000000603000000, 0x0000000603800000|  0%| F|  |TAMS 0x0000000603000000, 0x0000000603000000| Untracked 
| 775|0x0000000603800000, 0x0000000603800000, 0x0000000604000000|  0%| F|  |TAMS 0x0000000603800000, 0x0000000603800000| Untracked 
| 776|0x0000000604000000, 0x0000000604000000, 0x0000000604800000|  0%| F|  |TAMS 0x0000000604000000, 0x0000000604000000| Untracked 
| 777|0x0000000604800000, 0x0000000604800000, 0x0000000605000000|  0%| F|  |TAMS 0x0000000604800000, 0x0000000604800000| Untracked 
| 778|0x0000000605000000, 0x0000000605000000, 0x0000000605800000|  0%| F|  |TAMS 0x0000000605000000, 0x0000000605000000| Untracked 
| 779|0x0000000605800000, 0x0000000605800000, 0x0000000606000000|  0%| F|  |TAMS 0x0000000605800000, 0x0000000605800000| Untracked 
| 780|0x0000000606000000, 0x0000000606000000, 0x0000000606800000|  0%| F|  |TAMS 0x0000000606000000, 0x0000000606000000| Untracked 
| 781|0x0000000606800000, 0x0000000606800000, 0x0000000607000000|  0%| F|  |TAMS 0x0000000606800000, 0x0000000606800000| Untracked 
| 782|0x0000000607000000, 0x0000000607000000, 0x0000000607800000|  0%| F|  |TAMS 0x0000000607000000, 0x0000000607000000| Untracked 
| 783|0x0000000607800000, 0x0000000607800000, 0x0000000608000000|  0%| F|  |TAMS 0x0000000607800000, 0x0000000607800000| Untracked 
| 784|0x0000000608000000, 0x0000000608000000, 0x0000000608800000|  0%| F|  |TAMS 0x0000000608000000, 0x0000000608000000| Untracked 
| 785|0x0000000608800000, 0x0000000608800000, 0x0000000609000000|  0%| F|  |TAMS 0x0000000608800000, 0x0000000608800000| Untracked 
| 786|0x0000000609000000, 0x0000000609000000, 0x0000000609800000|  0%| F|  |TAMS 0x0000000609000000, 0x0000000609000000| Untracked 
| 787|0x0000000609800000, 0x0000000609800000, 0x000000060a000000|  0%| F|  |TAMS 0x0000000609800000, 0x0000000609800000| Untracked 
| 788|0x000000060a000000, 0x000000060a000000, 0x000000060a800000|  0%| F|  |TAMS 0x000000060a000000, 0x000000060a000000| Untracked 
| 789|0x000000060a800000, 0x000000060a800000, 0x000000060b000000|  0%| F|  |TAMS 0x000000060a800000, 0x000000060a800000| Untracked 
| 790|0x000000060b000000, 0x000000060b000000, 0x000000060b800000|  0%| F|  |TAMS 0x000000060b000000, 0x000000060b000000| Untracked 
| 791|0x000000060b800000, 0x000000060b800000, 0x000000060c000000|  0%| F|  |TAMS 0x000000060b800000, 0x000000060b800000| Untracked 
| 792|0x000000060c000000, 0x000000060c000000, 0x000000060c800000|  0%| F|  |TAMS 0x000000060c000000, 0x000000060c000000| Untracked 
| 793|0x000000060c800000, 0x000000060c800000, 0x000000060d000000|  0%| F|  |TAMS 0x000000060c800000, 0x000000060c800000| Untracked 
| 794|0x000000060d000000, 0x000000060d000000, 0x000000060d800000|  0%| F|  |TAMS 0x000000060d000000, 0x000000060d000000| Untracked 
| 795|0x000000060d800000, 0x000000060d800000, 0x000000060e000000|  0%| F|  |TAMS 0x000000060d800000, 0x000000060d800000| Untracked 
| 796|0x000000060e000000, 0x000000060e000000, 0x000000060e800000|  0%| F|  |TAMS 0x000000060e000000, 0x000000060e000000| Untracked 
| 797|0x000000060e800000, 0x000000060e800000, 0x000000060f000000|  0%| F|  |TAMS 0x000000060e800000, 0x000000060e800000| Untracked 
| 798|0x000000060f000000, 0x000000060f000000, 0x000000060f800000|  0%| F|  |TAMS 0x000000060f000000, 0x000000060f000000| Untracked 
| 799|0x000000060f800000, 0x000000060f800000, 0x0000000610000000|  0%| F|  |TAMS 0x000000060f800000, 0x000000060f800000| Untracked 
| 800|0x0000000610000000, 0x0000000610000000, 0x0000000610800000|  0%| F|  |TAMS 0x0000000610000000, 0x0000000610000000| Untracked 
| 801|0x0000000610800000, 0x0000000610800000, 0x0000000611000000|  0%| F|  |TAMS 0x0000000610800000, 0x0000000610800000| Untracked 
| 802|0x0000000611000000, 0x0000000611000000, 0x0000000611800000|  0%| F|  |TAMS 0x0000000611000000, 0x0000000611000000| Untracked 
| 803|0x0000000611800000, 0x0000000611800000, 0x0000000612000000|  0%| F|  |TAMS 0x0000000611800000, 0x0000000611800000| Untracked 
| 804|0x0000000612000000, 0x0000000612000000, 0x0000000612800000|  0%| F|  |TAMS 0x0000000612000000, 0x0000000612000000| Untracked 
| 805|0x0000000612800000, 0x0000000612800000, 0x0000000613000000|  0%| F|  |TAMS 0x0000000612800000, 0x0000000612800000| Untracked 
| 806|0x0000000613000000, 0x0000000613000000, 0x0000000613800000|  0%| F|  |TAMS 0x0000000613000000, 0x0000000613000000| Untracked 
| 807|0x0000000613800000, 0x0000000613800000, 0x0000000614000000|  0%| F|  |TAMS 0x0000000613800000, 0x0000000613800000| Untracked 
| 808|0x0000000614000000, 0x0000000614000000, 0x0000000614800000|  0%| F|  |TAMS 0x0000000614000000, 0x0000000614000000| Untracked 
| 809|0x0000000614800000, 0x0000000614800000, 0x0000000615000000|  0%| F|  |TAMS 0x0000000614800000, 0x0000000614800000| Untracked 
| 810|0x0000000615000000, 0x0000000615000000, 0x0000000615800000|  0%| F|  |TAMS 0x0000000615000000, 0x0000000615000000| Untracked 
| 811|0x0000000615800000, 0x0000000615800000, 0x0000000616000000|  0%| F|  |TAMS 0x0000000615800000, 0x0000000615800000| Untracked 
| 812|0x0000000616000000, 0x0000000616000000, 0x0000000616800000|  0%| F|  |TAMS 0x0000000616000000, 0x0000000616000000| Untracked 
| 813|0x0000000616800000, 0x0000000616800000, 0x0000000617000000|  0%| F|  |TAMS 0x0000000616800000, 0x0000000616800000| Untracked 
| 814|0x0000000617000000, 0x0000000617000000, 0x0000000617800000|  0%| F|  |TAMS 0x0000000617000000, 0x0000000617000000| Untracked 
| 815|0x0000000617800000, 0x0000000617800000, 0x0000000618000000|  0%| F|  |TAMS 0x0000000617800000, 0x0000000617800000| Untracked 
| 816|0x0000000618000000, 0x0000000618000000, 0x0000000618800000|  0%| F|  |TAMS 0x0000000618000000, 0x0000000618000000| Untracked 
| 817|0x0000000618800000, 0x0000000618800000, 0x0000000619000000|  0%| F|  |TAMS 0x0000000618800000, 0x0000000618800000| Untracked 
| 818|0x0000000619000000, 0x0000000619000000, 0x0000000619800000|  0%| F|  |TAMS 0x0000000619000000, 0x0000000619000000| Untracked 
| 819|0x0000000619800000, 0x0000000619800000, 0x000000061a000000|  0%| F|  |TAMS 0x0000000619800000, 0x0000000619800000| Untracked 
| 820|0x000000061a000000, 0x000000061a000000, 0x000000061a800000|  0%| F|  |TAMS 0x000000061a000000, 0x000000061a000000| Untracked 
| 821|0x000000061a800000, 0x000000061a800000, 0x000000061b000000|  0%| F|  |TAMS 0x000000061a800000, 0x000000061a800000| Untracked 
| 822|0x000000061b000000, 0x000000061b000000, 0x000000061b800000|  0%| F|  |TAMS 0x000000061b000000, 0x000000061b000000| Untracked 
| 823|0x000000061b800000, 0x000000061b800000, 0x000000061c000000|  0%| F|  |TAMS 0x000000061b800000, 0x000000061b800000| Untracked 
| 824|0x000000061c000000, 0x000000061c000000, 0x000000061c800000|  0%| F|  |TAMS 0x000000061c000000, 0x000000061c000000| Untracked 
| 825|0x000000061c800000, 0x000000061c800000, 0x000000061d000000|  0%| F|  |TAMS 0x000000061c800000, 0x000000061c800000| Untracked 
| 826|0x000000061d000000, 0x000000061d000000, 0x000000061d800000|  0%| F|  |TAMS 0x000000061d000000, 0x000000061d000000| Untracked 
| 827|0x000000061d800000, 0x000000061d800000, 0x000000061e000000|  0%| F|  |TAMS 0x000000061d800000, 0x000000061d800000| Untracked 
| 828|0x000000061e000000, 0x000000061e000000, 0x000000061e800000|  0%| F|  |TAMS 0x000000061e000000, 0x000000061e000000| Untracked 
| 829|0x000000061e800000, 0x000000061e800000, 0x000000061f000000|  0%| F|  |TAMS 0x000000061e800000, 0x000000061e800000| Untracked 
| 830|0x000000061f000000, 0x000000061f000000, 0x000000061f800000|  0%| F|  |TAMS 0x000000061f000000, 0x000000061f000000| Untracked 
| 831|0x000000061f800000, 0x000000061f800000, 0x0000000620000000|  0%| F|  |TAMS 0x000000061f800000, 0x000000061f800000| Untracked 
| 832|0x0000000620000000, 0x0000000620000000, 0x0000000620800000|  0%| F|  |TAMS 0x0000000620000000, 0x0000000620000000| Untracked 
| 833|0x0000000620800000, 0x0000000620800000, 0x0000000621000000|  0%| F|  |TAMS 0x0000000620800000, 0x0000000620800000| Untracked 
| 834|0x0000000621000000, 0x0000000621000000, 0x0000000621800000|  0%| F|  |TAMS 0x0000000621000000, 0x0000000621000000| Untracked 
| 835|0x0000000621800000, 0x0000000621800000, 0x0000000622000000|  0%| F|  |TAMS 0x0000000621800000, 0x0000000621800000| Untracked 
| 836|0x0000000622000000, 0x0000000622000000, 0x0000000622800000|  0%| F|  |TAMS 0x0000000622000000, 0x0000000622000000| Untracked 
| 837|0x0000000622800000, 0x0000000622800000, 0x0000000623000000|  0%| F|  |TAMS 0x0000000622800000, 0x0000000622800000| Untracked 
| 838|0x0000000623000000, 0x0000000623000000, 0x0000000623800000|  0%| F|  |TAMS 0x0000000623000000, 0x0000000623000000| Untracked 
| 839|0x0000000623800000, 0x0000000623800000, 0x0000000624000000|  0%| F|  |TAMS 0x0000000623800000, 0x0000000623800000| Untracked 
| 840|0x0000000624000000, 0x0000000624000000, 0x0000000624800000|  0%| F|  |TAMS 0x0000000624000000, 0x0000000624000000| Untracked 
| 841|0x0000000624800000, 0x0000000624800000, 0x0000000625000000|  0%| F|  |TAMS 0x0000000624800000, 0x0000000624800000| Untracked 
| 842|0x0000000625000000, 0x0000000625000000, 0x0000000625800000|  0%| F|  |TAMS 0x0000000625000000, 0x0000000625000000| Untracked 
| 843|0x0000000625800000, 0x0000000625800000, 0x0000000626000000|  0%| F|  |TAMS 0x0000000625800000, 0x0000000625800000| Untracked 
| 844|0x0000000626000000, 0x0000000626000000, 0x0000000626800000|  0%| F|  |TAMS 0x0000000626000000, 0x0000000626000000| Untracked 
| 845|0x0000000626800000, 0x0000000626800000, 0x0000000627000000|  0%| F|  |TAMS 0x0000000626800000, 0x0000000626800000| Untracked 
| 846|0x0000000627000000, 0x0000000627000000, 0x0000000627800000|  0%| F|  |TAMS 0x0000000627000000, 0x0000000627000000| Untracked 
| 847|0x0000000627800000, 0x0000000627800000, 0x0000000628000000|  0%| F|  |TAMS 0x0000000627800000, 0x0000000627800000| Untracked 
| 848|0x0000000628000000, 0x0000000628000000, 0x0000000628800000|  0%| F|  |TAMS 0x0000000628000000, 0x0000000628000000| Untracked 
| 849|0x0000000628800000, 0x0000000628800000, 0x0000000629000000|  0%| F|  |TAMS 0x0000000628800000, 0x0000000628800000| Untracked 
| 850|0x0000000629000000, 0x0000000629000000, 0x0000000629800000|  0%| F|  |TAMS 0x0000000629000000, 0x0000000629000000| Untracked 
| 851|0x0000000629800000, 0x0000000629800000, 0x000000062a000000|  0%| F|  |TAMS 0x0000000629800000, 0x0000000629800000| Untracked 
| 852|0x000000062a000000, 0x000000062a000000, 0x000000062a800000|  0%| F|  |TAMS 0x000000062a000000, 0x000000062a000000| Untracked 
| 853|0x000000062a800000, 0x000000062a800000, 0x000000062b000000|  0%| F|  |TAMS 0x000000062a800000, 0x000000062a800000| Untracked 
| 854|0x000000062b000000, 0x000000062b000000, 0x000000062b800000|  0%| F|  |TAMS 0x000000062b000000, 0x000000062b000000| Untracked 
| 855|0x000000062b800000, 0x000000062b800000, 0x000000062c000000|  0%| F|  |TAMS 0x000000062b800000, 0x000000062b800000| Untracked 
| 856|0x000000062c000000, 0x000000062c000000, 0x000000062c800000|  0%| F|  |TAMS 0x000000062c000000, 0x000000062c000000| Untracked 
| 857|0x000000062c800000, 0x000000062c800000, 0x000000062d000000|  0%| F|  |TAMS 0x000000062c800000, 0x000000062c800000| Untracked 
| 858|0x000000062d000000, 0x000000062d000000, 0x000000062d800000|  0%| F|  |TAMS 0x000000062d000000, 0x000000062d000000| Untracked 
| 859|0x000000062d800000, 0x000000062d800000, 0x000000062e000000|  0%| F|  |TAMS 0x000000062d800000, 0x000000062d800000| Untracked 
| 860|0x000000062e000000, 0x000000062e000000, 0x000000062e800000|  0%| F|  |TAMS 0x000000062e000000, 0x000000062e000000| Untracked 
| 861|0x000000062e800000, 0x000000062e800000, 0x000000062f000000|  0%| F|  |TAMS 0x000000062e800000, 0x000000062e800000| Untracked 
| 862|0x000000062f000000, 0x000000062f000000, 0x000000062f800000|  0%| F|  |TAMS 0x000000062f000000, 0x000000062f000000| Untracked 
| 863|0x000000062f800000, 0x000000062f800000, 0x0000000630000000|  0%| F|  |TAMS 0x000000062f800000, 0x000000062f800000| Untracked 
| 864|0x0000000630000000, 0x0000000630000000, 0x0000000630800000|  0%| F|  |TAMS 0x0000000630000000, 0x0000000630000000| Untracked 
| 865|0x0000000630800000, 0x0000000630800000, 0x0000000631000000|  0%| F|  |TAMS 0x0000000630800000, 0x0000000630800000| Untracked 
| 866|0x0000000631000000, 0x0000000631000000, 0x0000000631800000|  0%| F|  |TAMS 0x0000000631000000, 0x0000000631000000| Untracked 
| 867|0x0000000631800000, 0x0000000631800000, 0x0000000632000000|  0%| F|  |TAMS 0x0000000631800000, 0x0000000631800000| Untracked 
| 868|0x0000000632000000, 0x0000000632000000, 0x0000000632800000|  0%| F|  |TAMS 0x0000000632000000, 0x0000000632000000| Untracked 
| 869|0x0000000632800000, 0x0000000632800000, 0x0000000633000000|  0%| F|  |TAMS 0x0000000632800000, 0x0000000632800000| Untracked 
| 870|0x0000000633000000, 0x0000000633000000, 0x0000000633800000|  0%| F|  |TAMS 0x0000000633000000, 0x0000000633000000| Untracked 
| 871|0x0000000633800000, 0x0000000633800000, 0x0000000634000000|  0%| F|  |TAMS 0x0000000633800000, 0x0000000633800000| Untracked 
| 872|0x0000000634000000, 0x0000000634000000, 0x0000000634800000|  0%| F|  |TAMS 0x0000000634000000, 0x0000000634000000| Untracked 
| 873|0x0000000634800000, 0x0000000634800000, 0x0000000635000000|  0%| F|  |TAMS 0x0000000634800000, 0x0000000634800000| Untracked 
| 874|0x0000000635000000, 0x0000000635000000, 0x0000000635800000|  0%| F|  |TAMS 0x0000000635000000, 0x0000000635000000| Untracked 
| 875|0x0000000635800000, 0x0000000635800000, 0x0000000636000000|  0%| F|  |TAMS 0x0000000635800000, 0x0000000635800000| Untracked 
| 876|0x0000000636000000, 0x0000000636000000, 0x0000000636800000|  0%| F|  |TAMS 0x0000000636000000, 0x0000000636000000| Untracked 
| 877|0x0000000636800000, 0x0000000636800000, 0x0000000637000000|  0%| F|  |TAMS 0x0000000636800000, 0x0000000636800000| Untracked 
| 878|0x0000000637000000, 0x0000000637000000, 0x0000000637800000|  0%| F|  |TAMS 0x0000000637000000, 0x0000000637000000| Untracked 
| 879|0x0000000637800000, 0x0000000637800000, 0x0000000638000000|  0%| F|  |TAMS 0x0000000637800000, 0x0000000637800000| Untracked 
| 880|0x0000000638000000, 0x0000000638000000, 0x0000000638800000|  0%| F|  |TAMS 0x0000000638000000, 0x0000000638000000| Untracked 
| 881|0x0000000638800000, 0x0000000638800000, 0x0000000639000000|  0%| F|  |TAMS 0x0000000638800000, 0x0000000638800000| Untracked 
| 882|0x0000000639000000, 0x0000000639000000, 0x0000000639800000|  0%| F|  |TAMS 0x0000000639000000, 0x0000000639000000| Untracked 
| 883|0x0000000639800000, 0x0000000639800000, 0x000000063a000000|  0%| F|  |TAMS 0x0000000639800000, 0x0000000639800000| Untracked 
| 884|0x000000063a000000, 0x000000063a000000, 0x000000063a800000|  0%| F|  |TAMS 0x000000063a000000, 0x000000063a000000| Untracked 
| 885|0x000000063a800000, 0x000000063a800000, 0x000000063b000000|  0%| F|  |TAMS 0x000000063a800000, 0x000000063a800000| Untracked 
| 886|0x000000063b000000, 0x000000063b000000, 0x000000063b800000|  0%| F|  |TAMS 0x000000063b000000, 0x000000063b000000| Untracked 
| 887|0x000000063b800000, 0x000000063b800000, 0x000000063c000000|  0%| F|  |TAMS 0x000000063b800000, 0x000000063b800000| Untracked 
| 888|0x000000063c000000, 0x000000063c000000, 0x000000063c800000|  0%| F|  |TAMS 0x000000063c000000, 0x000000063c000000| Untracked 
| 889|0x000000063c800000, 0x000000063c800000, 0x000000063d000000|  0%| F|  |TAMS 0x000000063c800000, 0x000000063c800000| Untracked 
| 890|0x000000063d000000, 0x000000063d000000, 0x000000063d800000|  0%| F|  |TAMS 0x000000063d000000, 0x000000063d000000| Untracked 
| 891|0x000000063d800000, 0x000000063d800000, 0x000000063e000000|  0%| F|  |TAMS 0x000000063d800000, 0x000000063d800000| Untracked 
| 892|0x000000063e000000, 0x000000063e000000, 0x000000063e800000|  0%| F|  |TAMS 0x000000063e000000, 0x000000063e000000| Untracked 
| 893|0x000000063e800000, 0x000000063e800000, 0x000000063f000000|  0%| F|  |TAMS 0x000000063e800000, 0x000000063e800000| Untracked 
| 894|0x000000063f000000, 0x000000063f000000, 0x000000063f800000|  0%| F|  |TAMS 0x000000063f000000, 0x000000063f000000| Untracked 
| 895|0x000000063f800000, 0x000000063f800000, 0x0000000640000000|  0%| F|  |TAMS 0x000000063f800000, 0x000000063f800000| Untracked 
| 896|0x0000000640000000, 0x0000000640000000, 0x0000000640800000|  0%| F|  |TAMS 0x0000000640000000, 0x0000000640000000| Untracked 
| 897|0x0000000640800000, 0x0000000640800000, 0x0000000641000000|  0%| F|  |TAMS 0x0000000640800000, 0x0000000640800000| Untracked 
| 898|0x0000000641000000, 0x0000000641000000, 0x0000000641800000|  0%| F|  |TAMS 0x0000000641000000, 0x0000000641000000| Untracked 
| 899|0x0000000641800000, 0x0000000641800000, 0x0000000642000000|  0%| F|  |TAMS 0x0000000641800000, 0x0000000641800000| Untracked 
| 900|0x0000000642000000, 0x0000000642000000, 0x0000000642800000|  0%| F|  |TAMS 0x0000000642000000, 0x0000000642000000| Untracked 
| 901|0x0000000642800000, 0x0000000642800000, 0x0000000643000000|  0%| F|  |TAMS 0x0000000642800000, 0x0000000642800000| Untracked 
| 902|0x0000000643000000, 0x0000000643000000, 0x0000000643800000|  0%| F|  |TAMS 0x0000000643000000, 0x0000000643000000| Untracked 
| 903|0x0000000643800000, 0x0000000643800000, 0x0000000644000000|  0%| F|  |TAMS 0x0000000643800000, 0x0000000643800000| Untracked 
| 904|0x0000000644000000, 0x0000000644000000, 0x0000000644800000|  0%| F|  |TAMS 0x0000000644000000, 0x0000000644000000| Untracked 
| 905|0x0000000644800000, 0x0000000644800000, 0x0000000645000000|  0%| F|  |TAMS 0x0000000644800000, 0x0000000644800000| Untracked 
| 906|0x0000000645000000, 0x0000000645000000, 0x0000000645800000|  0%| F|  |TAMS 0x0000000645000000, 0x0000000645000000| Untracked 
| 907|0x0000000645800000, 0x0000000645800000, 0x0000000646000000|  0%| F|  |TAMS 0x0000000645800000, 0x0000000645800000| Untracked 
| 908|0x0000000646000000, 0x0000000646000000, 0x0000000646800000|  0%| F|  |TAMS 0x0000000646000000, 0x0000000646000000| Untracked 
| 909|0x0000000646800000, 0x0000000646800000, 0x0000000647000000|  0%| F|  |TAMS 0x0000000646800000, 0x0000000646800000| Untracked 
| 910|0x0000000647000000, 0x0000000647000000, 0x0000000647800000|  0%| F|  |TAMS 0x0000000647000000, 0x0000000647000000| Untracked 
| 911|0x0000000647800000, 0x0000000647800000, 0x0000000648000000|  0%| F|  |TAMS 0x0000000647800000, 0x0000000647800000| Untracked 
| 912|0x0000000648000000, 0x0000000648000000, 0x0000000648800000|  0%| F|  |TAMS 0x0000000648000000, 0x0000000648000000| Untracked 
| 913|0x0000000648800000, 0x0000000648800000, 0x0000000649000000|  0%| F|  |TAMS 0x0000000648800000, 0x0000000648800000| Untracked 
| 914|0x0000000649000000, 0x0000000649000000, 0x0000000649800000|  0%| F|  |TAMS 0x0000000649000000, 0x0000000649000000| Untracked 
| 915|0x0000000649800000, 0x0000000649800000, 0x000000064a000000|  0%| F|  |TAMS 0x0000000649800000, 0x0000000649800000| Untracked 
| 916|0x000000064a000000, 0x000000064a000000, 0x000000064a800000|  0%| F|  |TAMS 0x000000064a000000, 0x000000064a000000| Untracked 
| 917|0x000000064a800000, 0x000000064a800000, 0x000000064b000000|  0%| F|  |TAMS 0x000000064a800000, 0x000000064a800000| Untracked 
| 918|0x000000064b000000, 0x000000064b000000, 0x000000064b800000|  0%| F|  |TAMS 0x000000064b000000, 0x000000064b000000| Untracked 
| 919|0x000000064b800000, 0x000000064b800000, 0x000000064c000000|  0%| F|  |TAMS 0x000000064b800000, 0x000000064b800000| Untracked 
| 920|0x000000064c000000, 0x000000064c000000, 0x000000064c800000|  0%| F|  |TAMS 0x000000064c000000, 0x000000064c000000| Untracked 
| 921|0x000000064c800000, 0x000000064c800000, 0x000000064d000000|  0%| F|  |TAMS 0x000000064c800000, 0x000000064c800000| Untracked 
| 922|0x000000064d000000, 0x000000064d000000, 0x000000064d800000|  0%| F|  |TAMS 0x000000064d000000, 0x000000064d000000| Untracked 
| 923|0x000000064d800000, 0x000000064d800000, 0x000000064e000000|  0%| F|  |TAMS 0x000000064d800000, 0x000000064d800000| Untracked 
| 924|0x000000064e000000, 0x000000064e000000, 0x000000064e800000|  0%| F|  |TAMS 0x000000064e000000, 0x000000064e000000| Untracked 
| 925|0x000000064e800000, 0x000000064e800000, 0x000000064f000000|  0%| F|  |TAMS 0x000000064e800000, 0x000000064e800000| Untracked 
| 926|0x000000064f000000, 0x000000064f000000, 0x000000064f800000|  0%| F|  |TAMS 0x000000064f000000, 0x000000064f000000| Untracked 
| 927|0x000000064f800000, 0x000000064f800000, 0x0000000650000000|  0%| F|  |TAMS 0x000000064f800000, 0x000000064f800000| Untracked 
| 928|0x0000000650000000, 0x0000000650000000, 0x0000000650800000|  0%| F|  |TAMS 0x0000000650000000, 0x0000000650000000| Untracked 
| 929|0x0000000650800000, 0x0000000650800000, 0x0000000651000000|  0%| F|  |TAMS 0x0000000650800000, 0x0000000650800000| Untracked 
| 930|0x0000000651000000, 0x0000000651000000, 0x0000000651800000|  0%| F|  |TAMS 0x0000000651000000, 0x0000000651000000| Untracked 
| 931|0x0000000651800000, 0x0000000651800000, 0x0000000652000000|  0%| F|  |TAMS 0x0000000651800000, 0x0000000651800000| Untracked 
| 932|0x0000000652000000, 0x0000000652000000, 0x0000000652800000|  0%| F|  |TAMS 0x0000000652000000, 0x0000000652000000| Untracked 
| 933|0x0000000652800000, 0x0000000652800000, 0x0000000653000000|  0%| F|  |TAMS 0x0000000652800000, 0x0000000652800000| Untracked 
| 934|0x0000000653000000, 0x0000000653000000, 0x0000000653800000|  0%| F|  |TAMS 0x0000000653000000, 0x0000000653000000| Untracked 
| 935|0x0000000653800000, 0x0000000653800000, 0x0000000654000000|  0%| F|  |TAMS 0x0000000653800000, 0x0000000653800000| Untracked 
| 936|0x0000000654000000, 0x0000000654000000, 0x0000000654800000|  0%| F|  |TAMS 0x0000000654000000, 0x0000000654000000| Untracked 
| 937|0x0000000654800000, 0x0000000654800000, 0x0000000655000000|  0%| F|  |TAMS 0x0000000654800000, 0x0000000654800000| Untracked 
| 938|0x0000000655000000, 0x0000000655000000, 0x0000000655800000|  0%| F|  |TAMS 0x0000000655000000, 0x0000000655000000| Untracked 
| 939|0x0000000655800000, 0x0000000655800000, 0x0000000656000000|  0%| F|  |TAMS 0x0000000655800000, 0x0000000655800000| Untracked 
| 940|0x0000000656000000, 0x0000000656000000, 0x0000000656800000|  0%| F|  |TAMS 0x0000000656000000, 0x0000000656000000| Untracked 
| 941|0x0000000656800000, 0x0000000656800000, 0x0000000657000000|  0%| F|  |TAMS 0x0000000656800000, 0x0000000656800000| Untracked 
| 942|0x0000000657000000, 0x0000000657000000, 0x0000000657800000|  0%| F|  |TAMS 0x0000000657000000, 0x0000000657000000| Untracked 
| 943|0x0000000657800000, 0x0000000657800000, 0x0000000658000000|  0%| F|  |TAMS 0x0000000657800000, 0x0000000657800000| Untracked 
| 944|0x0000000658000000, 0x0000000658000000, 0x0000000658800000|  0%| F|  |TAMS 0x0000000658000000, 0x0000000658000000| Untracked 
| 945|0x0000000658800000, 0x0000000658800000, 0x0000000659000000|  0%| F|  |TAMS 0x0000000658800000, 0x0000000658800000| Untracked 
| 946|0x0000000659000000, 0x0000000659000000, 0x0000000659800000|  0%| F|  |TAMS 0x0000000659000000, 0x0000000659000000| Untracked 
| 947|0x0000000659800000, 0x0000000659800000, 0x000000065a000000|  0%| F|  |TAMS 0x0000000659800000, 0x0000000659800000| Untracked 
| 948|0x000000065a000000, 0x000000065a000000, 0x000000065a800000|  0%| F|  |TAMS 0x000000065a000000, 0x000000065a000000| Untracked 
| 949|0x000000065a800000, 0x000000065a800000, 0x000000065b000000|  0%| F|  |TAMS 0x000000065a800000, 0x000000065a800000| Untracked 
| 950|0x000000065b000000, 0x000000065b000000, 0x000000065b800000|  0%| F|  |TAMS 0x000000065b000000, 0x000000065b000000| Untracked 
| 951|0x000000065b800000, 0x000000065b800000, 0x000000065c000000|  0%| F|  |TAMS 0x000000065b800000, 0x000000065b800000| Untracked 
| 952|0x000000065c000000, 0x000000065c000000, 0x000000065c800000|  0%| F|  |TAMS 0x000000065c000000, 0x000000065c000000| Untracked 
| 953|0x000000065c800000, 0x000000065c800000, 0x000000065d000000|  0%| F|  |TAMS 0x000000065c800000, 0x000000065c800000| Untracked 
| 954|0x000000065d000000, 0x000000065d000000, 0x000000065d800000|  0%| F|  |TAMS 0x000000065d000000, 0x000000065d000000| Untracked 
| 955|0x000000065d800000, 0x000000065d800000, 0x000000065e000000|  0%| F|  |TAMS 0x000000065d800000, 0x000000065d800000| Untracked 
| 956|0x000000065e000000, 0x000000065e000000, 0x000000065e800000|  0%| F|  |TAMS 0x000000065e000000, 0x000000065e000000| Untracked 
| 957|0x000000065e800000, 0x000000065e800000, 0x000000065f000000|  0%| F|  |TAMS 0x000000065e800000, 0x000000065e800000| Untracked 
| 958|0x000000065f000000, 0x000000065f000000, 0x000000065f800000|  0%| F|  |TAMS 0x000000065f000000, 0x000000065f000000| Untracked 
| 959|0x000000065f800000, 0x000000065f800000, 0x0000000660000000|  0%| F|  |TAMS 0x000000065f800000, 0x000000065f800000| Untracked 
| 960|0x0000000660000000, 0x0000000660000000, 0x0000000660800000|  0%| F|  |TAMS 0x0000000660000000, 0x0000000660000000| Untracked 
| 961|0x0000000660800000, 0x0000000660800000, 0x0000000661000000|  0%| F|  |TAMS 0x0000000660800000, 0x0000000660800000| Untracked 
| 962|0x0000000661000000, 0x0000000661000000, 0x0000000661800000|  0%| F|  |TAMS 0x0000000661000000, 0x0000000661000000| Untracked 
| 963|0x0000000661800000, 0x0000000661800000, 0x0000000662000000|  0%| F|  |TAMS 0x0000000661800000, 0x0000000661800000| Untracked 
| 964|0x0000000662000000, 0x0000000662000000, 0x0000000662800000|  0%| F|  |TAMS 0x0000000662000000, 0x0000000662000000| Untracked 
| 965|0x0000000662800000, 0x0000000662800000, 0x0000000663000000|  0%| F|  |TAMS 0x0000000662800000, 0x0000000662800000| Untracked 
| 966|0x0000000663000000, 0x0000000663000000, 0x0000000663800000|  0%| F|  |TAMS 0x0000000663000000, 0x0000000663000000| Untracked 
| 967|0x0000000663800000, 0x0000000663800000, 0x0000000664000000|  0%| F|  |TAMS 0x0000000663800000, 0x0000000663800000| Untracked 
| 968|0x0000000664000000, 0x0000000664000000, 0x0000000664800000|  0%| F|  |TAMS 0x0000000664000000, 0x0000000664000000| Untracked 
| 969|0x0000000664800000, 0x0000000664800000, 0x0000000665000000|  0%| F|  |TAMS 0x0000000664800000, 0x0000000664800000| Untracked 
| 970|0x0000000665000000, 0x0000000665000000, 0x0000000665800000|  0%| F|  |TAMS 0x0000000665000000, 0x0000000665000000| Untracked 
| 971|0x0000000665800000, 0x0000000665800000, 0x0000000666000000|  0%| F|  |TAMS 0x0000000665800000, 0x0000000665800000| Untracked 
| 972|0x0000000666000000, 0x0000000666000000, 0x0000000666800000|  0%| F|  |TAMS 0x0000000666000000, 0x0000000666000000| Untracked 
| 973|0x0000000666800000, 0x0000000666800000, 0x0000000667000000|  0%| F|  |TAMS 0x0000000666800000, 0x0000000666800000| Untracked 
| 974|0x0000000667000000, 0x0000000667000000, 0x0000000667800000|  0%| F|  |TAMS 0x0000000667000000, 0x0000000667000000| Untracked 
| 975|0x0000000667800000, 0x0000000667800000, 0x0000000668000000|  0%| F|  |TAMS 0x0000000667800000, 0x0000000667800000| Untracked 
| 976|0x0000000668000000, 0x0000000668000000, 0x0000000668800000|  0%| F|  |TAMS 0x0000000668000000, 0x0000000668000000| Untracked 
| 977|0x0000000668800000, 0x0000000668800000, 0x0000000669000000|  0%| F|  |TAMS 0x0000000668800000, 0x0000000668800000| Untracked 
| 978|0x0000000669000000, 0x0000000669000000, 0x0000000669800000|  0%| F|  |TAMS 0x0000000669000000, 0x0000000669000000| Untracked 
| 979|0x0000000669800000, 0x0000000669800000, 0x000000066a000000|  0%| F|  |TAMS 0x0000000669800000, 0x0000000669800000| Untracked 
| 980|0x000000066a000000, 0x000000066a000000, 0x000000066a800000|  0%| F|  |TAMS 0x000000066a000000, 0x000000066a000000| Untracked 
| 981|0x000000066a800000, 0x000000066a800000, 0x000000066b000000|  0%| F|  |TAMS 0x000000066a800000, 0x000000066a800000| Untracked 
| 982|0x000000066b000000, 0x000000066b000000, 0x000000066b800000|  0%| F|  |TAMS 0x000000066b000000, 0x000000066b000000| Untracked 
| 983|0x000000066b800000, 0x000000066b800000, 0x000000066c000000|  0%| F|  |TAMS 0x000000066b800000, 0x000000066b800000| Untracked 
| 984|0x000000066c000000, 0x000000066c000000, 0x000000066c800000|  0%| F|  |TAMS 0x000000066c000000, 0x000000066c000000| Untracked 
| 985|0x000000066c800000, 0x000000066c800000, 0x000000066d000000|  0%| F|  |TAMS 0x000000066c800000, 0x000000066c800000| Untracked 
| 986|0x000000066d000000, 0x000000066d000000, 0x000000066d800000|  0%| F|  |TAMS 0x000000066d000000, 0x000000066d000000| Untracked 
| 987|0x000000066d800000, 0x000000066d800000, 0x000000066e000000|  0%| F|  |TAMS 0x000000066d800000, 0x000000066d800000| Untracked 
| 988|0x000000066e000000, 0x000000066e000000, 0x000000066e800000|  0%| F|  |TAMS 0x000000066e000000, 0x000000066e000000| Untracked 
| 989|0x000000066e800000, 0x000000066e800000, 0x000000066f000000|  0%| F|  |TAMS 0x000000066e800000, 0x000000066e800000| Untracked 
| 990|0x000000066f000000, 0x000000066f000000, 0x000000066f800000|  0%| F|  |TAMS 0x000000066f000000, 0x000000066f000000| Untracked 
| 991|0x000000066f800000, 0x000000066f800000, 0x0000000670000000|  0%| F|  |TAMS 0x000000066f800000, 0x000000066f800000| Untracked 
| 992|0x0000000670000000, 0x0000000670000000, 0x0000000670800000|  0%| F|  |TAMS 0x0000000670000000, 0x0000000670000000| Untracked 
| 993|0x0000000670800000, 0x0000000670800000, 0x0000000671000000|  0%| F|  |TAMS 0x0000000670800000, 0x0000000670800000| Untracked 
| 994|0x0000000671000000, 0x0000000671000000, 0x0000000671800000|  0%| F|  |TAMS 0x0000000671000000, 0x0000000671000000| Untracked 
| 995|0x0000000671800000, 0x0000000671800000, 0x0000000672000000|  0%| F|  |TAMS 0x0000000671800000, 0x0000000671800000| Untracked 
| 996|0x0000000672000000, 0x0000000672000000, 0x0000000672800000|  0%| F|  |TAMS 0x0000000672000000, 0x0000000672000000| Untracked 
| 997|0x0000000672800000, 0x0000000672800000, 0x0000000673000000|  0%| F|  |TAMS 0x0000000672800000, 0x0000000672800000| Untracked 
| 998|0x0000000673000000, 0x0000000673000000, 0x0000000673800000|  0%| F|  |TAMS 0x0000000673000000, 0x0000000673000000| Untracked 
| 999|0x0000000673800000, 0x0000000673800000, 0x0000000674000000|  0%| F|  |TAMS 0x0000000673800000, 0x0000000673800000| Untracked 
|1000|0x0000000674000000, 0x0000000674000000, 0x0000000674800000|  0%| F|  |TAMS 0x0000000674000000, 0x0000000674000000| Untracked 
|1001|0x0000000674800000, 0x0000000674800000, 0x0000000675000000|  0%| F|  |TAMS 0x0000000674800000, 0x0000000674800000| Untracked 
|1002|0x0000000675000000, 0x0000000675000000, 0x0000000675800000|  0%| F|  |TAMS 0x0000000675000000, 0x0000000675000000| Untracked 
|1003|0x0000000675800000, 0x0000000675800000, 0x0000000676000000|  0%| F|  |TAMS 0x0000000675800000, 0x0000000675800000| Untracked 
|1004|0x0000000676000000, 0x0000000676000000, 0x0000000676800000|  0%| F|  |TAMS 0x0000000676000000, 0x0000000676000000| Untracked 
|1005|0x0000000676800000, 0x0000000676800000, 0x0000000677000000|  0%| F|  |TAMS 0x0000000676800000, 0x0000000676800000| Untracked 
|1006|0x0000000677000000, 0x0000000677000000, 0x0000000677800000|  0%| F|  |TAMS 0x0000000677000000, 0x0000000677000000| Untracked 
|1007|0x0000000677800000, 0x0000000677800000, 0x0000000678000000|  0%| F|  |TAMS 0x0000000677800000, 0x0000000677800000| Untracked 
|1008|0x0000000678000000, 0x0000000678000000, 0x0000000678800000|  0%| F|  |TAMS 0x0000000678000000, 0x0000000678000000| Untracked 
|1009|0x0000000678800000, 0x0000000678800000, 0x0000000679000000|  0%| F|  |TAMS 0x0000000678800000, 0x0000000678800000| Untracked 
|1010|0x0000000679000000, 0x0000000679000000, 0x0000000679800000|  0%| F|  |TAMS 0x0000000679000000, 0x0000000679000000| Untracked 
|1011|0x0000000679800000, 0x0000000679800000, 0x000000067a000000|  0%| F|  |TAMS 0x0000000679800000, 0x0000000679800000| Untracked 
|1012|0x000000067a000000, 0x000000067a000000, 0x000000067a800000|  0%| F|  |TAMS 0x000000067a000000, 0x000000067a000000| Untracked 
|1013|0x000000067a800000, 0x000000067a800000, 0x000000067b000000|  0%| F|  |TAMS 0x000000067a800000, 0x000000067a800000| Untracked 
|1014|0x000000067b000000, 0x000000067b000000, 0x000000067b800000|  0%| F|  |TAMS 0x000000067b000000, 0x000000067b000000| Untracked 
|1015|0x000000067b800000, 0x000000067b800000, 0x000000067c000000|  0%| F|  |TAMS 0x000000067b800000, 0x000000067b800000| Untracked 
|1016|0x000000067c000000, 0x000000067c000000, 0x000000067c800000|  0%| F|  |TAMS 0x000000067c000000, 0x000000067c000000| Untracked 
|1017|0x000000067c800000, 0x000000067c800000, 0x000000067d000000|  0%| F|  |TAMS 0x000000067c800000, 0x000000067c800000| Untracked 
|1018|0x000000067d000000, 0x000000067d000000, 0x000000067d800000|  0%| F|  |TAMS 0x000000067d000000, 0x000000067d000000| Untracked 
|1019|0x000000067d800000, 0x000000067d800000, 0x000000067e000000|  0%| F|  |TAMS 0x000000067d800000, 0x000000067d800000| Untracked 
|1020|0x000000067e000000, 0x000000067e000000, 0x000000067e800000|  0%| F|  |TAMS 0x000000067e000000, 0x000000067e000000| Untracked 
|1021|0x000000067e800000, 0x000000067e800000, 0x000000067f000000|  0%| F|  |TAMS 0x000000067e800000, 0x000000067e800000| Untracked 
|1022|0x000000067f000000, 0x000000067f000000, 0x000000067f800000|  0%| F|  |TAMS 0x000000067f000000, 0x000000067f000000| Untracked 
|1023|0x000000067f800000, 0x000000067f800000, 0x0000000680000000|  0%| F|  |TAMS 0x000000067f800000, 0x000000067f800000| Untracked 
|1024|0x0000000680000000, 0x0000000680000000, 0x0000000680800000|  0%| F|  |TAMS 0x0000000680000000, 0x0000000680000000| Untracked 
|1025|0x0000000680800000, 0x0000000680800000, 0x0000000681000000|  0%| F|  |TAMS 0x0000000680800000, 0x0000000680800000| Untracked 
|1026|0x0000000681000000, 0x0000000681000000, 0x0000000681800000|  0%| F|  |TAMS 0x0000000681000000, 0x0000000681000000| Untracked 
|1027|0x0000000681800000, 0x0000000681800000, 0x0000000682000000|  0%| F|  |TAMS 0x0000000681800000, 0x0000000681800000| Untracked 
|1028|0x0000000682000000, 0x0000000682000000, 0x0000000682800000|  0%| F|  |TAMS 0x0000000682000000, 0x0000000682000000| Untracked 
|1029|0x0000000682800000, 0x0000000682800000, 0x0000000683000000|  0%| F|  |TAMS 0x0000000682800000, 0x0000000682800000| Untracked 
|1030|0x0000000683000000, 0x0000000683000000, 0x0000000683800000|  0%| F|  |TAMS 0x0000000683000000, 0x0000000683000000| Untracked 
|1031|0x0000000683800000, 0x0000000683800000, 0x0000000684000000|  0%| F|  |TAMS 0x0000000683800000, 0x0000000683800000| Untracked 
|1032|0x0000000684000000, 0x0000000684000000, 0x0000000684800000|  0%| F|  |TAMS 0x0000000684000000, 0x0000000684000000| Untracked 
|1033|0x0000000684800000, 0x0000000684800000, 0x0000000685000000|  0%| F|  |TAMS 0x0000000684800000, 0x0000000684800000| Untracked 
|1034|0x0000000685000000, 0x0000000685000000, 0x0000000685800000|  0%| F|  |TAMS 0x0000000685000000, 0x0000000685000000| Untracked 
|1035|0x0000000685800000, 0x0000000685800000, 0x0000000686000000|  0%| F|  |TAMS 0x0000000685800000, 0x0000000685800000| Untracked 
|1036|0x0000000686000000, 0x0000000686000000, 0x0000000686800000|  0%| F|  |TAMS 0x0000000686000000, 0x0000000686000000| Untracked 
|1037|0x0000000686800000, 0x0000000686800000, 0x0000000687000000|  0%| F|  |TAMS 0x0000000686800000, 0x0000000686800000| Untracked 
|1038|0x0000000687000000, 0x0000000687000000, 0x0000000687800000|  0%| F|  |TAMS 0x0000000687000000, 0x0000000687000000| Untracked 
|1039|0x0000000687800000, 0x0000000687800000, 0x0000000688000000|  0%| F|  |TAMS 0x0000000687800000, 0x0000000687800000| Untracked 
|1040|0x0000000688000000, 0x0000000688000000, 0x0000000688800000|  0%| F|  |TAMS 0x0000000688000000, 0x0000000688000000| Untracked 
|1041|0x0000000688800000, 0x0000000688800000, 0x0000000689000000|  0%| F|  |TAMS 0x0000000688800000, 0x0000000688800000| Untracked 
|1042|0x0000000689000000, 0x0000000689000000, 0x0000000689800000|  0%| F|  |TAMS 0x0000000689000000, 0x0000000689000000| Untracked 
|1043|0x0000000689800000, 0x0000000689800000, 0x000000068a000000|  0%| F|  |TAMS 0x0000000689800000, 0x0000000689800000| Untracked 
|1044|0x000000068a000000, 0x000000068a000000, 0x000000068a800000|  0%| F|  |TAMS 0x000000068a000000, 0x000000068a000000| Untracked 
|1045|0x000000068a800000, 0x000000068a800000, 0x000000068b000000|  0%| F|  |TAMS 0x000000068a800000, 0x000000068a800000| Untracked 
|1046|0x000000068b000000, 0x000000068b000000, 0x000000068b800000|  0%| F|  |TAMS 0x000000068b000000, 0x000000068b000000| Untracked 
|1047|0x000000068b800000, 0x000000068b800000, 0x000000068c000000|  0%| F|  |TAMS 0x000000068b800000, 0x000000068b800000| Untracked 
|1048|0x000000068c000000, 0x000000068c000000, 0x000000068c800000|  0%| F|  |TAMS 0x000000068c000000, 0x000000068c000000| Untracked 
|1049|0x000000068c800000, 0x000000068c800000, 0x000000068d000000|  0%| F|  |TAMS 0x000000068c800000, 0x000000068c800000| Untracked 
|1050|0x000000068d000000, 0x000000068d000000, 0x000000068d800000|  0%| F|  |TAMS 0x000000068d000000, 0x000000068d000000| Untracked 
|1051|0x000000068d800000, 0x000000068d800000, 0x000000068e000000|  0%| F|  |TAMS 0x000000068d800000, 0x000000068d800000| Untracked 
|1052|0x000000068e000000, 0x000000068e000000, 0x000000068e800000|  0%| F|  |TAMS 0x000000068e000000, 0x000000068e000000| Untracked 
|1053|0x000000068e800000, 0x000000068e800000, 0x000000068f000000|  0%| F|  |TAMS 0x000000068e800000, 0x000000068e800000| Untracked 
|1054|0x000000068f000000, 0x000000068f000000, 0x000000068f800000|  0%| F|  |TAMS 0x000000068f000000, 0x000000068f000000| Untracked 
|1055|0x000000068f800000, 0x000000068f800000, 0x0000000690000000|  0%| F|  |TAMS 0x000000068f800000, 0x000000068f800000| Untracked 
|1056|0x0000000690000000, 0x0000000690000000, 0x0000000690800000|  0%| F|  |TAMS 0x0000000690000000, 0x0000000690000000| Untracked 
|1057|0x0000000690800000, 0x0000000690800000, 0x0000000691000000|  0%| F|  |TAMS 0x0000000690800000, 0x0000000690800000| Untracked 
|1058|0x0000000691000000, 0x0000000691000000, 0x0000000691800000|  0%| F|  |TAMS 0x0000000691000000, 0x0000000691000000| Untracked 
|1059|0x0000000691800000, 0x0000000691800000, 0x0000000692000000|  0%| F|  |TAMS 0x0000000691800000, 0x0000000691800000| Untracked 
|1060|0x0000000692000000, 0x0000000692000000, 0x0000000692800000|  0%| F|  |TAMS 0x0000000692000000, 0x0000000692000000| Untracked 
|1061|0x0000000692800000, 0x0000000692800000, 0x0000000693000000|  0%| F|  |TAMS 0x0000000692800000, 0x0000000692800000| Untracked 
|1062|0x0000000693000000, 0x0000000693000000, 0x0000000693800000|  0%| F|  |TAMS 0x0000000693000000, 0x0000000693000000| Untracked 
|1063|0x0000000693800000, 0x0000000693800000, 0x0000000694000000|  0%| F|  |TAMS 0x0000000693800000, 0x0000000693800000| Untracked 
|1064|0x0000000694000000, 0x0000000694000000, 0x0000000694800000|  0%| F|  |TAMS 0x0000000694000000, 0x0000000694000000| Untracked 
|1065|0x0000000694800000, 0x0000000694800000, 0x0000000695000000|  0%| F|  |TAMS 0x0000000694800000, 0x0000000694800000| Untracked 
|1066|0x0000000695000000, 0x0000000695000000, 0x0000000695800000|  0%| F|  |TAMS 0x0000000695000000, 0x0000000695000000| Untracked 
|1067|0x0000000695800000, 0x0000000695800000, 0x0000000696000000|  0%| F|  |TAMS 0x0000000695800000, 0x0000000695800000| Untracked 
|1068|0x0000000696000000, 0x0000000696000000, 0x0000000696800000|  0%| F|  |TAMS 0x0000000696000000, 0x0000000696000000| Untracked 
|1069|0x0000000696800000, 0x0000000696800000, 0x0000000697000000|  0%| F|  |TAMS 0x0000000696800000, 0x0000000696800000| Untracked 
|1070|0x0000000697000000, 0x0000000697000000, 0x0000000697800000|  0%| F|  |TAMS 0x0000000697000000, 0x0000000697000000| Untracked 
|1071|0x0000000697800000, 0x0000000697800000, 0x0000000698000000|  0%| F|  |TAMS 0x0000000697800000, 0x0000000697800000| Untracked 
|1072|0x0000000698000000, 0x0000000698000000, 0x0000000698800000|  0%| F|  |TAMS 0x0000000698000000, 0x0000000698000000| Untracked 
|1073|0x0000000698800000, 0x0000000698800000, 0x0000000699000000|  0%| F|  |TAMS 0x0000000698800000, 0x0000000698800000| Untracked 
|1074|0x0000000699000000, 0x0000000699000000, 0x0000000699800000|  0%| F|  |TAMS 0x0000000699000000, 0x0000000699000000| Untracked 
|1075|0x0000000699800000, 0x0000000699800000, 0x000000069a000000|  0%| F|  |TAMS 0x0000000699800000, 0x0000000699800000| Untracked 
|1076|0x000000069a000000, 0x000000069a000000, 0x000000069a800000|  0%| F|  |TAMS 0x000000069a000000, 0x000000069a000000| Untracked 
|1077|0x000000069a800000, 0x000000069a800000, 0x000000069b000000|  0%| F|  |TAMS 0x000000069a800000, 0x000000069a800000| Untracked 
|1078|0x000000069b000000, 0x000000069b000000, 0x000000069b800000|  0%| F|  |TAMS 0x000000069b000000, 0x000000069b000000| Untracked 
|1079|0x000000069b800000, 0x000000069b800000, 0x000000069c000000|  0%| F|  |TAMS 0x000000069b800000, 0x000000069b800000| Untracked 
|1080|0x000000069c000000, 0x000000069c000000, 0x000000069c800000|  0%| F|  |TAMS 0x000000069c000000, 0x000000069c000000| Untracked 
|1081|0x000000069c800000, 0x000000069c800000, 0x000000069d000000|  0%| F|  |TAMS 0x000000069c800000, 0x000000069c800000| Untracked 
|1082|0x000000069d000000, 0x000000069d000000, 0x000000069d800000|  0%| F|  |TAMS 0x000000069d000000, 0x000000069d000000| Untracked 
|1083|0x000000069d800000, 0x000000069d800000, 0x000000069e000000|  0%| F|  |TAMS 0x000000069d800000, 0x000000069d800000| Untracked 
|1084|0x000000069e000000, 0x000000069e000000, 0x000000069e800000|  0%| F|  |TAMS 0x000000069e000000, 0x000000069e000000| Untracked 
|1085|0x000000069e800000, 0x000000069e800000, 0x000000069f000000|  0%| F|  |TAMS 0x000000069e800000, 0x000000069e800000| Untracked 
|1086|0x000000069f000000, 0x000000069f000000, 0x000000069f800000|  0%| F|  |TAMS 0x000000069f000000, 0x000000069f000000| Untracked 
|1087|0x000000069f800000, 0x000000069f800000, 0x00000006a0000000|  0%| F|  |TAMS 0x000000069f800000, 0x000000069f800000| Untracked 
|1088|0x00000006a0000000, 0x00000006a0000000, 0x00000006a0800000|  0%| F|  |TAMS 0x00000006a0000000, 0x00000006a0000000| Untracked 
|1089|0x00000006a0800000, 0x00000006a0800000, 0x00000006a1000000|  0%| F|  |TAMS 0x00000006a0800000, 0x00000006a0800000| Untracked 
|1090|0x00000006a1000000, 0x00000006a1000000, 0x00000006a1800000|  0%| F|  |TAMS 0x00000006a1000000, 0x00000006a1000000| Untracked 
|1091|0x00000006a1800000, 0x00000006a1800000, 0x00000006a2000000|  0%| F|  |TAMS 0x00000006a1800000, 0x00000006a1800000| Untracked 
|1092|0x00000006a2000000, 0x00000006a2000000, 0x00000006a2800000|  0%| F|  |TAMS 0x00000006a2000000, 0x00000006a2000000| Untracked 
|1093|0x00000006a2800000, 0x00000006a2800000, 0x00000006a3000000|  0%| F|  |TAMS 0x00000006a2800000, 0x00000006a2800000| Untracked 
|1094|0x00000006a3000000, 0x00000006a3000000, 0x00000006a3800000|  0%| F|  |TAMS 0x00000006a3000000, 0x00000006a3000000| Untracked 
|1095|0x00000006a3800000, 0x00000006a3800000, 0x00000006a4000000|  0%| F|  |TAMS 0x00000006a3800000, 0x00000006a3800000| Untracked 
|1096|0x00000006a4000000, 0x00000006a4000000, 0x00000006a4800000|  0%| F|  |TAMS 0x00000006a4000000, 0x00000006a4000000| Untracked 
|1097|0x00000006a4800000, 0x00000006a4800000, 0x00000006a5000000|  0%| F|  |TAMS 0x00000006a4800000, 0x00000006a4800000| Untracked 
|1098|0x00000006a5000000, 0x00000006a5000000, 0x00000006a5800000|  0%| F|  |TAMS 0x00000006a5000000, 0x00000006a5000000| Untracked 
|1099|0x00000006a5800000, 0x00000006a5800000, 0x00000006a6000000|  0%| F|  |TAMS 0x00000006a5800000, 0x00000006a5800000| Untracked 
|1100|0x00000006a6000000, 0x00000006a6000000, 0x00000006a6800000|  0%| F|  |TAMS 0x00000006a6000000, 0x00000006a6000000| Untracked 
|1101|0x00000006a6800000, 0x00000006a6800000, 0x00000006a7000000|  0%| F|  |TAMS 0x00000006a6800000, 0x00000006a6800000| Untracked 
|1102|0x00000006a7000000, 0x00000006a7000000, 0x00000006a7800000|  0%| F|  |TAMS 0x00000006a7000000, 0x00000006a7000000| Untracked 
|1103|0x00000006a7800000, 0x00000006a7800000, 0x00000006a8000000|  0%| F|  |TAMS 0x00000006a7800000, 0x00000006a7800000| Untracked 
|1104|0x00000006a8000000, 0x00000006a8000000, 0x00000006a8800000|  0%| F|  |TAMS 0x00000006a8000000, 0x00000006a8000000| Untracked 
|1105|0x00000006a8800000, 0x00000006a8800000, 0x00000006a9000000|  0%| F|  |TAMS 0x00000006a8800000, 0x00000006a8800000| Untracked 
|1106|0x00000006a9000000, 0x00000006a9000000, 0x00000006a9800000|  0%| F|  |TAMS 0x00000006a9000000, 0x00000006a9000000| Untracked 
|1107|0x00000006a9800000, 0x00000006a9800000, 0x00000006aa000000|  0%| F|  |TAMS 0x00000006a9800000, 0x00000006a9800000| Untracked 
|1108|0x00000006aa000000, 0x00000006aa000000, 0x00000006aa800000|  0%| F|  |TAMS 0x00000006aa000000, 0x00000006aa000000| Untracked 
|1109|0x00000006aa800000, 0x00000006aa800000, 0x00000006ab000000|  0%| F|  |TAMS 0x00000006aa800000, 0x00000006aa800000| Untracked 
|1110|0x00000006ab000000, 0x00000006ab000000, 0x00000006ab800000|  0%| F|  |TAMS 0x00000006ab000000, 0x00000006ab000000| Untracked 
|1111|0x00000006ab800000, 0x00000006ab800000, 0x00000006ac000000|  0%| F|  |TAMS 0x00000006ab800000, 0x00000006ab800000| Untracked 
|1112|0x00000006ac000000, 0x00000006ac000000, 0x00000006ac800000|  0%| F|  |TAMS 0x00000006ac000000, 0x00000006ac000000| Untracked 
|1113|0x00000006ac800000, 0x00000006ac800000, 0x00000006ad000000|  0%| F|  |TAMS 0x00000006ac800000, 0x00000006ac800000| Untracked 
|1114|0x00000006ad000000, 0x00000006ad000000, 0x00000006ad800000|  0%| F|  |TAMS 0x00000006ad000000, 0x00000006ad000000| Untracked 
|1115|0x00000006ad800000, 0x00000006ad800000, 0x00000006ae000000|  0%| F|  |TAMS 0x00000006ad800000, 0x00000006ad800000| Untracked 
|1116|0x00000006ae000000, 0x00000006ae000000, 0x00000006ae800000|  0%| F|  |TAMS 0x00000006ae000000, 0x00000006ae000000| Untracked 
|1117|0x00000006ae800000, 0x00000006ae800000, 0x00000006af000000|  0%| F|  |TAMS 0x00000006ae800000, 0x00000006ae800000| Untracked 
|1118|0x00000006af000000, 0x00000006af000000, 0x00000006af800000|  0%| F|  |TAMS 0x00000006af000000, 0x00000006af000000| Untracked 
|1119|0x00000006af800000, 0x00000006af800000, 0x00000006b0000000|  0%| F|  |TAMS 0x00000006af800000, 0x00000006af800000| Untracked 
|1120|0x00000006b0000000, 0x00000006b0000000, 0x00000006b0800000|  0%| F|  |TAMS 0x00000006b0000000, 0x00000006b0000000| Untracked 
|1121|0x00000006b0800000, 0x00000006b0800000, 0x00000006b1000000|  0%| F|  |TAMS 0x00000006b0800000, 0x00000006b0800000| Untracked 
|1122|0x00000006b1000000, 0x00000006b1000000, 0x00000006b1800000|  0%| F|  |TAMS 0x00000006b1000000, 0x00000006b1000000| Untracked 
|1123|0x00000006b1800000, 0x00000006b1800000, 0x00000006b2000000|  0%| F|  |TAMS 0x00000006b1800000, 0x00000006b1800000| Untracked 
|1124|0x00000006b2000000, 0x00000006b2000000, 0x00000006b2800000|  0%| F|  |TAMS 0x00000006b2000000, 0x00000006b2000000| Untracked 
|1125|0x00000006b2800000, 0x00000006b2800000, 0x00000006b3000000|  0%| F|  |TAMS 0x00000006b2800000, 0x00000006b2800000| Untracked 
|1126|0x00000006b3000000, 0x00000006b3000000, 0x00000006b3800000|  0%| F|  |TAMS 0x00000006b3000000, 0x00000006b3000000| Untracked 
|1127|0x00000006b3800000, 0x00000006b3800000, 0x00000006b4000000|  0%| F|  |TAMS 0x00000006b3800000, 0x00000006b3800000| Untracked 
|1128|0x00000006b4000000, 0x00000006b4000000, 0x00000006b4800000|  0%| F|  |TAMS 0x00000006b4000000, 0x00000006b4000000| Untracked 
|1129|0x00000006b4800000, 0x00000006b4800000, 0x00000006b5000000|  0%| F|  |TAMS 0x00000006b4800000, 0x00000006b4800000| Untracked 
|1130|0x00000006b5000000, 0x00000006b5000000, 0x00000006b5800000|  0%| F|  |TAMS 0x00000006b5000000, 0x00000006b5000000| Untracked 
|1131|0x00000006b5800000, 0x00000006b5800000, 0x00000006b6000000|  0%| F|  |TAMS 0x00000006b5800000, 0x00000006b5800000| Untracked 
|1132|0x00000006b6000000, 0x00000006b6000000, 0x00000006b6800000|  0%| F|  |TAMS 0x00000006b6000000, 0x00000006b6000000| Untracked 
|1133|0x00000006b6800000, 0x00000006b6800000, 0x00000006b7000000|  0%| F|  |TAMS 0x00000006b6800000, 0x00000006b6800000| Untracked 
|1134|0x00000006b7000000, 0x00000006b7000000, 0x00000006b7800000|  0%| F|  |TAMS 0x00000006b7000000, 0x00000006b7000000| Untracked 
|1135|0x00000006b7800000, 0x00000006b7800000, 0x00000006b8000000|  0%| F|  |TAMS 0x00000006b7800000, 0x00000006b7800000| Untracked 
|1136|0x00000006b8000000, 0x00000006b8000000, 0x00000006b8800000|  0%| F|  |TAMS 0x00000006b8000000, 0x00000006b8000000| Untracked 
|1137|0x00000006b8800000, 0x00000006b8800000, 0x00000006b9000000|  0%| F|  |TAMS 0x00000006b8800000, 0x00000006b8800000| Untracked 
|1138|0x00000006b9000000, 0x00000006b9000000, 0x00000006b9800000|  0%| F|  |TAMS 0x00000006b9000000, 0x00000006b9000000| Untracked 
|1139|0x00000006b9800000, 0x00000006b9800000, 0x00000006ba000000|  0%| F|  |TAMS 0x00000006b9800000, 0x00000006b9800000| Untracked 
|1140|0x00000006ba000000, 0x00000006ba000000, 0x00000006ba800000|  0%| F|  |TAMS 0x00000006ba000000, 0x00000006ba000000| Untracked 
|1141|0x00000006ba800000, 0x00000006ba800000, 0x00000006bb000000|  0%| F|  |TAMS 0x00000006ba800000, 0x00000006ba800000| Untracked 
|1142|0x00000006bb000000, 0x00000006bb000000, 0x00000006bb800000|  0%| F|  |TAMS 0x00000006bb000000, 0x00000006bb000000| Untracked 
|1143|0x00000006bb800000, 0x00000006bb800000, 0x00000006bc000000|  0%| F|  |TAMS 0x00000006bb800000, 0x00000006bb800000| Untracked 
|1144|0x00000006bc000000, 0x00000006bc000000, 0x00000006bc800000|  0%| F|  |TAMS 0x00000006bc000000, 0x00000006bc000000| Untracked 
|1145|0x00000006bc800000, 0x00000006bc800000, 0x00000006bd000000|  0%| F|  |TAMS 0x00000006bc800000, 0x00000006bc800000| Untracked 
|1146|0x00000006bd000000, 0x00000006bd000000, 0x00000006bd800000|  0%| F|  |TAMS 0x00000006bd000000, 0x00000006bd000000| Untracked 
|1147|0x00000006bd800000, 0x00000006bd800000, 0x00000006be000000|  0%| F|  |TAMS 0x00000006bd800000, 0x00000006bd800000| Untracked 
|1148|0x00000006be000000, 0x00000006be000000, 0x00000006be800000|  0%| F|  |TAMS 0x00000006be000000, 0x00000006be000000| Untracked 
|1149|0x00000006be800000, 0x00000006be800000, 0x00000006bf000000|  0%| F|  |TAMS 0x00000006be800000, 0x00000006be800000| Untracked 
|1150|0x00000006bf000000, 0x00000006bf000000, 0x00000006bf800000|  0%| F|  |TAMS 0x00000006bf000000, 0x00000006bf000000| Untracked 
|1151|0x00000006bf800000, 0x00000006bf800000, 0x00000006c0000000|  0%| F|  |TAMS 0x00000006bf800000, 0x00000006bf800000| Untracked 
|1152|0x00000006c0000000, 0x00000006c0000000, 0x00000006c0800000|  0%| F|  |TAMS 0x00000006c0000000, 0x00000006c0000000| Untracked 
|1153|0x00000006c0800000, 0x00000006c0800000, 0x00000006c1000000|  0%| F|  |TAMS 0x00000006c0800000, 0x00000006c0800000| Untracked 
|1154|0x00000006c1000000, 0x00000006c1000000, 0x00000006c1800000|  0%| F|  |TAMS 0x00000006c1000000, 0x00000006c1000000| Untracked 
|1155|0x00000006c1800000, 0x00000006c1800000, 0x00000006c2000000|  0%| F|  |TAMS 0x00000006c1800000, 0x00000006c1800000| Untracked 
|1156|0x00000006c2000000, 0x00000006c2000000, 0x00000006c2800000|  0%| F|  |TAMS 0x00000006c2000000, 0x00000006c2000000| Untracked 
|1157|0x00000006c2800000, 0x00000006c2800000, 0x00000006c3000000|  0%| F|  |TAMS 0x00000006c2800000, 0x00000006c2800000| Untracked 
|1158|0x00000006c3000000, 0x00000006c3000000, 0x00000006c3800000|  0%| F|  |TAMS 0x00000006c3000000, 0x00000006c3000000| Untracked 
|1159|0x00000006c3800000, 0x00000006c3800000, 0x00000006c4000000|  0%| F|  |TAMS 0x00000006c3800000, 0x00000006c3800000| Untracked 
|1160|0x00000006c4000000, 0x00000006c4000000, 0x00000006c4800000|  0%| F|  |TAMS 0x00000006c4000000, 0x00000006c4000000| Untracked 
|1161|0x00000006c4800000, 0x00000006c4800000, 0x00000006c5000000|  0%| F|  |TAMS 0x00000006c4800000, 0x00000006c4800000| Untracked 
|1162|0x00000006c5000000, 0x00000006c5000000, 0x00000006c5800000|  0%| F|  |TAMS 0x00000006c5000000, 0x00000006c5000000| Untracked 
|1163|0x00000006c5800000, 0x00000006c5800000, 0x00000006c6000000|  0%| F|  |TAMS 0x00000006c5800000, 0x00000006c5800000| Untracked 
|1164|0x00000006c6000000, 0x00000006c6000000, 0x00000006c6800000|  0%| F|  |TAMS 0x00000006c6000000, 0x00000006c6000000| Untracked 
|1165|0x00000006c6800000, 0x00000006c6800000, 0x00000006c7000000|  0%| F|  |TAMS 0x00000006c6800000, 0x00000006c6800000| Untracked 
|1166|0x00000006c7000000, 0x00000006c7000000, 0x00000006c7800000|  0%| F|  |TAMS 0x00000006c7000000, 0x00000006c7000000| Untracked 
|1167|0x00000006c7800000, 0x00000006c7800000, 0x00000006c8000000|  0%| F|  |TAMS 0x00000006c7800000, 0x00000006c7800000| Untracked 
|1168|0x00000006c8000000, 0x00000006c8000000, 0x00000006c8800000|  0%| F|  |TAMS 0x00000006c8000000, 0x00000006c8000000| Untracked 
|1169|0x00000006c8800000, 0x00000006c8800000, 0x00000006c9000000|  0%| F|  |TAMS 0x00000006c8800000, 0x00000006c8800000| Untracked 
|1170|0x00000006c9000000, 0x00000006c9000000, 0x00000006c9800000|  0%| F|  |TAMS 0x00000006c9000000, 0x00000006c9000000| Untracked 
|1171|0x00000006c9800000, 0x00000006c9800000, 0x00000006ca000000|  0%| F|  |TAMS 0x00000006c9800000, 0x00000006c9800000| Untracked 
|1172|0x00000006ca000000, 0x00000006ca000000, 0x00000006ca800000|  0%| F|  |TAMS 0x00000006ca000000, 0x00000006ca000000| Untracked 
|1173|0x00000006ca800000, 0x00000006ca800000, 0x00000006cb000000|  0%| F|  |TAMS 0x00000006ca800000, 0x00000006ca800000| Untracked 
|1174|0x00000006cb000000, 0x00000006cb000000, 0x00000006cb800000|  0%| F|  |TAMS 0x00000006cb000000, 0x00000006cb000000| Untracked 
|1175|0x00000006cb800000, 0x00000006cb800000, 0x00000006cc000000|  0%| F|  |TAMS 0x00000006cb800000, 0x00000006cb800000| Untracked 
|1176|0x00000006cc000000, 0x00000006cc000000, 0x00000006cc800000|  0%| F|  |TAMS 0x00000006cc000000, 0x00000006cc000000| Untracked 
|1177|0x00000006cc800000, 0x00000006cc800000, 0x00000006cd000000|  0%| F|  |TAMS 0x00000006cc800000, 0x00000006cc800000| Untracked 
|1178|0x00000006cd000000, 0x00000006cd000000, 0x00000006cd800000|  0%| F|  |TAMS 0x00000006cd000000, 0x00000006cd000000| Untracked 
|1179|0x00000006cd800000, 0x00000006cd800000, 0x00000006ce000000|  0%| F|  |TAMS 0x00000006cd800000, 0x00000006cd800000| Untracked 
|1180|0x00000006ce000000, 0x00000006ce000000, 0x00000006ce800000|  0%| F|  |TAMS 0x00000006ce000000, 0x00000006ce000000| Untracked 
|1181|0x00000006ce800000, 0x00000006ce800000, 0x00000006cf000000|  0%| F|  |TAMS 0x00000006ce800000, 0x00000006ce800000| Untracked 
|1182|0x00000006cf000000, 0x00000006cf000000, 0x00000006cf800000|  0%| F|  |TAMS 0x00000006cf000000, 0x00000006cf000000| Untracked 
|1183|0x00000006cf800000, 0x00000006cf800000, 0x00000006d0000000|  0%| F|  |TAMS 0x00000006cf800000, 0x00000006cf800000| Untracked 
|1184|0x00000006d0000000, 0x00000006d0000000, 0x00000006d0800000|  0%| F|  |TAMS 0x00000006d0000000, 0x00000006d0000000| Untracked 
|1185|0x00000006d0800000, 0x00000006d0800000, 0x00000006d1000000|  0%| F|  |TAMS 0x00000006d0800000, 0x00000006d0800000| Untracked 
|1186|0x00000006d1000000, 0x00000006d1000000, 0x00000006d1800000|  0%| F|  |TAMS 0x00000006d1000000, 0x00000006d1000000| Untracked 
|1187|0x00000006d1800000, 0x00000006d1800000, 0x00000006d2000000|  0%| F|  |TAMS 0x00000006d1800000, 0x00000006d1800000| Untracked 
|1188|0x00000006d2000000, 0x00000006d2000000, 0x00000006d2800000|  0%| F|  |TAMS 0x00000006d2000000, 0x00000006d2000000| Untracked 
|1189|0x00000006d2800000, 0x00000006d2800000, 0x00000006d3000000|  0%| F|  |TAMS 0x00000006d2800000, 0x00000006d2800000| Untracked 
|1190|0x00000006d3000000, 0x00000006d3000000, 0x00000006d3800000|  0%| F|  |TAMS 0x00000006d3000000, 0x00000006d3000000| Untracked 
|1191|0x00000006d3800000, 0x00000006d3800000, 0x00000006d4000000|  0%| F|  |TAMS 0x00000006d3800000, 0x00000006d3800000| Untracked 
|1192|0x00000006d4000000, 0x00000006d4000000, 0x00000006d4800000|  0%| F|  |TAMS 0x00000006d4000000, 0x00000006d4000000| Untracked 
|1193|0x00000006d4800000, 0x00000006d4800000, 0x00000006d5000000|  0%| F|  |TAMS 0x00000006d4800000, 0x00000006d4800000| Untracked 
|1194|0x00000006d5000000, 0x00000006d5000000, 0x00000006d5800000|  0%| F|  |TAMS 0x00000006d5000000, 0x00000006d5000000| Untracked 
|1195|0x00000006d5800000, 0x00000006d5800000, 0x00000006d6000000|  0%| F|  |TAMS 0x00000006d5800000, 0x00000006d5800000| Untracked 
|1196|0x00000006d6000000, 0x00000006d6000000, 0x00000006d6800000|  0%| F|  |TAMS 0x00000006d6000000, 0x00000006d6000000| Untracked 
|1197|0x00000006d6800000, 0x00000006d6800000, 0x00000006d7000000|  0%| F|  |TAMS 0x00000006d6800000, 0x00000006d6800000| Untracked 
|1198|0x00000006d7000000, 0x00000006d7000000, 0x00000006d7800000|  0%| F|  |TAMS 0x00000006d7000000, 0x00000006d7000000| Untracked 
|1199|0x00000006d7800000, 0x00000006d7800000, 0x00000006d8000000|  0%| F|  |TAMS 0x00000006d7800000, 0x00000006d7800000| Untracked 
|1200|0x00000006d8000000, 0x00000006d8000000, 0x00000006d8800000|  0%| F|  |TAMS 0x00000006d8000000, 0x00000006d8000000| Untracked 
|1201|0x00000006d8800000, 0x00000006d8800000, 0x00000006d9000000|  0%| F|  |TAMS 0x00000006d8800000, 0x00000006d8800000| Untracked 
|1202|0x00000006d9000000, 0x00000006d9000000, 0x00000006d9800000|  0%| F|  |TAMS 0x00000006d9000000, 0x00000006d9000000| Untracked 
|1203|0x00000006d9800000, 0x00000006d9800000, 0x00000006da000000|  0%| F|  |TAMS 0x00000006d9800000, 0x00000006d9800000| Untracked 
|1204|0x00000006da000000, 0x00000006da000000, 0x00000006da800000|  0%| F|  |TAMS 0x00000006da000000, 0x00000006da000000| Untracked 
|1205|0x00000006da800000, 0x00000006da800000, 0x00000006db000000|  0%| F|  |TAMS 0x00000006da800000, 0x00000006da800000| Untracked 
|1206|0x00000006db000000, 0x00000006db000000, 0x00000006db800000|  0%| F|  |TAMS 0x00000006db000000, 0x00000006db000000| Untracked 
|1207|0x00000006db800000, 0x00000006db800000, 0x00000006dc000000|  0%| F|  |TAMS 0x00000006db800000, 0x00000006db800000| Untracked 
|1208|0x00000006dc000000, 0x00000006dc000000, 0x00000006dc800000|  0%| F|  |TAMS 0x00000006dc000000, 0x00000006dc000000| Untracked 
|1209|0x00000006dc800000, 0x00000006dc800000, 0x00000006dd000000|  0%| F|  |TAMS 0x00000006dc800000, 0x00000006dc800000| Untracked 
|1210|0x00000006dd000000, 0x00000006dd000000, 0x00000006dd800000|  0%| F|  |TAMS 0x00000006dd000000, 0x00000006dd000000| Untracked 
|1211|0x00000006dd800000, 0x00000006dd800000, 0x00000006de000000|  0%| F|  |TAMS 0x00000006dd800000, 0x00000006dd800000| Untracked 
|1212|0x00000006de000000, 0x00000006de000000, 0x00000006de800000|  0%| F|  |TAMS 0x00000006de000000, 0x00000006de000000| Untracked 
|1213|0x00000006de800000, 0x00000006de800000, 0x00000006df000000|  0%| F|  |TAMS 0x00000006de800000, 0x00000006de800000| Untracked 
|1214|0x00000006df000000, 0x00000006df000000, 0x00000006df800000|  0%| F|  |TAMS 0x00000006df000000, 0x00000006df000000| Untracked 
|1215|0x00000006df800000, 0x00000006df800000, 0x00000006e0000000|  0%| F|  |TAMS 0x00000006df800000, 0x00000006df800000| Untracked 
|1216|0x00000006e0000000, 0x00000006e0000000, 0x00000006e0800000|  0%| F|  |TAMS 0x00000006e0000000, 0x00000006e0000000| Untracked 
|1217|0x00000006e0800000, 0x00000006e0800000, 0x00000006e1000000|  0%| F|  |TAMS 0x00000006e0800000, 0x00000006e0800000| Untracked 
|1218|0x00000006e1000000, 0x00000006e1000000, 0x00000006e1800000|  0%| F|  |TAMS 0x00000006e1000000, 0x00000006e1000000| Untracked 
|1219|0x00000006e1800000, 0x00000006e1800000, 0x00000006e2000000|  0%| F|  |TAMS 0x00000006e1800000, 0x00000006e1800000| Untracked 
|1220|0x00000006e2000000, 0x00000006e2000000, 0x00000006e2800000|  0%| F|  |TAMS 0x00000006e2000000, 0x00000006e2000000| Untracked 
|1221|0x00000006e2800000, 0x00000006e2800000, 0x00000006e3000000|  0%| F|  |TAMS 0x00000006e2800000, 0x00000006e2800000| Untracked 
|1222|0x00000006e3000000, 0x00000006e3000000, 0x00000006e3800000|  0%| F|  |TAMS 0x00000006e3000000, 0x00000006e3000000| Untracked 
|1223|0x00000006e3800000, 0x00000006e3800000, 0x00000006e4000000|  0%| F|  |TAMS 0x00000006e3800000, 0x00000006e3800000| Untracked 
|1224|0x00000006e4000000, 0x00000006e4000000, 0x00000006e4800000|  0%| F|  |TAMS 0x00000006e4000000, 0x00000006e4000000| Untracked 
|1225|0x00000006e4800000, 0x00000006e4800000, 0x00000006e5000000|  0%| F|  |TAMS 0x00000006e4800000, 0x00000006e4800000| Untracked 
|1226|0x00000006e5000000, 0x00000006e5000000, 0x00000006e5800000|  0%| F|  |TAMS 0x00000006e5000000, 0x00000006e5000000| Untracked 
|1227|0x00000006e5800000, 0x00000006e5800000, 0x00000006e6000000|  0%| F|  |TAMS 0x00000006e5800000, 0x00000006e5800000| Untracked 
|1228|0x00000006e6000000, 0x00000006e6000000, 0x00000006e6800000|  0%| F|  |TAMS 0x00000006e6000000, 0x00000006e6000000| Untracked 
|1229|0x00000006e6800000, 0x00000006e6800000, 0x00000006e7000000|  0%| F|  |TAMS 0x00000006e6800000, 0x00000006e6800000| Untracked 
|1230|0x00000006e7000000, 0x00000006e739b3d0, 0x00000006e7800000| 45%| S|CS|TAMS 0x00000006e7000000, 0x00000006e7000000| Complete 
|1231|0x00000006e7800000, 0x00000006e8000000, 0x00000006e8000000|100%| S|CS|TAMS 0x00000006e7800000, 0x00000006e7800000| Complete 
|1232|0x00000006e8000000, 0x00000006e8800000, 0x00000006e8800000|100%| S|CS|TAMS 0x00000006e8000000, 0x00000006e8000000| Complete 
|1233|0x00000006e8800000, 0x00000006e9000000, 0x00000006e9000000|100%| S|CS|TAMS 0x00000006e8800000, 0x00000006e8800000| Complete 
|1234|0x00000006e9000000, 0x00000006e9800000, 0x00000006e9800000|100%| S|CS|TAMS 0x00000006e9000000, 0x00000006e9000000| Complete 
|1235|0x00000006e9800000, 0x00000006ea000000, 0x00000006ea000000|100%| S|CS|TAMS 0x00000006e9800000, 0x00000006e9800000| Complete 
|1236|0x00000006ea000000, 0x00000006ea000000, 0x00000006ea800000|  0%| F|  |TAMS 0x00000006ea000000, 0x00000006ea000000| Untracked 
|1237|0x00000006ea800000, 0x00000006ea800000, 0x00000006eb000000|  0%| F|  |TAMS 0x00000006ea800000, 0x00000006ea800000| Untracked 
|1238|0x00000006eb000000, 0x00000006eb000000, 0x00000006eb800000|  0%| F|  |TAMS 0x00000006eb000000, 0x00000006eb000000| Untracked 
|1239|0x00000006eb800000, 0x00000006eb800000, 0x00000006ec000000|  0%| F|  |TAMS 0x00000006eb800000, 0x00000006eb800000| Untracked 
|1240|0x00000006ec000000, 0x00000006ec000000, 0x00000006ec800000|  0%| F|  |TAMS 0x00000006ec000000, 0x00000006ec000000| Untracked 
|1241|0x00000006ec800000, 0x00000006ec800000, 0x00000006ed000000|  0%| F|  |TAMS 0x00000006ec800000, 0x00000006ec800000| Untracked 
|1242|0x00000006ed000000, 0x00000006ed000000, 0x00000006ed800000|  0%| F|  |TAMS 0x00000006ed000000, 0x00000006ed000000| Untracked 
|1243|0x00000006ed800000, 0x00000006ed800000, 0x00000006ee000000|  0%| F|  |TAMS 0x00000006ed800000, 0x00000006ed800000| Untracked 
|1244|0x00000006ee000000, 0x00000006ee000000, 0x00000006ee800000|  0%| F|  |TAMS 0x00000006ee000000, 0x00000006ee000000| Untracked 
|1245|0x00000006ee800000, 0x00000006ee800000, 0x00000006ef000000|  0%| F|  |TAMS 0x00000006ee800000, 0x00000006ee800000| Untracked 
|1246|0x00000006ef000000, 0x00000006ef000000, 0x00000006ef800000|  0%| F|  |TAMS 0x00000006ef000000, 0x00000006ef000000| Untracked 
|1247|0x00000006ef800000, 0x00000006ef800000, 0x00000006f0000000|  0%| F|  |TAMS 0x00000006ef800000, 0x00000006ef800000| Untracked 
|1248|0x00000006f0000000, 0x00000006f0000000, 0x00000006f0800000|  0%| F|  |TAMS 0x00000006f0000000, 0x00000006f0000000| Untracked 
|1249|0x00000006f0800000, 0x00000006f0800000, 0x00000006f1000000|  0%| F|  |TAMS 0x00000006f0800000, 0x00000006f0800000| Untracked 
|1250|0x00000006f1000000, 0x00000006f1000000, 0x00000006f1800000|  0%| F|  |TAMS 0x00000006f1000000, 0x00000006f1000000| Untracked 
|1251|0x00000006f1800000, 0x00000006f1800000, 0x00000006f2000000|  0%| F|  |TAMS 0x00000006f1800000, 0x00000006f1800000| Untracked 
|1252|0x00000006f2000000, 0x00000006f2000000, 0x00000006f2800000|  0%| F|  |TAMS 0x00000006f2000000, 0x00000006f2000000| Untracked 
|1253|0x00000006f2800000, 0x00000006f2800000, 0x00000006f3000000|  0%| F|  |TAMS 0x00000006f2800000, 0x00000006f2800000| Untracked 
|1254|0x00000006f3000000, 0x00000006f3000000, 0x00000006f3800000|  0%| F|  |TAMS 0x00000006f3000000, 0x00000006f3000000| Untracked 
|1255|0x00000006f3800000, 0x00000006f3800000, 0x00000006f4000000|  0%| F|  |TAMS 0x00000006f3800000, 0x00000006f3800000| Untracked 
|1256|0x00000006f4000000, 0x00000006f4000000, 0x00000006f4800000|  0%| F|  |TAMS 0x00000006f4000000, 0x00000006f4000000| Untracked 
|1257|0x00000006f4800000, 0x00000006f4800000, 0x00000006f5000000|  0%| F|  |TAMS 0x00000006f4800000, 0x00000006f4800000| Untracked 
|1258|0x00000006f5000000, 0x00000006f5000000, 0x00000006f5800000|  0%| F|  |TAMS 0x00000006f5000000, 0x00000006f5000000| Untracked 
|1259|0x00000006f5800000, 0x00000006f5800000, 0x00000006f6000000|  0%| F|  |TAMS 0x00000006f5800000, 0x00000006f5800000| Untracked 
|1260|0x00000006f6000000, 0x00000006f6000000, 0x00000006f6800000|  0%| F|  |TAMS 0x00000006f6000000, 0x00000006f6000000| Untracked 
|1261|0x00000006f6800000, 0x00000006f6800000, 0x00000006f7000000|  0%| F|  |TAMS 0x00000006f6800000, 0x00000006f6800000| Untracked 
|1262|0x00000006f7000000, 0x00000006f7000000, 0x00000006f7800000|  0%| F|  |TAMS 0x00000006f7000000, 0x00000006f7000000| Untracked 
|1263|0x00000006f7800000, 0x00000006f7800000, 0x00000006f8000000|  0%| F|  |TAMS 0x00000006f7800000, 0x00000006f7800000| Untracked 
|1264|0x00000006f8000000, 0x00000006f8000000, 0x00000006f8800000|  0%| F|  |TAMS 0x00000006f8000000, 0x00000006f8000000| Untracked 
|1265|0x00000006f8800000, 0x00000006f8800000, 0x00000006f9000000|  0%| F|  |TAMS 0x00000006f8800000, 0x00000006f8800000| Untracked 
|1266|0x00000006f9000000, 0x00000006f9000000, 0x00000006f9800000|  0%| F|  |TAMS 0x00000006f9000000, 0x00000006f9000000| Untracked 
|1267|0x00000006f9800000, 0x00000006f9800000, 0x00000006fa000000|  0%| F|  |TAMS 0x00000006f9800000, 0x00000006f9800000| Untracked 
|1268|0x00000006fa000000, 0x00000006fa000000, 0x00000006fa800000|  0%| F|  |TAMS 0x00000006fa000000, 0x00000006fa000000| Untracked 
|1269|0x00000006fa800000, 0x00000006fa800000, 0x00000006fb000000|  0%| F|  |TAMS 0x00000006fa800000, 0x00000006fa800000| Untracked 
|1270|0x00000006fb000000, 0x00000006fb000000, 0x00000006fb800000|  0%| F|  |TAMS 0x00000006fb000000, 0x00000006fb000000| Untracked 
|1271|0x00000006fb800000, 0x00000006fb800000, 0x00000006fc000000|  0%| F|  |TAMS 0x00000006fb800000, 0x00000006fb800000| Untracked 
|1272|0x00000006fc000000, 0x00000006fc000000, 0x00000006fc800000|  0%| F|  |TAMS 0x00000006fc000000, 0x00000006fc000000| Untracked 
|1273|0x00000006fc800000, 0x00000006fc800000, 0x00000006fd000000|  0%| F|  |TAMS 0x00000006fc800000, 0x00000006fc800000| Untracked 
|1274|0x00000006fd000000, 0x00000006fd000000, 0x00000006fd800000|  0%| F|  |TAMS 0x00000006fd000000, 0x00000006fd000000| Untracked 
|1275|0x00000006fd800000, 0x00000006fd800000, 0x00000006fe000000|  0%| F|  |TAMS 0x00000006fd800000, 0x00000006fd800000| Untracked 
|1276|0x00000006fe000000, 0x00000006fe000000, 0x00000006fe800000|  0%| F|  |TAMS 0x00000006fe000000, 0x00000006fe000000| Untracked 
|1277|0x00000006fe800000, 0x00000006fe800000, 0x00000006ff000000|  0%| F|  |TAMS 0x00000006fe800000, 0x00000006fe800000| Untracked 
|1278|0x00000006ff000000, 0x00000006ff000000, 0x00000006ff800000|  0%| F|  |TAMS 0x00000006ff000000, 0x00000006ff000000| Untracked 
|1279|0x00000006ff800000, 0x00000006ff800000, 0x0000000700000000|  0%| F|  |TAMS 0x00000006ff800000, 0x00000006ff800000| Untracked 
|1280|0x0000000700000000, 0x0000000700000000, 0x0000000700800000|  0%| F|  |TAMS 0x0000000700000000, 0x0000000700000000| Untracked 
|1281|0x0000000700800000, 0x0000000700800000, 0x0000000701000000|  0%| F|  |TAMS 0x0000000700800000, 0x0000000700800000| Untracked 
|1282|0x0000000701000000, 0x0000000701000000, 0x0000000701800000|  0%| F|  |TAMS 0x0000000701000000, 0x0000000701000000| Untracked 
|1283|0x0000000701800000, 0x0000000701800000, 0x0000000702000000|  0%| F|  |TAMS 0x0000000701800000, 0x0000000701800000| Untracked 
|1284|0x0000000702000000, 0x0000000702000000, 0x0000000702800000|  0%| F|  |TAMS 0x0000000702000000, 0x0000000702000000| Untracked 
|1285|0x0000000702800000, 0x0000000702800000, 0x0000000703000000|  0%| F|  |TAMS 0x0000000702800000, 0x0000000702800000| Untracked 
|1286|0x0000000703000000, 0x0000000703000000, 0x0000000703800000|  0%| F|  |TAMS 0x0000000703000000, 0x0000000703000000| Untracked 
|1287|0x0000000703800000, 0x0000000703800000, 0x0000000704000000|  0%| F|  |TAMS 0x0000000703800000, 0x0000000703800000| Untracked 
|1288|0x0000000704000000, 0x0000000704000000, 0x0000000704800000|  0%| F|  |TAMS 0x0000000704000000, 0x0000000704000000| Untracked 
|1289|0x0000000704800000, 0x0000000704800000, 0x0000000705000000|  0%| F|  |TAMS 0x0000000704800000, 0x0000000704800000| Untracked 
|1290|0x0000000705000000, 0x0000000705000000, 0x0000000705800000|  0%| F|  |TAMS 0x0000000705000000, 0x0000000705000000| Untracked 
|1291|0x0000000705800000, 0x0000000705800000, 0x0000000706000000|  0%| F|  |TAMS 0x0000000705800000, 0x0000000705800000| Untracked 
|1292|0x0000000706000000, 0x0000000706000000, 0x0000000706800000|  0%| F|  |TAMS 0x0000000706000000, 0x0000000706000000| Untracked 
|1293|0x0000000706800000, 0x0000000706800000, 0x0000000707000000|  0%| F|  |TAMS 0x0000000706800000, 0x0000000706800000| Untracked 
|1294|0x0000000707000000, 0x0000000707000000, 0x0000000707800000|  0%| F|  |TAMS 0x0000000707000000, 0x0000000707000000| Untracked 
|1295|0x0000000707800000, 0x0000000707800000, 0x0000000708000000|  0%| F|  |TAMS 0x0000000707800000, 0x0000000707800000| Untracked 
|1296|0x0000000708000000, 0x0000000708000000, 0x0000000708800000|  0%| F|  |TAMS 0x0000000708000000, 0x0000000708000000| Untracked 
|1297|0x0000000708800000, 0x0000000708800000, 0x0000000709000000|  0%| F|  |TAMS 0x0000000708800000, 0x0000000708800000| Untracked 
|1298|0x0000000709000000, 0x0000000709000000, 0x0000000709800000|  0%| F|  |TAMS 0x0000000709000000, 0x0000000709000000| Untracked 
|1299|0x0000000709800000, 0x0000000709800000, 0x000000070a000000|  0%| F|  |TAMS 0x0000000709800000, 0x0000000709800000| Untracked 
|1300|0x000000070a000000, 0x000000070a000000, 0x000000070a800000|  0%| F|  |TAMS 0x000000070a000000, 0x000000070a000000| Untracked 
|1790|0x00000007ff000000, 0x00000007ff800000, 0x00000007ff800000|100%| O|  |TAMS 0x00000007ff800000, 0x00000007ff000000| Untracked 
|1791|0x00000007ff800000, 0x0000000800000000, 0x0000000800000000|100%| O|  |TAMS 0x0000000800000000, 0x00000007ff800000| Untracked 

Card table byte_map: [0x00000268c82d0000,0x00000268c9ed0000] _byte_map_base: 0x00000268c5ed0000

Marking Bits (Prev, Next): (CMBitMap*) 0x00000268e7b14060, (CMBitMap*) 0x00000268e7b14020
 Prev Bits: [0x00000268d9ad0000, 0x00000268e7ad0000)
 Next Bits: [0x00000268cbad0000, 0x00000268d9ad0000)

Polling page: 0x00000268aea60000

Metaspace:

Usage:
  Non-class:    137.86 MB used.
      Class:     19.74 MB used.
       Both:    157.60 MB used.

Virtual space:
  Non-class space:      192.00 MB reserved,     139.62 MB ( 73%) committed,  3 nodes.
      Class space:        1.00 GB reserved,      21.00 MB (  2%) committed,  1 nodes.
             Both:        1.19 GB reserved,     160.62 MB ( 13%) committed. 

Chunk freelists:
   Non-Class:  4.94 MB
       Class:  11.36 MB
        Both:  16.30 MB

MaxMetaspaceSize: unlimited
CompressedClassSpaceSize: 1.00 GB
Initial GC threshold: 21.00 MB
Current GC threshold: 267.75 MB
CDS: on
MetaspaceReclaimPolicy: balanced
 - commit_granule_bytes: 65536.
 - commit_granule_words: 8192.
 - virtual_space_node_default_size: 8388608.
 - enlarge_chunks_in_place: 1.
 - new_chunks_are_fully_committed: 0.
 - uncommit_free_chunks: 1.
 - use_allocation_guard: 0.
 - handle_deallocations: 1.


Internal statistics:

num_allocs_failed_limit: 18.
num_arena_births: 4522.
num_arena_deaths: 1048.
num_vsnodes_births: 4.
num_vsnodes_deaths: 0.
num_space_committed: 2562.
num_space_uncommitted: 0.
num_chunks_returned_to_freelist: 1495.
num_chunks_taken_from_freelist: 11488.
num_chunk_merges: 691.
num_chunk_splits: 7878.
num_chunks_enlarged: 5170.
num_inconsistent_stats: 0.

CodeHeap 'non-profiled nmethods': size=119168Kb used=12697Kb max_used=12697Kb free=106471Kb
 bounds [0x00000268be9e0000, 0x00000268bf650000, 0x00000268c5e40000]
CodeHeap 'profiled nmethods': size=119104Kb used=41305Kb max_used=41305Kb free=77798Kb
 bounds [0x00000268b6e40000, 0x00000268b96a0000, 0x00000268be290000]
CodeHeap 'non-nmethods': size=7488Kb used=1795Kb max_used=3594Kb free=5692Kb
 bounds [0x00000268be290000, 0x00000268be630000, 0x00000268be9e0000]
 total_blobs=21420 nmethods=20203 adapters=1125
 compilation: enabled
              stopped_count=0, restarted_count=0
 full_count=0

Compilation events (20 events):
Event: 169.051 Thread 0x00000268eac05740 23306       3       org.apache.spark.sql.execution.datasources.parquet.ParquetVectorUpdaterFactory::getUpdater (1037 bytes)
Event: 169.089 Thread 0x00000268eac05740 nmethod 23306 0x00000268b9686590 code [0x00000268b96872a0, 0x00000268b968e3d8]
Event: 169.090 Thread 0x00000268eac05740 23307       3       org.apache.spark.sql.execution.datasources.parquet.VectorizedRleValuesReader::readIntegers (43 bytes)
Event: 169.670 Thread 0x00000268eac05740 nmethod 23307 0x00000268b968fe90 code [0x00000268b9690080, 0x00000268b96904b8]
Event: 169.670 Thread 0x00000268eac05740 23308       3       org.apache.spark.sql.execution.vectorized.WritableColumnVector::reserveDictionaryIds (42 bytes)
Event: 169.680 Thread 0x00000268eac05740 nmethod 23308 0x00000268b9690690 code [0x00000268b96908a0, 0x00000268b9690f08]
Event: 169.841 Thread 0x00000268eac05740 23309       3       org.apache.spark.sql.execution.datasources.parquet.ParquetColumnVector::getLeavesHelper (56 bytes)
Event: 169.847 Thread 0x00000268eac05740 nmethod 23309 0x00000268b9691190 code [0x00000268b96913a0, 0x00000268b96919c8]
Event: 169.856 Thread 0x00000268eac05740 23310       3       org.apache.spark.sql.execution.datasources.parquet.ParquetColumnVector::assemble (210 bytes)
Event: 169.868 Thread 0x00000268eac05740 nmethod 23310 0x00000268b9691b90 code [0x00000268b9691ec0, 0x00000268b9693568]
Event: 169.890 Thread 0x00000268eac05740 23311       3       org.apache.spark.sql.execution.datasources.parquet.VectorizedColumnReader::readBatch (494 bytes)
Event: 169.946 Thread 0x00000268eac05740 nmethod 23311 0x00000268b9693a10 code [0x00000268b9693d80, 0x00000268b96958e8]
Event: 170.024 Thread 0x00000268eac04e30 23312       4       org.apache.spark.sql.types.DecimalType$::isByteArrayDecimalType (40 bytes)
Event: 170.040 Thread 0x00000268eac04e30 nmethod 23312 0x00000268bf644e10 code [0x00000268bf644fa0, 0x00000268bf645038]
Event: 170.285 Thread 0x00000268eac04e30 23313       4       scala.collection.mutable.ArrayBuffer::map (6 bytes)
Event: 170.354 Thread 0x00000268eac04e30 nmethod 23313 0x00000268bf645110 code [0x00000268bf645300, 0x00000268bf645a98]
Event: 170.439 Thread 0x00000268eac05740 23314       3       com.sun.jmx.mbeanserver.MXBeanLookup::setLookup (8 bytes)
Event: 170.444 Thread 0x00000268eac05740 nmethod 23314 0x00000268b9696190 code [0x00000268b9696340, 0x00000268b96964e8]
Event: 170.466 Thread 0x00000268eac04e30 23315       4       java.util.concurrent.locks.LockSupport::unpark (12 bytes)
Event: 170.468 Thread 0x00000268eac04e30 nmethod 23315 0x00000268bf646110 code [0x00000268bf6462a0, 0x00000268bf646348]

GC Heap History (20 events):
Event: 165.958 GC heap after
{Heap after GC invocations=53 (full 0):
 garbage-first heap   total 3547136K, used 496510K [0x0000000480000000, 0x0000000800000000)
  region size 8192K, 9 young (73728K), 9 survivors (73728K)
 Metaspace       used 161378K, committed 164480K, reserved 1245184K
  class space    used 20215K, committed 21504K, reserved 1048576K
}
Event: 166.114 GC heap before
{Heap before GC invocations=53 (full 0):
 garbage-first heap   total 3547136K, used 1627006K [0x0000000480000000, 0x0000000800000000)
  region size 8192K, 148 young (1212416K), 9 survivors (73728K)
 Metaspace       used 161380K, committed 164480K, reserved 1245184K
  class space    used 20217K, committed 21504K, reserved 1048576K
}
Event: 166.525 GC heap after
{Heap after GC invocations=54 (full 0):
 garbage-first heap   total 8003584K, used 539692K [0x0000000480000000, 0x0000000800000000)
  region size 8192K, 15 young (122880K), 15 survivors (122880K)
 Metaspace       used 161380K, committed 164480K, reserved 1245184K
  class space    used 20217K, committed 21504K, reserved 1048576K
}
Event: 167.926 GC heap before
{Heap before GC invocations=54 (full 0):
 garbage-first heap   total 8003584K, used 810028K [0x0000000480000000, 0x0000000800000000)
  region size 8192K, 48 young (393216K), 15 survivors (122880K)
 Metaspace       used 161380K, committed 164480K, reserved 1245184K
  class space    used 20217K, committed 21504K, reserved 1048576K
}
Event: 167.985 GC heap after
{Heap after GC invocations=55 (full 0):
 garbage-first heap   total 8003584K, used 552853K [0x0000000480000000, 0x0000000800000000)
  region size 8192K, 3 young (24576K), 3 survivors (24576K)
 Metaspace       used 161380K, committed 164480K, reserved 1245184K
  class space    used 20217K, committed 21504K, reserved 1048576K
}
Event: 168.119 GC heap before
{Heap before GC invocations=55 (full 0):
 garbage-first heap   total 8003584K, used 913301K [0x0000000480000000, 0x0000000800000000)
  region size 8192K, 48 young (393216K), 3 survivors (24576K)
 Metaspace       used 161380K, committed 164480K, reserved 1245184K
  class space    used 20217K, committed 21504K, reserved 1048576K
}
Event: 168.256 GC heap after
{Heap after GC invocations=56 (full 0):
 garbage-first heap   total 8003584K, used 573781K [0x0000000480000000, 0x0000000800000000)
  region size 8192K, 6 young (49152K), 6 survivors (49152K)
 Metaspace       used 161380K, committed 164480K, reserved 1245184K
  class space    used 20217K, committed 21504K, reserved 1048576K
}
Event: 168.321 GC heap before
{Heap before GC invocations=56 (full 0):
 garbage-first heap   total 8003584K, used 917845K [0x0000000480000000, 0x0000000800000000)
  region size 8192K, 48 young (393216K), 6 survivors (49152K)
 Metaspace       used 161380K, committed 164480K, reserved 1245184K
  class space    used 20217K, committed 21504K, reserved 1048576K
}
Event: 168.363 GC heap after
{Heap after GC invocations=57 (full 0):
 garbage-first heap   total 8003584K, used 588917K [0x0000000480000000, 0x0000000800000000)
  region size 8192K, 2 young (16384K), 2 survivors (16384K)
 Metaspace       used 161380K, committed 164480K, reserved 1245184K
  class space    used 20217K, committed 21504K, reserved 1048576K
}
Event: 168.926 GC heap before
{Heap before GC invocations=57 (full 0):
 garbage-first heap   total 8003584K, used 1440885K [0x0000000480000000, 0x0000000800000000)
  region size 8192K, 106 young (868352K), 2 survivors (16384K)
 Metaspace       used 161380K, committed 164480K, reserved 1245184K
  class space    used 20217K, committed 21504K, reserved 1048576K
}
Event: 168.985 GC heap after
{Heap after GC invocations=58 (full 0):
 garbage-first heap   total 8003584K, used 613493K [0x0000000480000000, 0x0000000800000000)
  region size 8192K, 5 young (40960K), 5 survivors (40960K)
 Metaspace       used 161380K, committed 164480K, reserved 1245184K
  class space    used 20217K, committed 21504K, reserved 1048576K
}
Event: 169.093 GC heap before
{Heap before GC invocations=58 (full 0):
 garbage-first heap   total 8003584K, used 1227893K [0x0000000480000000, 0x0000000800000000)
  region size 8192K, 80 young (655360K), 5 survivors (40960K)
 Metaspace       used 161380K, committed 164480K, reserved 1245184K
  class space    used 20217K, committed 21504K, reserved 1048576K
}
Event: 169.669 GC heap after
{Heap after GC invocations=59 (full 0):
 garbage-first heap   total 10674176K, used 631435K [0x0000000480000000, 0x0000000800000000)
  region size 8192K, 8 young (65536K), 8 survivors (65536K)
 Metaspace       used 161380K, committed 164480K, reserved 1245184K
  class space    used 20217K, committed 21504K, reserved 1048576K
}
Event: 170.105 GC heap before
{Heap before GC invocations=59 (full 0):
 garbage-first heap   total 10674176K, used 1098379K [0x0000000480000000, 0x0000000800000000)
  region size 8192K, 65 young (532480K), 8 survivors (65536K)
 Metaspace       used 161380K, committed 164480K, reserved 1245184K
  class space    used 20217K, committed 21504K, reserved 1048576K
}
Event: 170.275 GC heap after
{Heap after GC invocations=60 (full 0):
 garbage-first heap   total 10674176K, used 646715K [0x0000000480000000, 0x0000000800000000)
  region size 8192K, 5 young (40960K), 5 survivors (40960K)
 Metaspace       used 161380K, committed 164480K, reserved 1245184K
  class space    used 20217K, committed 21504K, reserved 1048576K
}
Event: 170.396 GC heap before
{Heap before GC invocations=60 (full 0):
 garbage-first heap   total 10674176K, used 1138235K [0x0000000480000000, 0x0000000800000000)
  region size 8192K, 65 young (532480K), 5 survivors (40960K)
 Metaspace       used 161380K, committed 164480K, reserved 1245184K
  class space    used 20217K, committed 21504K, reserved 1048576K
}
Event: 170.431 GC heap after
{Heap after GC invocations=61 (full 0):
 garbage-first heap   total 10674176K, used 657960K [0x0000000480000000, 0x0000000800000000)
  region size 8192K, 6 young (49152K), 6 survivors (49152K)
 Metaspace       used 161380K, committed 164480K, reserved 1245184K
  class space    used 20217K, committed 21504K, reserved 1048576K
}
Event: 170.491 GC heap before
{Heap before GC invocations=61 (full 0):
 garbage-first heap   total 10674176K, used 1141288K [0x0000000480000000, 0x0000000800000000)
  region size 8192K, 65 young (532480K), 6 survivors (49152K)
 Metaspace       used 161381K, committed 164480K, reserved 1245184K
  class space    used 20217K, committed 21504K, reserved 1048576K
}
Event: 170.519 GC heap after
{Heap after GC invocations=62 (full 0):
 garbage-first heap   total 10674176K, used 672689K [0x0000000480000000, 0x0000000800000000)
  region size 8192K, 6 young (49152K), 6 survivors (49152K)
 Metaspace       used 161381K, committed 164480K, reserved 1245184K
  class space    used 20217K, committed 21504K, reserved 1048576K
}
Event: 170.573 GC heap before
{Heap before GC invocations=62 (full 0):
 garbage-first heap   total 10674176K, used 1156017K [0x0000000480000000, 0x0000000800000000)
  region size 8192K, 65 young (532480K), 6 survivors (49152K)
 Metaspace       used 161381K, committed 164480K, reserved 1245184K
  class space    used 20217K, committed 21504K, reserved 1048576K
}

Dll operation events (15 events):
Event: 0.006 Loaded shared library C:\Program Files\Microsoft\jdk-17.0.20.101-hotspot\bin\java.dll
Event: 0.018 Loaded shared library C:\Program Files\Microsoft\jdk-17.0.20.101-hotspot\bin\jsvml.dll
Event: 0.173 Loaded shared library C:\Program Files\Microsoft\jdk-17.0.20.101-hotspot\bin\net.dll
Event: 0.174 Loaded shared library C:\Program Files\Microsoft\jdk-17.0.20.101-hotspot\bin\nio.dll
Event: 0.175 Loaded shared library C:\Program Files\Microsoft\jdk-17.0.20.101-hotspot\bin\zip.dll
Event: 0.777 Loaded shared library C:\Program Files\Microsoft\jdk-17.0.20.101-hotspot\bin\jimage.dll
Event: 1.084 Loaded shared library C:\Program Files\Microsoft\jdk-17.0.20.101-hotspot\bin\management.dll
Event: 1.089 Loaded shared library C:\Program Files\Microsoft\jdk-17.0.20.101-hotspot\bin\management_ext.dll
Event: 2.191 Loaded shared library C:\Program Files\Microsoft\jdk-17.0.20.101-hotspot\bin\extnet.dll
Event: 2.815 Loaded shared library C:\hadoop\bin\hadoop.dll
Event: 2.887 Loaded shared library C:\Program Files\Microsoft\jdk-17.0.20.101-hotspot\bin\jaas.dll
Event: 3.314 Loaded shared library C:\Program Files\Microsoft\jdk-17.0.20.101-hotspot\bin\sunmscapi.dll
Event: 12.641 Loaded shared library C:\Users\vorad\AppData\Local\Temp\liblz4-java-15111122826878138124.dll
Event: 12.800 Loaded shared library C:\Program Files\Microsoft\jdk-17.0.20.101-hotspot\bin\verify.dll
Event: 16.321 Loaded shared library C:\Users\vorad\AppData\Local\Temp\snappy-1.1.10-80ffef81-ea86-4020-bdaa-7b91fd50a1a0-snappyjava.dll

Deoptimization events (20 events):
Event: 165.496 Thread 0x000002693a357ab0 DEOPT PACKING pc=0x00000268b9535e4d sp=0x000000c7d5cfd3f0
Event: 165.496 Thread 0x000002693a357ab0 DEOPT UNPACKING pc=0x00000268be2e7143 sp=0x000000c7d5cfc838 mode 0
Event: 165.496 Thread 0x000002693a357ab0 DEOPT PACKING pc=0x00000268b9535e4d sp=0x000000c7d5cfd3f0
Event: 165.496 Thread 0x000002693a357ab0 DEOPT UNPACKING pc=0x00000268be2e7143 sp=0x000000c7d5cfc838 mode 0
Event: 165.496 Thread 0x000002693a357ab0 DEOPT PACKING pc=0x00000268b9535e4d sp=0x000000c7d5cfd3f0
Event: 165.496 Thread 0x000002693a357ab0 DEOPT UNPACKING pc=0x00000268be2e7143 sp=0x000000c7d5cfc838 mode 0
Event: 165.496 Thread 0x000002693a357ab0 DEOPT PACKING pc=0x00000268b9535e4d sp=0x000000c7d5cfd3f0
Event: 165.496 Thread 0x000002693a357ab0 DEOPT UNPACKING pc=0x00000268be2e7143 sp=0x000000c7d5cfc838 mode 0
Event: 165.496 Thread 0x000002693a357ab0 DEOPT PACKING pc=0x00000268b9535e4d sp=0x000000c7d5cfd3f0
Event: 165.496 Thread 0x000002693a357ab0 DEOPT UNPACKING pc=0x00000268be2e7143 sp=0x000000c7d5cfc838 mode 0
Event: 165.514 Thread 0x000002693a357ab0 DEOPT PACKING pc=0x00000268b9535e4d sp=0x000000c7d5cfd3f0
Event: 165.514 Thread 0x000002693a357ab0 DEOPT UNPACKING pc=0x00000268be2e7143 sp=0x000000c7d5cfc838 mode 0
Event: 165.584 Thread 0x000002693ca37c30 DEOPT PACKING pc=0x00000268b953a9bc sp=0x000000c7d57fd3a0
Event: 165.584 Thread 0x000002693ca37c30 DEOPT UNPACKING pc=0x00000268be2e7143 sp=0x000000c7d57fc850 mode 0
Event: 165.590 Thread 0x000002693c12a0a0 DEOPT PACKING pc=0x00000268b9583c7a sp=0x000000c7d55fd680
Event: 165.590 Thread 0x000002693c12a0a0 DEOPT UNPACKING pc=0x00000268be2e7143 sp=0x000000c7d55fcb18 mode 0
Event: 166.078 Thread 0x00000269333e6830 Uncommon trap: trap_request=0xffffff45 fr.pc=0x00000268bf13ffc0 relative=0x0000000000000100
Event: 166.078 Thread 0x00000269333e6830 Uncommon trap: reason=unstable_if action=reinterpret pc=0x00000268bf13ffc0 method=org.apache.spark.util.AccumulatorV2.name()Lscala/Option; @ 8 c2
Event: 166.078 Thread 0x00000269333e6830 DEOPT PACKING pc=0x00000268bf13ffc0 sp=0x000000c7d37fe790
Event: 166.078 Thread 0x00000269333e6830 DEOPT UNPACKING pc=0x00000268be2e69a3 sp=0x000000c7d37fe730 mode 2

Classes loaded (20 events):
Event: 159.095 Loading class java/lang/PythonUtils
Event: 159.095 Loading class java/lang/PythonUtils done
Event: 159.109 Loading class java/lang/PythonUtils
Event: 159.109 Loading class java/lang/PythonUtils done
Event: 159.121 Loading class java/lang/PythonUtils
Event: 159.121 Loading class java/lang/PythonUtils done
Event: 159.135 Loading class java/lang/PythonUtils
Event: 159.135 Loading class java/lang/PythonUtils done
Event: 159.149 Loading class java/lang/PythonUtils
Event: 159.149 Loading class java/lang/PythonUtils done
Event: 162.818 Loading class java/lang/PythonUtils
Event: 162.818 Loading class java/lang/PythonUtils done
Event: 163.377 Loading class jdk/internal/reflect/UnsafeQualifiedStaticDoubleFieldAccessorImpl
Event: 163.378 Loading class jdk/internal/reflect/UnsafeQualifiedStaticDoubleFieldAccessorImpl done
Event: 163.805 Loading class java/lang/org
Event: 163.805 Loading class java/lang/org done
Event: 163.948 Loading class sun/nio/ch/Invoker$2
Event: 163.950 Loading class sun/nio/ch/Invoker$2 done
Event: 163.968 Loading class java/util/concurrent/CompletableFuture$CoCompletion
Event: 163.970 Loading class java/util/concurrent/CompletableFuture$CoCompletion done

Classes unloaded (20 events):
Event: 164.288 Thread 0x00000268e7cc6820 Unloading class 0x00000268ed263000 'java/lang/invoke/LambdaForm$MH+0x00000268ed263000'
Event: 164.288 Thread 0x00000268e7cc6820 Unloading class 0x00000268ed262c00 'java/lang/invoke/LambdaForm$MH+0x00000268ed262c00'
Event: 164.288 Thread 0x00000268e7cc6820 Unloading class 0x00000268ed262800 'java/lang/invoke/LambdaForm$MH+0x00000268ed262800'
Event: 164.288 Thread 0x00000268e7cc6820 Unloading class 0x00000268ed262400 'java/lang/invoke/LambdaForm$MH+0x00000268ed262400'
Event: 164.288 Thread 0x00000268e7cc6820 Unloading class 0x00000268ed262000 'java/lang/invoke/LambdaForm$MH+0x00000268ed262000'
Event: 164.288 Thread 0x00000268e7cc6820 Unloading class 0x00000268ed261c00 'java/lang/invoke/LambdaForm$MH+0x00000268ed261c00'
Event: 164.288 Thread 0x00000268e7cc6820 Unloading class 0x00000268ed261800 'java/lang/invoke/LambdaForm$MH+0x00000268ed261800'
Event: 164.288 Thread 0x00000268e7cc6820 Unloading class 0x00000268ed261400 'java/lang/invoke/LambdaForm$MH+0x00000268ed261400'
Event: 164.288 Thread 0x00000268e7cc6820 Unloading class 0x00000268ed260c00 'java/lang/invoke/LambdaForm$MH+0x00000268ed260c00'
Event: 164.288 Thread 0x00000268e7cc6820 Unloading class 0x00000268ed260800 'java/lang/invoke/LambdaForm$MH+0x00000268ed260800'
Event: 164.288 Thread 0x00000268e7cc6820 Unloading class 0x00000268ed260000 'java/lang/invoke/LambdaForm$MH+0x00000268ed260000'
Event: 164.288 Thread 0x00000268e7cc6820 Unloading class 0x00000268ed25fc00 'java/lang/invoke/LambdaForm$MH+0x00000268ed25fc00'
Event: 164.288 Thread 0x00000268e7cc6820 Unloading class 0x00000268ed25f400 'java/lang/invoke/LambdaForm$MH+0x00000268ed25f400'
Event: 164.288 Thread 0x00000268e7cc6820 Unloading class 0x00000268ed25f000 'java/lang/invoke/LambdaForm$MH+0x00000268ed25f000'
Event: 164.288 Thread 0x00000268e7cc6820 Unloading class 0x00000268ed25e800 'java/lang/invoke/LambdaForm$MH+0x00000268ed25e800'
Event: 164.288 Thread 0x00000268e7cc6820 Unloading class 0x00000268ed25e400 'java/lang/invoke/LambdaForm$MH+0x00000268ed25e400'
Event: 164.288 Thread 0x00000268e7cc6820 Unloading class 0x00000268ed25d400 'java/lang/invoke/LambdaForm$MH+0x00000268ed25d400'
Event: 164.288 Thread 0x00000268e7cc6820 Unloading class 0x00000268ed25d800 'java/lang/invoke/LambdaForm$MH+0x00000268ed25d800'
Event: 164.288 Thread 0x00000268e7cc6820 Unloading class 0x00000268ed25dc00 'java/lang/invoke/LambdaForm$MH+0x00000268ed25dc00'
Event: 164.288 Thread 0x00000268e7cc6820 Unloading class 0x00000268ed25e000 'java/lang/invoke/LambdaForm$MH+0x00000268ed25e000'

Classes redefined (0 events):
No events

Internal exceptions (20 events):
Event: 163.650 Thread 0x000002693a357090 Exception <a 'java/lang/NoSuchMethodError'{0x000000048e2bd560}: 'java.lang.Object java.lang.invoke.DelegatingMethodHandle$Holder.reinvoke_L(java.lang.Object, java.lang.Object, int, java.lang.Object, java.lang.Object, java.lang.Object, java.lang.Object)'> (0x000000048e2bd560) 
thrown [s\src\hotspot\share\interpreter\linkResolver.cpp, line 759]
Event: 163.650 Thread 0x000002693a3584d0 Exception <a 'java/lang/NoSuchMethodError'{0x000000048e411118}: 'java.lang.Object java.lang.invoke.DelegatingMethodHandle$Holder.reinvoke_L(java.lang.Object, java.lang.Object, int, java.lang.Object, java.lang.Object, java.lang.Object, java.lang.Object)'> (0x000000048e411118) 
thrown [s\src\hotspot\share\interpreter\linkResolver.cpp, line 759]
Event: 163.650 Thread 0x00000269321c00d0 Exception <a 'java/lang/NoSuchMethodError'{0x000000048e291c98}: 'java.lang.Object java.lang.invoke.DelegatingMethodHandle$Holder.reinvoke_L(java.lang.Object, java.lang.Object, int, java.lang.Object, java.lang.Object, java.lang.Object, java.lang.Object)'> (0x000000048e291c98) 
thrown [s\src\hotspot\share\interpreter\linkResolver.cpp, line 759]
Event: 163.650 Thread 0x000002693c12b9f0 Exception <a 'java/lang/NoSuchMethodError'{0x000000048e3d51f8}: 'java.lang.Object java.lang.invoke.DelegatingMethodHandle$Holder.reinvoke_L(java.lang.Object, java.lang.Object, int, java.lang.Object, java.lang.Object, java.lang.Object, java.lang.Object)'> (0x000000048e3d51f8) 
thrown [s\src\hotspot\share\interpreter\linkResolver.cpp, line 759]
Event: 163.650 Thread 0x000002693c12afd0 Exception <a 'java/lang/NoSuchMethodError'{0x000000048e27bfc8}: 'java.lang.Object java.lang.invoke.DelegatingMethodHandle$Holder.reinvoke_L(java.lang.Object, java.lang.Object, int, java.lang.Object, java.lang.Object, java.lang.Object, java.lang.Object)'> (0x000000048e27bfc8) 
thrown [s\src\hotspot\share\interpreter\linkResolver.cpp, line 759]
Event: 163.650 Thread 0x000002693ca38140 Exception <a 'java/lang/NoSuchMethodError'{0x000000048e2d67a8}: 'java.lang.Object java.lang.invoke.DelegatingMethodHandle$Holder.reinvoke_L(java.lang.Object, java.lang.Object, int, java.lang.Object, java.lang.Object, java.lang.Object, java.lang.Object)'> (0x000000048e2d67a8) 
thrown [s\src\hotspot\share\interpreter\linkResolver.cpp, line 759]
Event: 163.650 Thread 0x000002693c16b5f0 Exception <a 'java/lang/NoSuchMethodError'{0x000000048e3fe098}: 'java.lang.Object java.lang.invoke.DelegatingMethodHandle$Holder.reinvoke_L(java.lang.Object, java.lang.Object, int, java.lang.Object, java.lang.Object, java.lang.Object, java.lang.Object)'> (0x000000048e3fe098) 
thrown [s\src\hotspot\share\interpreter\linkResolver.cpp, line 759]
Event: 163.650 Thread 0x000002693a357ab0 Exception <a 'java/lang/NoSuchMethodError'{0x000000048e557160}: 'java.lang.Object java.lang.invoke.DelegatingMethodHandle$Holder.reinvoke_L(java.lang.Object, java.lang.Object, int, java.lang.Object, java.lang.Object, java.lang.Object, java.lang.Object)'> (0x000000048e557160) 
thrown [s\src\hotspot\share\interpreter\linkResolver.cpp, line 759]
Event: 163.651 Thread 0x000002693a3575a0 Exception <a 'java/lang/NoSuchMethodError'{0x000000048e61dcd0}: 'java.lang.Object java.lang.invoke.DelegatingMethodHandle$Holder.reinvoke_L(java.lang.Object, java.lang.Object, int, java.lang.Object, java.lang.Object, java.lang.Object, java.lang.Object)'> (0x000000048e61dcd0) 
thrown [s\src\hotspot\share\interpreter\linkResolver.cpp, line 759]
Event: 163.651 Thread 0x000002693c12a0a0 Exception <a 'java/lang/NoSuchMethodError'{0x000000048e638d20}: 'java.lang.Object java.lang.invoke.DelegatingMethodHandle$Holder.reinvoke_L(java.lang.Object, java.lang.Object, int, java.lang.Object, java.lang.Object, java.lang.Object, java.lang.Object)'> (0x000000048e638d20) 
thrown [s\src\hotspot\share\interpreter\linkResolver.cpp, line 759]
Event: 163.651 Thread 0x000002693ca37720 Exception <a 'java/lang/NoSuchMethodError'{0x000000048e59f600}: 'java.lang.Object java.lang.invoke.DelegatingMethodHandle$Holder.reinvoke_L(java.lang.Object, java.lang.Object, int, java.lang.Object, java.lang.Object, java.lang.Object, java.lang.Object)'> (0x000000048e59f600) 
thrown [s\src\hotspot\share\interpreter\linkResolver.cpp, line 759]
Event: 163.737 Thread 0x000002693c12afd0 Exception <a 'java/lang/NoSuchMethodError'{0x000000048bbe4778}: 'long java.lang.invoke.DirectMethodHandle$Holder.invokeVirtual(java.lang.Object, java.lang.Object)'> (0x000000048bbe4778) 
thrown [s\src\hotspot\share\interpreter\linkResolver.cpp, line 759]
Event: 163.740 Thread 0x000002693c12aac0 Exception <a 'java/lang/NoSuchMethodError'{0x000000048b4545f0}: 'long java.lang.invoke.DirectMethodHandle$Holder.invokeVirtual(java.lang.Object, java.lang.Object)'> (0x000000048b4545f0) 
thrown [s\src\hotspot\share\interpreter\linkResolver.cpp, line 759]
Event: 164.113 Thread 0x000002693a357ab0 Exception <a 'java/lang/NoSuchMethodError'{0x00000004982044b0}: 'java.lang.Object java.lang.invoke.DelegatingMethodHandle$Holder.reinvoke_L(java.lang.Object, java.lang.Object, long, java.lang.Object, java.lang.Object, java.lang.Object, int, java.lang.Object, java.lang.Object, java.lang.Object, java.lang.Object, java.lang.Object, java.lang.Object, java.lang.Object, java.lang.Object)'> (0x00000004982044b0) 
thrown [s\src\hotspot\share\interpreter\linkResolver.cpp, line 759]
Event: 164.113 Thread 0x000002693c12aac0 Exception <a 'java/lang/NoSuchMethodError'{0x0000000498173ad0}: 'java.lang.Object java.lang.invoke.DelegatingMethodHandle$Holder.reinvoke_L(java.lang.Object, java.lang.Object, long, java.lang.Object, java.lang.Object, java.lang.Object, int, java.lang.Object, java.lang.Object, java.lang.Object, java.lang.Object, java.lang.Object, java.lang.Object, java.lang.Object, java.lang.Object)'> (0x0000000498173ad0) 
thrown [s\src\hotspot\share\interpreter\linkResolver.cpp, line 759]
Event: 164.119 Thread 0x000002693a357ab0 Exception <a 'java/lang/NoSuchMethodError'{0x00000004986fff80}: 'java.lang.Object java.lang.invoke.DirectMethodHandle$Holder.invokeSpecial(java.lang.Object, java.lang.Object, long, java.lang.Object, java.lang.Object, java.lang.Object, int, java.lang.Object, java.lang.Object, java.lang.Object, java.lang.Object, java.lang.Object, java.lang.Object, java.lang.Object, java.lang.Object)'> (0x00000004986fff80) 
thrown [s\src\hotspot\share\interpreter\linkResolver.cpp, line 759]
Event: 164.120 Thread 0x000002693c12aac0 Exception <a 'java/lang/NoSuchMethodError'{0x0000000498725050}: 'java.lang.Object java.lang.invoke.DirectMethodHandle$Holder.invokeSpecial(java.lang.Object, java.lang.Object, long, java.lang.Object, java.lang.Object, java.lang.Object, int, java.lang.Object, java.lang.Object, java.lang.Object, java.lang.Object, java.lang.Object, java.lang.Object, java.lang.Object, java.lang.Object)'> (0x0000000498725050) 
thrown [s\src\hotspot\share\interpreter\linkResolver.cpp, line 759]
Event: 164.120 Thread 0x000002693a357ab0 Exception <a 'java/lang/NoSuchMethodError'{0x000000049875d308}: 'java.lang.Object java.lang.invoke.DelegatingMethodHandle$Holder.reinvoke_L(java.lang.Object, long, java.lang.Object, java.lang.Object, java.lang.Object, int, java.lang.Object, java.lang.Object, java.lang.Object, java.lang.Object, java.lang.Object, java.lang.Object, java.lang.Object, java.lang.Object)'> (0x000000049875d308) 
thrown [s\src\hotspot\share\interpreter\linkResolver.cpp, line 759]
Event: 164.144 Thread 0x000002693c12aac0 Exception <a 'java/lang/NoSuchMethodError'{0x000000049e12eb98}: 'java.lang.Object java.lang.invoke.DelegatingMethodHandle$Holder.reinvoke_L(java.lang.Object, long, java.lang.Object, java.lang.Object, java.lang.Object, int, java.lang.Object, java.lang.Object, java.lang.Object, java.lang.Object, java.lang.Object, java.lang.Object, java.lang.Object, java.lang.Object)'> (0x000000049e12eb98) 
thrown [s\src\hotspot\share\interpreter\linkResolver.cpp, line 759]
Event: 164.153 Thread 0x000002693c12aac0 Exception <a 'java/lang/NoSuchMethodError'{0x000000049e13b6f0}: 'java.lang.Object java.lang.invoke.DirectMethodHandle$Holder.invokeSpecial(java.lang.Object, java.lang.Object, java.lang.Object, java.lang.Object, java.lang.Object, int, java.lang.Object, java.lang.Object, java.lang.Object, java.lang.Object, java.lang.Object, java.lang.Object, java.lang.Object, java.lang.Object)'> (0x000000049e13b6f0) 
thrown [s\src\hotspot\share\interpreter\linkResolver.cpp, line 759]

VM Operations (20 events):
Event: 165.958 Executing VM operation: G1CollectForAllocation done
Event: 166.114 Executing VM operation: G1CollectForAllocation
Event: 166.525 Executing VM operation: G1CollectForAllocation done
Event: 167.926 Executing VM operation: G1CollectForAllocation
Event: 167.985 Executing VM operation: G1CollectForAllocation done
Event: 168.119 Executing VM operation: G1CollectForAllocation
Event: 168.256 Executing VM operation: G1CollectForAllocation done
Event: 168.320 Executing VM operation: G1CollectForAllocation
Event: 168.363 Executing VM operation: G1CollectForAllocation done
Event: 168.926 Executing VM operation: G1CollectForAllocation
Event: 168.985 Executing VM operation: G1CollectForAllocation done
Event: 169.092 Executing VM operation: G1CollectForAllocation
Event: 169.670 Executing VM operation: G1CollectForAllocation done
Event: 170.104 Executing VM operation: G1CollectForAllocation
Event: 170.276 Executing VM operation: G1CollectForAllocation done
Event: 170.395 Executing VM operation: G1CollectForAllocation
Event: 170.432 Executing VM operation: G1CollectForAllocation done
Event: 170.490 Executing VM operation: G1CollectForAllocation
Event: 170.519 Executing VM operation: G1CollectForAllocation done
Event: 170.572 Executing VM operation: G1CollectForAllocation

Memory protections (0 events):
No events

Nmethod flushes (20 events):
Event: 109.789 Thread 0x00000268eac0a070 flushing  nmethod 0x00000268b8fc4610
Event: 109.789 Thread 0x00000268eac0a070 flushing  nmethod 0x00000268b8fc5990
Event: 109.789 Thread 0x00000268eac0a070 flushing  nmethod 0x00000268b8fc5d10
Event: 109.789 Thread 0x00000268eac0a070 flushing  nmethod 0x00000268b8fc7a10
Event: 109.789 Thread 0x00000268eac0a070 flushing  nmethod 0x00000268b8fd5310
Event: 109.789 Thread 0x00000268eac0a070 flushing  nmethod 0x00000268b8fd8690
Event: 109.789 Thread 0x00000268eac0a070 flushing  nmethod 0x00000268b9004010
Event: 109.789 Thread 0x00000268eac0a070 flushing  nmethod 0x00000268b9004710
Event: 109.789 Thread 0x00000268eac0a070 flushing  nmethod 0x00000268b9005610
Event: 109.789 Thread 0x00000268eac0a070 flushing  nmethod 0x00000268b9010210
Event: 109.789 Thread 0x00000268eac0a070 flushing  nmethod 0x00000268b9010910
Event: 109.789 Thread 0x00000268eac0a070 flushing  nmethod 0x00000268b9020b10
Event: 109.789 Thread 0x00000268eac0a070 flushing  nmethod 0x00000268b903aa90
Event: 109.789 Thread 0x00000268eac0a070 flushing  nmethod 0x00000268b903ba10
Event: 109.789 Thread 0x00000268eac0a070 flushing  nmethod 0x00000268b9084d90
Event: 109.789 Thread 0x00000268eac0a070 flushing  nmethod 0x00000268b90a9f10
Event: 164.442 Thread 0x00000268eac0a070 flushing  nmethod 0x00000268b79e4410
Event: 164.455 Thread 0x00000268eac0a070 flushing  nmethod 0x00000268b80d5310
Event: 164.458 Thread 0x00000268eac0a070 flushing  nmethod 0x00000268b8315410
Event: 164.486 Thread 0x00000268eac0a070 flushing  nmethod 0x00000268b8f16f90

Events (20 events):
Event: 163.976 Thread 0x0000026939390320 Thread added: 0x000002693bb98e10
Event: 163.979 Thread 0x0000026939390320 Thread added: 0x000002693bb9b180
Event: 163.980 Thread 0x0000026939390320 Thread added: 0x000002693bb9b690
Event: 163.980 Thread 0x0000026939390320 Thread added: 0x000002693bb9c0b0
Event: 163.989 Thread 0x0000026939390320 Thread added: 0x000002693bb99830
Event: 164.310 Thread 0x00000269332e02a0 Thread added: 0x000002693bb9c5c0
Event: 164.312 Thread 0x000002693bb9c5c0 Thread added: 0x000002693ae05600
Event: 164.313 Thread 0x000002693bb9c5c0 Thread added: 0x0000026945deeaf0
Event: 164.315 Thread 0x0000026945deeaf0 Thread added: 0x000002693ae7a9e0
Event: 164.316 Thread 0x000002693ae7a9e0 Thread added: 0x000002693ca38650
Event: 164.940 Thread 0x000002693ba547c0 Thread exited: 0x000002693ba547c0
Event: 164.940 Thread 0x000002693ba54d10 Thread exited: 0x000002693ba54d10
Event: 165.004 Thread 0x000002693ba55d00 Thread exited: 0x000002693ba55d00
Event: 165.475 Thread 0x000002693ba51d40 Thread exited: 0x000002693ba51d40
Event: 165.475 Thread 0x000002693ba512a0 Thread exited: 0x000002693ba512a0
Event: 165.494 Thread 0x000002693ba4e820 Thread exited: 0x000002693ba4e820
Event: 165.771 Thread 0x000002693ba52d30 Thread exited: 0x000002693ba52d30
Event: 165.961 Thread 0x000002693ba4ed70 Thread exited: 0x000002693ba4ed70
Event: 166.045 Thread 0x000002693ba527e0 Thread exited: 0x000002693ba527e0
Event: 166.045 Thread 0x000002693ba517f0 Thread exited: 0x000002693ba517f0


Dynamic libraries:
0x00007ff7160f0000 - 0x00007ff7160fe000 	C:\Program Files\Microsoft\jdk-17.0.20.101-hotspot\bin\java.exe
0x00007ff8d95c0000 - 0x00007ff8d9826000 	C:\WINDOWS\SYSTEM32\ntdll.dll
0x00007ff8d8230000 - 0x00007ff8d82f9000 	C:\WINDOWS\System32\KERNEL32.DLL
0x00007ff8d67d0000 - 0x00007ff8d6bcf000 	C:\WINDOWS\System32\KERNELBASE.dll
0x00007ff8d6d90000 - 0x00007ff8d6edc000 	C:\WINDOWS\System32\ucrtbase.dll
0x00007ff81b460000 - 0x00007ff81b47e000 	C:\Program Files\Microsoft\jdk-17.0.20.101-hotspot\bin\VCRUNTIME140.dll
0x00007ff81b440000 - 0x00007ff81b458000 	C:\Program Files\Microsoft\jdk-17.0.20.101-hotspot\bin\jli.dll
0x00007ff8d8060000 - 0x00007ff8d8226000 	C:\WINDOWS\System32\USER32.dll
0x00007ff8d5c40000 - 0x00007ff8d5ed1000 	C:\WINDOWS\WinSxS\amd64_microsoft.windows.common-controls_6595b64144ccf1df_6.0.26100.8972_none_3e0da176e32f9d4b\COMCTL32.dll
0x00007ff8d6ca0000 - 0x00007ff8d6cc7000 	C:\WINDOWS\System32\win32u.dll
0x00007ff8d7500000 - 0x00007ff8d752b000 	C:\WINDOWS\System32\GDI32.dll
0x00007ff8d86f0000 - 0x00007ff8d8799000 	C:\WINDOWS\System32\msvcrt.dll
0x00007ff8d71c0000 - 0x00007ff8d72e9000 	C:\WINDOWS\System32\gdi32full.dll
0x00007ff8d6f80000 - 0x00007ff8d7023000 	C:\WINDOWS\System32\msvcp_win.dll
0x00007ff8d7530000 - 0x00007ff8d7562000 	C:\WINDOWS\System32\IMM32.DLL
0x00007ff82ff60000 - 0x00007ff82ff6c000 	C:\Program Files\Microsoft\jdk-17.0.20.101-hotspot\bin\vcruntime140_1.dll
0x00007ff81b3b0000 - 0x00007ff81b439000 	C:\Program Files\Microsoft\jdk-17.0.20.101-hotspot\bin\msvcp140.dll
0x00007ff81a730000 - 0x00007ff81b3ab000 	C:\Program Files\Microsoft\jdk-17.0.20.101-hotspot\bin\server\jvm.dll
0x00007ff8d7570000 - 0x00007ff8d762c000 	C:\WINDOWS\System32\ADVAPI32.dll
0x00007ff8d8300000 - 0x00007ff8d83aa000 	C:\WINDOWS\System32\sechost.dll
0x00007ff8d7640000 - 0x00007ff8d7758000 	C:\WINDOWS\System32\RPCRT4.dll
0x00007ff8d9220000 - 0x00007ff8d92a2000 	C:\WINDOWS\System32\WS2_32.dll
0x00007ff8c1f30000 - 0x00007ff8c1f66000 	C:\WINDOWS\SYSTEM32\WINMM.dll
0x00007ff8d6010000 - 0x00007ff8d606e000 	C:\WINDOWS\SYSTEM32\POWRPROF.dll
0x00007ff8d3cd0000 - 0x00007ff8d3cdb000 	C:\WINDOWS\SYSTEM32\VERSION.dll
0x00007ff8d5ee0000 - 0x00007ff8d5ef5000 	C:\WINDOWS\SYSTEM32\UMPDC.dll
0x00007ff8d4f20000 - 0x00007ff8d4f3b000 	C:\WINDOWS\SYSTEM32\kernel.appcore.dll
0x00007ff81f040000 - 0x00007ff81f04a000 	C:\Program Files\Microsoft\jdk-17.0.20.101-hotspot\bin\jimage.dll
0x00007ff8d6080000 - 0x00007ff8d62c2000 	C:\WINDOWS\SYSTEM32\DBGHELP.DLL
0x00007ff8d7820000 - 0x00007ff8d7ba5000 	C:\WINDOWS\System32\combase.dll
0x00007ff8d73e0000 - 0x00007ff8d74b9000 	C:\WINDOWS\System32\OLEAUT32.dll
0x00007ff8d5f00000 - 0x00007ff8d5f3b000 	C:\WINDOWS\SYSTEM32\dbgcore.DLL
0x00007ff8d6be0000 - 0x00007ff8d6c8c000 	C:\WINDOWS\System32\bcryptPrimitives.dll
0x00007ff81a700000 - 0x00007ff81a726000 	C:\Program Files\Microsoft\jdk-17.0.20.101-hotspot\bin\java.dll
0x00007ff81a620000 - 0x00007ff81a6f6000 	C:\Program Files\Microsoft\jdk-17.0.20.101-hotspot\bin\jsvml.dll
0x00007ff8d8a70000 - 0x00007ff8d91f8000 	C:\WINDOWS\System32\SHELL32.dll
0x00007ff8d3250000 - 0x00007ff8d3aeb000 	C:\WINDOWS\SYSTEM32\windows.storage.dll
0x00007ff8d8910000 - 0x00007ff8d8a09000 	C:\WINDOWS\System32\SHCORE.dll
0x00007ff8d72f0000 - 0x00007ff8d7356000 	C:\WINDOWS\System32\shlwapi.dll
0x00007ff8d66f0000 - 0x00007ff8d6719000 	C:\WINDOWS\SYSTEM32\profapi.dll
0x00007ff81a600000 - 0x00007ff81a61b000 	C:\Program Files\Microsoft\jdk-17.0.20.101-hotspot\bin\net.dll
0x00007ff8cbe00000 - 0x00007ff8cbf28000 	C:\WINDOWS\SYSTEM32\WINHTTP.dll
0x00007ff8d4a50000 - 0x00007ff8d4abc000 	C:\WINDOWS\system32\mswsock.dll
0x00007ff81a5e0000 - 0x00007ff81a5f6000 	C:\Program Files\Microsoft\jdk-17.0.20.101-hotspot\bin\nio.dll
0x00007ff81a5c0000 - 0x00007ff81a5d8000 	C:\Program Files\Microsoft\jdk-17.0.20.101-hotspot\bin\zip.dll
0x00007ff81a5b0000 - 0x00007ff81a5ba000 	C:\Program Files\Microsoft\jdk-17.0.20.101-hotspot\bin\management.dll
0x00007ff81a5a0000 - 0x00007ff81a5ac000 	C:\Program Files\Microsoft\jdk-17.0.20.101-hotspot\bin\management_ext.dll
0x00007ff8d86e0000 - 0x00007ff8d86e8000 	C:\WINDOWS\System32\PSAPI.DLL
0x00007ff8d5f60000 - 0x00007ff8d5f78000 	C:\WINDOWS\system32\napinsp.dll
0x00007ff8d3f70000 - 0x00007ff8d40c8000 	C:\WINDOWS\SYSTEM32\DNSAPI.dll
0x00007ff8d4830000 - 0x00007ff8d483d000 	C:\WINDOWS\SYSTEM32\DSPARSE.dll
0x00007ff8d3f30000 - 0x00007ff8d3f63000 	C:\WINDOWS\SYSTEM32\IPHLPAPI.DLL
0x00007ff8d8a60000 - 0x00007ff8d8a6a000 	C:\WINDOWS\System32\NSI.dll
0x00007ff8d5f40000 - 0x00007ff8d5f53000 	C:\WINDOWS\System32\winrnr.dll
0x00007ff8a05a0000 - 0x00007ff8a05c2000 	C:\WINDOWS\system32\nlansp_c.dll
0x00007ff8cb810000 - 0x00007ff8cb826000 	C:\WINDOWS\system32\wshbth.dll
0x00007ff8ceb00000 - 0x00007ff8ceb0b000 	C:\Windows\System32\rasadhlp.dll
0x00007ff8ce980000 - 0x00007ff8cea06000 	C:\WINDOWS\System32\fwpuclnt.dll
0x00007ff8d63f0000 - 0x00007ff8d640b000 	C:\WINDOWS\SYSTEM32\CRYPTSP.dll
0x00007ff8d4460000 - 0x00007ff8d4499000 	C:\WINDOWS\system32\rsaenh.dll
0x00007ff8d4b00000 - 0x00007ff8d4b32000 	C:\WINDOWS\SYSTEM32\USERENV.dll
0x00007ff8d66c0000 - 0x00007ff8d66ea000 	C:\WINDOWS\SYSTEM32\bcrypt.dll
0x00007ff8d4d40000 - 0x00007ff8d4d4c000 	C:\WINDOWS\SYSTEM32\CRYPTBASE.dll
0x00007ff8d5540000 - 0x00007ff8d555d000 	C:\WINDOWS\SYSTEM32\dhcpcsvc6.DLL
0x00007ff8d52a0000 - 0x00007ff8d52c5000 	C:\WINDOWS\SYSTEM32\dhcpcsvc.DLL
0x00007ff81a590000 - 0x00007ff81a599000 	C:\Program Files\Microsoft\jdk-17.0.20.101-hotspot\bin\extnet.dll
0x00007ff81a570000 - 0x00007ff81a589000 	C:\hadoop\bin\hadoop.dll
0x00007ff8aa080000 - 0x00007ff8aa09a000 	C:\WINDOWS\SYSTEM32\NETAPI32.dll
0x00007ff8d3ed0000 - 0x00007ff8d3f20000 	C:\WINDOWS\SYSTEM32\AUTHZ.dll
0x00007ff8d3e70000 - 0x00007ff8d3e8b000 	C:\WINDOWS\SYSTEM32\SAMCLI.DLL
0x00007ff8d3e00000 - 0x00007ff8d3e0d000 	C:\WINDOWS\SYSTEM32\NETUTILS.DLL
0x00007ff81a560000 - 0x00007ff81a569000 	C:\Program Files\Microsoft\jdk-17.0.20.101-hotspot\bin\jaas.dll
0x00007ff81a550000 - 0x00007ff81a55e000 	C:\Program Files\Microsoft\jdk-17.0.20.101-hotspot\bin\sunmscapi.dll
0x00007ff8d7030000 - 0x00007ff8d71ae000 	C:\WINDOWS\System32\CRYPT32.dll
0x00007ff8d5830000 - 0x00007ff8d5860000 	C:\WINDOWS\SYSTEM32\ncrypt.dll
0x00007ff8d57e0000 - 0x00007ff8d581f000 	C:\WINDOWS\SYSTEM32\NTASN1.dll
0x00007ff8b75f0000 - 0x00007ff8b75f8000 	C:\WINDOWS\system32\wshunix.dll
0x00007ff8d5fd0000 - 0x00007ff8d6006000 	C:\WINDOWS\SYSTEM32\ntmarta.dll
0x00007ff89bb80000 - 0x00007ff89bbc8000 	C:\Users\vorad\AppData\Local\Temp\liblz4-java-15111122826878138124.dll
0x00007ff81a540000 - 0x00007ff81a550000 	C:\Program Files\Microsoft\jdk-17.0.20.101-hotspot\bin\verify.dll
0x0000000070fc0000 - 0x000000007108f000 	C:\Users\vorad\AppData\Local\Temp\snappy-1.1.10-80ffef81-ea86-4020-bdaa-7b91fd50a1a0-snappyjava.dll

dbghelp: loaded successfully - version: 4.0.5 - missing functions: none
symbol engine: initialized successfully - sym options: 0x614 - pdb path: .;C:\Program Files\Microsoft\jdk-17.0.20.101-hotspot\bin;C:\WINDOWS\SYSTEM32;C:\WINDOWS\WinSxS\amd64_microsoft.windows.common-controls_6595b64144ccf1df_6.0.26100.8972_none_3e0da176e32f9d4b;C:\Program Files\Microsoft\jdk-17.0.20.101-hotspot\bin\server;C:\hadoop\bin;C:\Users\vorad\AppData\Local\Temp

VM Arguments:
jvm_args: -Xmx14g -XX:+IgnoreUnrecognizedVMOptions --add-modules=jdk.incubator.vector --add-opens=java.base/java.lang=ALL-UNNAMED --add-opens=java.base/java.lang.invoke=ALL-UNNAMED --add-opens=java.base/java.lang.reflect=ALL-UNNAMED --add-opens=java.base/java.io=ALL-UNNAMED --add-opens=java.base/java.net=ALL-UNNAMED --add-opens=java.base/java.nio=ALL-UNNAMED --add-opens=java.base/java.util=ALL-UNNAMED --add-opens=java.base/java.util.concurrent=ALL-UNNAMED --add-opens=java.base/java.util.concurrent.atomic=ALL-UNNAMED --add-opens=java.base/jdk.internal.ref=ALL-UNNAMED --add-opens=java.base/sun.nio.ch=ALL-UNNAMED --add-opens=java.base/sun.nio.cs=ALL-UNNAMED --add-opens=java.base/sun.security.action=ALL-UNNAMED --add-opens=java.base/sun.util.calendar=ALL-UNNAMED --add-opens=java.security.jgss/sun.security.krb5=ALL-UNNAMED -Dio.netty.tryReflectionSetAccessible=true -Dio.netty.allocator.type=pooled -Dio.netty.handler.ssl.defaultEndpointVerificationAlgorithm=NONE --sun-misc-unsafe-memory-access=allow --enable-native-access=ALL-UNNAMED -Dderby.connection.requireAuthentication=false 
java_command: org.apache.spark.deploy.SparkSubmit --conf spark.master=local[16] --conf spark.driver.memory=14g --conf spark.python.worker.faulthandler.enabled=true --conf spark.default.parallelism=256 --conf spark.sql.execution.pyspark.udf.faulthandler.enabled=true --conf spark.sql.adaptive.enabled=true --conf spark.sql.adaptive.coalescePartitions.enabled=true --conf spark.app.name=mortgage-credit-risk-preprocessing --conf spark.pyspark.driver.python=c:\Users\vorad\OneDrive\Desktop\Projects\mortgage-credit-risk\venv\Scripts\python.exe --conf spark.sql.shuffle.partitions=256 --conf spark.sql.adaptive.skewJoin.enabled=true --conf spark.pyspark.python=c:\Users\vorad\OneDrive\Desktop\Projects\mortgage-credit-risk\venv\Scripts\python.exe pyspark-shell
java_class_path (initial): C:\Users\vorad\OneDrive\Desktop\Projects\mortgage-credit-risk\venv\Lib\site-packages\pyspark\bin\..\conf;C:\Users\vorad\OneDrive\Desktop\Projects\mortgage-credit-risk\venv\Lib\site-packages\pyspark\bin\..\jars\slf4j-api-2.0.17.jar;C:\Users\vorad\OneDrive\Desktop\Projects\mortgage-credit-risk\venv\Lib\site-packages\pyspark\bin\..\jars\aircompressor-2.0.3.jar;C:\Users\vorad\OneDrive\Desktop\Projects\mortgage-credit-risk\venv\Lib\site-packages\pyspark\bin\..\jars\algebra_2.13-2.8.0.jar;C:\Users\vorad\OneDrive\Desktop\Projects\mortgage-credit-risk\venv\Lib\site-packages\pyspark\bin\..\jars\antlr-runtime-3.5.2.jar;C:\Users\vorad\OneDrive\Desktop\Projects\mortgage-credit-risk\venv\Lib\site-packages\pyspark\bin\..\jars\antlr4-runtime-4.13.1.jar;C:\Users\vorad\OneDrive\Desktop\Projects\mortgage-credit-risk\venv\Lib\site-packages\pyspark\bin\..\jars\aopalliance-repackaged-3.0.6.jar;C:\Users\vorad\OneDrive\Desktop\Projects\mortgage-credit-risk\venv\Lib\site-packages\pyspark\bin\..\jars\arpack-3.2.0.jar;C:\Users\vorad\OneDrive\Desktop\Projects\mortgage-credit-risk\venv\Lib\site-packages\pyspark\bin\..\jars\arpack_combined_all-0.1.jar;C:\Users\vorad\OneDrive\Desktop\Projects\mortgage-credit-risk\venv\Lib\site-packages\pyspark\bin\..\jars\arrow-compression-19.0.0.jar;C:\Users\vorad\OneDrive\Desktop\Projects\mortgage-credit-risk\venv\Lib\site-packages\pyspark\bin\..\jars\arrow-format-19.0.0.jar;C:\Users\vorad\OneDrive\Desktop\Projects\mortgage-credit-risk\venv\Lib\site-packages\pyspark\bin\..\jars\arrow-memory-core-19.0.0.jar;C:\Users\vorad\OneDrive\Desktop\Projects\mortgage-credit-risk\venv\Lib\site-packages\pyspark\bin\..\jars\arrow-memory-netty-19.0.0.jar;C:\Users\vorad\OneDrive\Desktop\Projects\mortgage-credit-risk\venv\Lib\site-packages\pyspark\bin\..\jars\arrow-memory-netty-buffer-patch-19.0.0.jar;C:\Users\vorad\OneDrive\Desktop\Projects\mortgage-credit-risk\venv\Lib\site-packages\pyspark\bin\..\jars\arrow-vector-19.0.0.jar;C:\Users\vorad\OneDri
Launcher Type: SUN_STANDARD

[Global flags]
     intx CICompilerCount                          = 12                                        {product} {ergonomic}
     uint ConcGCThreads                            = 3                                         {product} {ergonomic}
     uint G1ConcRefinementThreads                  = 13                                        {product} {ergonomic}
   size_t G1HeapRegionSize                         = 8388608                                   {product} {ergonomic}
    uintx GCDrainStackTargetSize                   = 64                                        {product} {ergonomic}
     bool IgnoreUnrecognizedVMOptions              = true                                      {product} {command line}
   size_t InitialHeapSize                          = 268435456                                 {product} {ergonomic}
   size_t MarkStackSize                            = 4194304                                   {product} {ergonomic}
   size_t MaxHeapSize                              = 15032385536                               {product} {command line}
   size_t MaxNewSize                               = 9017753600                                {product} {ergonomic}
   size_t MinHeapDeltaBytes                        = 8388608                                   {product} {ergonomic}
   size_t MinHeapSize                              = 8388608                                   {product} {ergonomic}
    uintx NonNMethodCodeHeapSize                   = 7602480                                {pd product} {ergonomic}
    uintx NonProfiledCodeHeapSize                  = 122027880                              {pd product} {ergonomic}
    uintx ProfiledCodeHeapSize                     = 122027880                              {pd product} {ergonomic}
    uintx ReservedCodeCacheSize                    = 251658240                              {pd product} {ergonomic}
     bool SegmentedCodeCache                       = true                                      {product} {ergonomic}
   size_t SoftMaxHeapSize                          = 15032385536                            {manageable} {ergonomic}
     bool UseCompressedClassPointers               = true                           {product lp64_product} {ergonomic}
     bool UseCompressedOops                        = true                           {product lp64_product} {ergonomic}
     bool UseG1GC                                  = true                                      {product} {ergonomic}
     bool UseLargePagesIndividualAllocation        = false                                  {pd product} {ergonomic}

Logging:
Log output configuration:
 #0: stdout all=warning uptime,level,tags
 #1: stderr all=off uptime,level,tags

Environment Variables:
JAVA_HOME=C:\Program Files\Microsoft\jdk-17.0.20.101-hotspot
PATH=c:\Users\vorad\OneDrive\Desktop\Projects\mortgage-credit-risk\venv\Scripts;C:\Users\vorad\OneDrive\Desktop\Projects\mortgage-credit-risk\venv\Scripts;C:\Program Files\Microsoft\jdk-17.0.20.101-hotspot\bin;C:\Program Files (x86)\Common Files\Oracle\Java\javapath;C:\WINDOWS\system32;C:\WINDOWS;C:\WINDOWS\System32\Wbem;C:\WINDOWS\System32\WindowsPowerShell\v1.0\;C:\WINDOWS\System32\OpenSSH\;C:\ProgramData\chocolatey\bin;;C:\Program Files\dotnet\;C:\Program Files\NVIDIA Corporation\NVIDIA app\NvDLISR;C:\Program Files (x86)\NVIDIA Corporation\PhysX\Common;C:\Program Files\Git\cmd;C:\Program Files\GitHub CLI\;C:\Program Files\Microsoft\jdk-17.0.20.101-hotspot\bin;C:\Users\vorad\AppData\Local\Programs\Python\Python313\Scripts\;C:\Users\vorad\AppData\Local\Programs\Python\Python313\;C:\Users\vorad\AppData\Local\Microsoft\WindowsApps;C:\Users\vorad\AppData\Local\Programs\Microsoft VS Code\bin;C:\ProgramData\nvm;C:\Program Files\nodejs;C:\Users\vorad\AppData\Local\GitHubDesktop\bin;C:\Users\vorad\AppData\Local\Python\bin;C:\Users\vorad\AppData\Local\Google\Cloud SDK\google-cloud-sdk\bin;C:\hadoop\bin;
USERNAME=vorad
TERM=xterm-color
OS=Windows_NT
PROCESSOR_IDENTIFIER=Intel64 Family 6 Model 154 Stepping 3, GenuineIntel
TMP=C:\Users\vorad\AppData\Local\Temp
TEMP=C:\Users\vorad\AppData\Local\Temp



Periodic native trim disabled


---------------  S Y S T E M  ---------------

OS:
 Windows 11 , 64 bit Build 26100 (10.0.26100.9168)
OS uptime: 0 days 3:18 hours
Hyper-V role detected

CPU: total 16 (initial active 16) (8 cores per cpu, 2 threads per core) family 6 model 154 stepping 3 microcode 0x437, cx8, cmov, fxsr, ht, mmx, 3dnowpref, sse, sse2, sse3, ssse3, sse4.1, sse4.2, popcnt, lzcnt, tsc, tscinvbit, avx, avx2, aes, erms, clmul, bmi1, bmi2, adx, sha, fma, vzeroupper, clflush, clflushopt, clwb, hv
Processor Information for the first 16 processors :
  Max Mhz: 2300, Current Mhz: 2300, Mhz Limit: 2300

Memory: 4k page, system-wide physical 16051M (36M free)
TotalPageFile size 65153M (AvailPageFile size 462M)
current process WorkingSet (physical memory assigned to process): 1281M, peak: 3301M
current process commit charge ("private bytes"): 11387M, peak: 12955M

vm_info: OpenJDK 64-Bit Server VM (17.0.20.1+1-LTS) for windows-amd64 JRE (17.0.20.1+1-LTS), built on Aug 11 2026 20:17:22 by "MicrosoftCorporation" with MS VC++ 17.14 (VS2022)

END.
