#
# There is insufficient memory for the Java Runtime Environment to continue.
# Native memory allocation (mmap) failed to map 3414163456 bytes. Error detail: G1 virtual space
# Possible reasons:
#   The system is out of physical RAM or swap space
#   This process is running with CompressedOops enabled, and the Java Heap may be blocking the growth of the native heap
# Possible solutions:
#   Reduce memory load on the system
#   Increase physical memory or swap space
#   Check if swap backing store is full
#   Decrease Java heap size (-Xmx/-Xms)
#   Decrease number of Java threads
#   Decrease Java thread stack sizes (-Xss)
#   Set larger code cache with -XX:ReservedCodeCacheSize=
#   JVM is running with Zero Based Compressed Oops mode in which the Java heap is
#     placed in the first 32GB address space. The Java Heap base address is the
#     maximum limit for the native heap growth. Please use -XX:HeapBaseMinAddress
#     to set the Java Heap base and to place the Java Heap above 32GB virtual address.
# This output file may be truncated or incomplete.
#
#  Out of Memory Error (os_windows.cpp:3702), pid=15584, tid=22684
#
# JRE version: OpenJDK Runtime Environment Microsoft-14940689 (17.0.20.1+1) (build 17.0.20.1+1-LTS)
# Java VM: OpenJDK 64-Bit Server VM Microsoft-14940689 (17.0.20.1+1-LTS, mixed mode, sharing, tiered, compressed oops, compressed class ptrs, g1 gc, windows-amd64)
# No core dump will be written. Minidumps are not enabled by default on client versions of Windows
#

---------------  S U M M A R Y ------------

Command Line: -Xmx12g -XX:+IgnoreUnrecognizedVMOptions --add-modules=jdk.incubator.vector --add-opens=java.base/java.lang=ALL-UNNAMED --add-opens=java.base/java.lang.invoke=ALL-UNNAMED --add-opens=java.base/java.lang.reflect=ALL-UNNAMED --add-opens=java.base/java.io=ALL-UNNAMED --add-opens=java.base/java.net=ALL-UNNAMED --add-opens=java.base/java.nio=ALL-UNNAMED --add-opens=java.base/java.util=ALL-UNNAMED --add-opens=java.base/java.util.concurrent=ALL-UNNAMED --add-opens=java.base/java.util.concurrent.atomic=ALL-UNNAMED --add-opens=java.base/jdk.internal.ref=ALL-UNNAMED --add-opens=java.base/sun.nio.ch=ALL-UNNAMED --add-opens=java.base/sun.nio.cs=ALL-UNNAMED --add-opens=java.base/sun.security.action=ALL-UNNAMED --add-opens=java.base/sun.util.calendar=ALL-UNNAMED --add-opens=java.security.jgss/sun.security.krb5=ALL-UNNAMED -Dio.netty.tryReflectionSetAccessible=true -Dio.netty.allocator.type=pooled -Dio.netty.handler.ssl.defaultEndpointVerificationAlgorithm=NONE --sun-misc-unsafe-memory-access=allow --enable-native-access=ALL-UNNAMED -Dderby.connection.requireAuthentication=false org.apache.spark.deploy.SparkSubmit --conf spark.master=local[4] --conf spark.driver.memory=12g --conf spark.default.parallelism=16 --conf spark.sql.adaptive.enabled=true --conf spark.sql.adaptive.coalescePartitions.enabled=true --conf spark.app.name=mortgage-credit-risk-preprocessing --conf spark.sql.shuffle.partitions=16 --conf spark.sql.adaptive.skewJoin.enabled=true pyspark-shell

Host: 12th Gen Intel(R) Core(TM) i7-12650H, 16 cores, 15G,  Windows 11 , 64 bit Build 26100 (10.0.26100.9168)
Time: Tue Aug 25 12:07:23 2026 India Standard Time elapsed time: 3809.876712 seconds (0d 1h 3m 29s)

---------------  T H R E A D  ---------------

Current thread (0x000001ee76603310):  VMThread "VM Thread" [stack: 0x000000bcd6400000,0x000000bcd6500000] [id=22684]

Stack: [0x000000bcd6400000,0x000000bcd6500000]
Native frames: (J=compiled Java code, j=interpreted, Vv=VM code, C=native code)
V  [jvm.dll+0x68d159]  (no source info available)
V  [jvm.dll+0x8462c9]  (no source info available)
V  [jvm.dll+0x84803b]  (no source info available)
V  [jvm.dll+0x8486c3]  (no source info available)
V  [jvm.dll+0x24d12f]  (no source info available)
V  [jvm.dll+0x68c559]  (no source info available)
V  [jvm.dll+0x68084a]  (no source info available)
V  [jvm.dll+0x3103f0]  (no source info available)
V  [jvm.dll+0x310292]  (no source info available)
V  [jvm.dll+0x317809]  (no source info available)
V  [jvm.dll+0x369b89]  (no source info available)
V  [jvm.dll+0x369dbd]  (no source info available)
V  [jvm.dll+0x2e6bfa]  (no source info available)
V  [jvm.dll+0x2e9c78]  (no source info available)
V  [jvm.dll+0x2f43a4]  (no source info available)
V  [jvm.dll+0x32934d]  (no source info available)
V  [jvm.dll+0x84cf4d]  (no source info available)
V  [jvm.dll+0x84dc63]  (no source info available)
V  [jvm.dll+0x84e194]  (no source info available)
V  [jvm.dll+0x84e578]  (no source info available)
V  [jvm.dll+0x84e66e]  (no source info available)
V  [jvm.dll+0x7f67dc]  (no source info available)
V  [jvm.dll+0x68e6f7]  (no source info available)
C  [ucrtbase.dll+0x2cd30]  (no source info available)
C  [KERNEL32.DLL+0x2ccb7]  (no source info available)
C  [ntdll.dll+0xaad6c]  (no source info available)

VM_Operation (0x000000bcd60ff3e0): G1PauseRemark, mode: safepoint, requested by thread 0x000001ee698bceb0


---------------  P R O C E S S  ---------------

Threads class SMR info:
_java_thread_list=0x000001eec96affc0, length=111, elements={
0x000001ee6982c7a0, 0x000001ee76608300, 0x000001ee76609be0, 0x000001ee7949bdc0,
0x000001ee7949c690, 0x000001ee7949cf60, 0x000001ee7949d830, 0x000001ee7949e430,
0x000001ee7949f140, 0x000001ee794b15b0, 0x000001ee796d8470, 0x000001ee797324d0,
0x000001eec13a9830, 0x000001ee797157a0, 0x000001eec1278820, 0x000001eec1275a90,
0x000001eec1275070, 0x000001eec12769c0, 0x000001eec1276ed0, 0x000001eec1275580,
0x000001eec12773e0, 0x000001eec1275fa0, 0x000001eec12764b0, 0x000001eec12778f0,
0x000001eec1278310, 0x000001eec176c2f0, 0x000001eec176d220, 0x000001eec176b8d0,
0x000001eec176d730, 0x000001eec176e150, 0x000001eec176cd10, 0x000001eec176aeb0,
0x000001eec176e660, 0x000001eec176dc40, 0x000001eec176b3c0, 0x000001eec176bde0,
0x000001eec16cb210, 0x000001eec16c8480, 0x000001eec16cad00, 0x000001eec16c98c0,
0x000001eec16ca7f0, 0x000001eec16c8ea0, 0x000001eec16c93b0, 0x000001eec16c7a60,
0x000001eec16cc140, 0x000001eec16cb720, 0x000001eec16cbc30, 0x000001eec16c8990,
0x000001eec16cd070, 0x000001eec16cd580, 0x000001eec16cc650, 0x000001eec16ccb60,
0x000001eec16cda90, 0x000001eec16ca2e0, 0x000001eec0a59360, 0x000001eec0a59870,
0x000001eec0a5d530, 0x000001eec00f5250, 0x000001eec9f0e5a0, 0x000001eec9f0eab0,
0x000001eec9f0efc0, 0x000001eec9f0f4d0, 0x000001eec9f0f9e0, 0x000001eec9f0e090,
0x000001eec9d035f0, 0x000001eec9d05960, 0x000001eec9d04520, 0x000001eec9d04f40,
0x000001eec9d05e70, 0x000001eec9d03b00, 0x000001eeca5c7370, 0x000001eeca5c87b0,
0x000001eec9d05450, 0x000001eec9d04010, 0x000001eec9d04a30, 0x000001eec89f7d20,
0x000001eec89f8c50, 0x000001eec00f84f0, 0x000001eec9d06890, 0x000001eec90dc4a0,
0x000001eec90dc9b0, 0x000001eec2dbf370, 0x000001eec2dc0cc0, 0x000001eec00f2ee0,
0x000001eec00f7ad0, 0x000001eec00f4320, 0x000001eec00f6ba0, 0x000001eec8fe93f0,
0x000001eeca5c7880, 0x000001eeca5c7d90, 0x000001eec22bd680, 0x000001eebfb8a7d0,
0x000001eeca805c40, 0x000001eeca807fb0, 0x000001eeca5c82a0, 0x000001eecc1a5720,
0x000001eec87dccb0, 0x000001eeca807590, 0x000001eec9f61240, 0x000001eec9f61750,
0x000001eec87dbd80, 0x000001eec9dce660, 0x000001eeca5c6e60, 0x000001eecb163750,
0x000001eecb163c60, 0x000001eeca806b70, 0x000001eec22bbd30, 0x000001eecc1a42e0,
0x000001eebfb8c120, 0x000001eec9576380, 0x000001eec2608b50
}

Java Threads: ( => current thread )
  0x000001ee6982c7a0 JavaThread "main" [_thread_in_native, id=23808, stack(0x000000bcd5e00000,0x000000bcd5f00000)]
  0x000001ee76608300 JavaThread "Reference Handler" daemon [_thread_blocked, id=25608, stack(0x000000bcd6500000,0x000000bcd6600000)]
  0x000001ee76609be0 JavaThread "Finalizer" daemon [_thread_blocked, id=20364, stack(0x000000bcd6600000,0x000000bcd6700000)]
  0x000001ee7949bdc0 JavaThread "Signal Dispatcher" daemon [_thread_blocked, id=2600, stack(0x000000bcd6700000,0x000000bcd6800000)]
  0x000001ee7949c690 JavaThread "Attach Listener" daemon [_thread_blocked, id=25048, stack(0x000000bcd6800000,0x000000bcd6900000)]
  0x000001ee7949cf60 JavaThread "Service Thread" daemon [_thread_blocked, id=21388, stack(0x000000bcd6900000,0x000000bcd6a00000)]
  0x000001ee7949d830 JavaThread "Monitor Deflation Thread" daemon [_thread_blocked, id=5996, stack(0x000000bcd6a00000,0x000000bcd6b00000)]
  0x000001ee7949e430 JavaThread "C2 CompilerThread0" daemon [_thread_blocked, id=4832, stack(0x000000bcd6b00000,0x000000bcd6c00000)]
  0x000001ee7949f140 JavaThread "C1 CompilerThread0" daemon [_thread_blocked, id=20996, stack(0x000000bcd6c00000,0x000000bcd6d00000)]
  0x000001ee794b15b0 JavaThread "Sweeper thread" daemon [_thread_blocked, id=26828, stack(0x000000bcd6d00000,0x000000bcd6e00000)]
  0x000001ee796d8470 JavaThread "Common-Cleaner" daemon [_thread_blocked, id=3340, stack(0x000000bcd6f00000,0x000000bcd7000000)]
  0x000001ee797324d0 JavaThread "Notification Thread" daemon [_thread_blocked, id=6916, stack(0x000000bcd7400000,0x000000bcd7500000)]
  0x000001eec13a9830 JavaThread "Thread-1" [_thread_in_native, id=23348, stack(0x000000bcd8500000,0x000000bcd8600000)]
  0x000001ee797157a0 JavaThread "Thread-2" [_thread_blocked, id=21600, stack(0x000000bcd7200000,0x000000bcd7300000)]
  0x000001eec1278820 JavaThread "rpc-boss-3-1" daemon [_thread_in_native, id=24020, stack(0x000000bcd8600000,0x000000bcd8700000)]
  0x000001eec1275a90 JavaThread "dispatcher-event-loop-0" daemon [_thread_blocked, id=20532, stack(0x000000bcd8700000,0x000000bcd8800000)]
  0x000001eec1275070 JavaThread "dispatcher-event-loop-1" daemon [_thread_blocked, id=4020, stack(0x000000bcd8800000,0x000000bcd8900000)]
  0x000001eec12769c0 JavaThread "dispatcher-event-loop-2" daemon [_thread_blocked, id=18340, stack(0x000000bcd8900000,0x000000bcd8a00000)]
  0x000001eec1276ed0 JavaThread "dispatcher-event-loop-3" daemon [_thread_blocked, id=13944, stack(0x000000bcd8a00000,0x000000bcd8b00000)]
  0x000001eec1275580 JavaThread "Thread-3" [_thread_in_native, id=3472, stack(0x000000bcd8b00000,0x000000bcd8c00000)]
  0x000001eec12773e0 JavaThread "map-output-dispatcher-0" daemon [_thread_blocked, id=6052, stack(0x000000bcd8c00000,0x000000bcd8d00000)]
  0x000001eec1275fa0 JavaThread "map-output-dispatcher-1" daemon [_thread_blocked, id=15216, stack(0x000000bcd8d00000,0x000000bcd8e00000)]
  0x000001eec12764b0 JavaThread "map-output-dispatcher-2" daemon [_thread_blocked, id=4524, stack(0x000000bcd8e00000,0x000000bcd8f00000)]
  0x000001eec12778f0 JavaThread "map-output-dispatcher-3" daemon [_thread_blocked, id=18020, stack(0x000000bcd8f00000,0x000000bcd9000000)]
  0x000001eec1278310 JavaThread "map-output-dispatcher-4" daemon [_thread_blocked, id=3288, stack(0x000000bcd9000000,0x000000bcd9100000)]
  0x000001eec176c2f0 JavaThread "map-output-dispatcher-5" daemon [_thread_blocked, id=16116, stack(0x000000bcd9100000,0x000000bcd9200000)]
  0x000001eec176d220 JavaThread "map-output-dispatcher-6" daemon [_thread_blocked, id=22076, stack(0x000000bcd9200000,0x000000bcd9300000)]
  0x000001eec176b8d0 JavaThread "map-output-dispatcher-7" daemon [_thread_blocked, id=11088, stack(0x000000bcd9300000,0x000000bcd9400000)]
  0x000001eec176d730 JavaThread "dispatcher-BlockManagerMaster" daemon [_thread_blocked, id=2216, stack(0x000000bcd7b00000,0x000000bcd7c00000)]
  0x000001eec176e150 JavaThread "dispatcher-BlockManagerEndpoint1" daemon [_thread_blocked, id=7756, stack(0x000000bcd9400000,0x000000bcd9500000)]
  0x000001eec176cd10 JavaThread "RemoteBlock-temp-file-clean-thread" daemon [_thread_blocked, id=21792, stack(0x000000bcd9500000,0x000000bcd9600000)]
  0x000001eec176aeb0 JavaThread "refresh progress" daemon [_thread_blocked, id=18808, stack(0x000000bcd9600000,0x000000bcd9700000)]
  0x000001eec176e660 JavaThread "SparkUI-46" daemon [_thread_in_native, id=23100, stack(0x000000bcd9b00000,0x000000bcd9c00000)]
  0x000001eec176dc40 JavaThread "SparkUI-47" daemon [_thread_in_native, id=26096, stack(0x000000bcd9c00000,0x000000bcd9d00000)]
  0x000001eec176b3c0 JavaThread "SparkUI-48" daemon [_thread_in_native, id=14504, stack(0x000000bcd9d00000,0x000000bcd9e00000)]
  0x000001eec176bde0 JavaThread "SparkUI-49" daemon [_thread_in_native, id=25004, stack(0x000000bcd9e00000,0x000000bcd9f00000)]
  0x000001eec16cb210 JavaThread "SparkUI-50" daemon [_thread_in_native, id=20972, stack(0x000000bcd9f00000,0x000000bcda000000)]
  0x000001eec16c8480 JavaThread "SparkUI-51" daemon [_thread_in_native, id=4584, stack(0x000000bcda000000,0x000000bcda100000)]
  0x000001eec16cad00 JavaThread "SparkUI-52" daemon [_thread_in_native, id=8900, stack(0x000000bcda100000,0x000000bcda200000)]
  0x000001eec16c98c0 JavaThread "SparkUI-53" daemon [_thread_in_native, id=22160, stack(0x000000bcda200000,0x000000bcda300000)]
  0x000001eec16ca7f0 JavaThread "SparkUI-54-acceptor-0@5d370438-osjs.ServerConnector@53f0f1ee{HTTP/1.1, (http/1.1)}{0.0.0.0:4040}" daemon [_thread_in_native, id=17028, stack(0x000000bcda300000,0x000000bcda400000)]
  0x000001eec16c8ea0 JavaThread "dispatcher-HeartbeatReceiver" daemon [_thread_blocked, id=26084, stack(0x000000bcda400000,0x000000bcda500000)]
  0x000001eec16c93b0 JavaThread "heartbeat-receiver-event-loop-thread" daemon [_thread_blocked, id=6596, stack(0x000000bcda500000,0x000000bcda600000)]
  0x000001eec16c7a60 JavaThread "netty-rpc-env-timeout" daemon [_thread_blocked, id=22360, stack(0x000000bcda600000,0x000000bcda700000)]
  0x000001eec16cc140 JavaThread "dag-scheduler-event-loop" daemon [_thread_blocked, id=27076, stack(0x000000bcd9a00000,0x000000bcd9b00000)]
  0x000001eec16cb720 JavaThread "driver-heartbeater" daemon [_thread_blocked, id=2692, stack(0x000000bcda700000,0x000000bcda800000)]
  0x000001eec16cbc30 JavaThread "executor-kill-mark-cleanup" daemon [_thread_blocked, id=12760, stack(0x000000bcda800000,0x000000bcda900000)]
  0x000001eec16c8990 JavaThread "executor-heartbeater" daemon [_thread_blocked, id=27276, stack(0x000000bcda900000,0x000000bcdaa00000)]
  0x000001eec16cd070 JavaThread "shuffle-boss-6-1" daemon [_thread_in_native, id=25156, stack(0x000000bcdaa00000,0x000000bcdab00000)]
  0x000001eec16cd580 JavaThread "Spark Context Cleaner" daemon [_thread_blocked, id=26296, stack(0x000000bcd9900000,0x000000bcd9a00000)]
  0x000001eec16cc650 JavaThread "context-cleaner-periodic-gc" daemon [_thread_blocked, id=5352, stack(0x000000bcdab00000,0x000000bcdac00000)]
  0x000001eec16ccb60 JavaThread "spark-listener-group-appStatus" daemon [_thread_blocked, id=17176, stack(0x000000bcdac00000,0x000000bcdad00000)]
  0x000001eec16cda90 JavaThread "spark-listener-group-executorManagement" daemon [_thread_blocked, id=2556, stack(0x000000bcdad00000,0x000000bcdae00000)]
  0x000001eec16ca2e0 JavaThread "element-tracking-store-worker" daemon [_thread_blocked, id=14120, stack(0x000000bcdae00000,0x000000bcdaf00000)]
  0x000001eec0a59360 JavaThread "org.apache.hadoop.fs.FileSystem$Statistics$StatisticsDataReferenceCleaner" daemon [_thread_blocked, id=15276, stack(0x000000bcd9800000,0x000000bcd9900000)]
  0x000001eec0a59870 JavaThread "task-result-getter-0" daemon [_thread_blocked, id=15564, stack(0x000000bcd9700000,0x000000bcd9800000)]
  0x000001eec0a5d530 JavaThread "task-result-getter-1" daemon [_thread_blocked, id=23612, stack(0x000000bcdb400000,0x000000bcdb500000)]
  0x000001eec00f5250 JavaThread "Cleaner-0" daemon [_thread_blocked, id=5728, stack(0x000000bcd5d00000,0x000000bcd5e00000)]
  0x000001eec9f0e5a0 JavaThread "Thread-16" daemon [_thread_in_native, id=17972, stack(0x000000bcdb800000,0x000000bcdb900000)]
  0x000001eec9f0eab0 JavaThread "Thread-17" daemon [_thread_in_native, id=19928, stack(0x000000bcdb900000,0x000000bcdba00000)]
  0x000001eec9f0efc0 JavaThread "Thread-18" daemon [_thread_in_native, id=12668, stack(0x000000bcdba00000,0x000000bcdbb00000)]
  0x000001eec9f0f4d0 JavaThread "Thread-19" daemon [_thread_in_native, id=8856, stack(0x000000bcdbb00000,0x000000bcdbc00000)]
  0x000001eec9f0f9e0 JavaThread "Thread-20" daemon [_thread_in_native, id=28548, stack(0x000000bcdbc00000,0x000000bcdbd00000)]
  0x000001eec9f0e090 JavaThread "Thread-21" daemon [_thread_in_native, id=24336, stack(0x000000bcdbd00000,0x000000bcdbe00000)]
  0x000001eec9d035f0 JavaThread "Thread-22" daemon [_thread_in_native, id=2116, stack(0x000000bcdbe00000,0x000000bcdbf00000)]
  0x000001eec9d05960 JavaThread "Thread-23" daemon [_thread_in_native, id=14680, stack(0x000000bcdbf00000,0x000000bcdc000000)]
  0x000001eec9d04520 JavaThread "Thread-24" daemon [_thread_in_native, id=19572, stack(0x000000bcdc000000,0x000000bcdc100000)]
  0x000001eec9d04f40 JavaThread "Thread-25" daemon [_thread_in_native, id=27604, stack(0x000000bcdc100000,0x000000bcdc200000)]
  0x000001eec9d05e70 JavaThread "Thread-26" daemon [_thread_in_native, id=12460, stack(0x000000bcdc200000,0x000000bcdc300000)]
  0x000001eec9d03b00 JavaThread "Thread-27" daemon [_thread_in_native, id=18396, stack(0x000000bcdc300000,0x000000bcdc400000)]
  0x000001eeca5c7370 JavaThread "Thread-28" daemon [_thread_in_native, id=10660, stack(0x000000bcdc400000,0x000000bcdc500000)]
  0x000001eeca5c87b0 JavaThread "Thread-29" daemon [_thread_in_native, id=22680, stack(0x000000bcdc500000,0x000000bcdc600000)]
  0x000001eec9d05450 JavaThread "Thread-30" daemon [_thread_in_native, id=16252, stack(0x000000bcdc600000,0x000000bcdc700000)]
  0x000001eec9d04010 JavaThread "Thread-31" daemon [_thread_in_native, id=14916, stack(0x000000bcdc700000,0x000000bcdc800000)]
  0x000001eec9d04a30 JavaThread "Thread-32" daemon [_thread_in_native, id=18668, stack(0x000000bcdc800000,0x000000bcdc900000)]
  0x000001eec89f7d20 JavaThread "task-result-getter-2" daemon [_thread_blocked, id=26844, stack(0x000000bcdc900000,0x000000bcdca00000)]
  0x000001eec89f8c50 JavaThread "task-result-getter-3" daemon [_thread_blocked, id=22232, stack(0x000000bcdca00000,0x000000bcdcb00000)]
  0x000001eec00f84f0 JavaThread "shuffle-client-5-1" daemon [_thread_in_native, id=27164, stack(0x000000bcdd400000,0x000000bcdd500000)]
  0x000001eec9d06890 JavaThread "shuffle-server-7-1" daemon [_thread_in_native, id=21976, stack(0x000000bcddb00000,0x000000bcddc00000)]
  0x000001eec90dc4a0 JavaThread "broadcast-exchange-42" daemon [_thread_blocked, id=18100, stack(0x000000bcd7100000,0x000000bcd7200000)]
  0x000001eec90dc9b0 JavaThread "shuffle-exchange-11" daemon [_thread_blocked, id=20688, stack(0x000000bcd7300000,0x000000bcd7400000)]
  0x000001eec2dbf370 JavaThread "broadcast-exchange-43" daemon [_thread_blocked, id=10748, stack(0x000000bcdaf00000,0x000000bcdb000000)]
  0x000001eec2dc0cc0 JavaThread "broadcast-exchange-44" daemon [_thread_blocked, id=15864, stack(0x000000bcdb000000,0x000000bcdb100000)]
  0x000001eec00f2ee0 JavaThread "Executor task launch worker for task 0.0 in stage 57.0 (TID 277)" daemon [_thread_blocked, id=16988, stack(0x000000bcdb200000,0x000000bcdb300000)]
  0x000001eec00f7ad0 JavaThread "Executor task launch worker for task 1.0 in stage 57.0 (TID 278)" daemon [_thread_blocked, id=6512, stack(0x000000bcdb300000,0x000000bcdb400000)]
  0x000001eec00f4320 JavaThread "Executor task launch worker for task 2.0 in stage 57.0 (TID 279)" daemon [_thread_blocked, id=10196, stack(0x000000bcdb500000,0x000000bcdb600000)]
  0x000001eec00f6ba0 JavaThread "Executor task launch worker for task 3.0 in stage 57.0 (TID 280)" daemon [_thread_blocked, id=21720, stack(0x000000bcdb600000,0x000000bcdb700000)]
  0x000001eec8fe93f0 JavaThread "block-manager-storage-async-thread-pool-308" daemon [_thread_blocked, id=13028, stack(0x000000bcdcb00000,0x000000bcdcc00000)]
  0x000001eeca5c7880 JavaThread "block-manager-storage-async-thread-pool-309" daemon [_thread_blocked, id=10884, stack(0x000000bcdd200000,0x000000bcdd300000)]
  0x000001eeca5c7d90 JavaThread "block-manager-storage-async-thread-pool-310" daemon [_thread_blocked, id=21952, stack(0x000000bcdd300000,0x000000bcdd400000)]
  0x000001eec22bd680 JavaThread "block-manager-ask-thread-pool-236" daemon [_thread_blocked, id=19912, stack(0x000000bcdd500000,0x000000bcdd600000)]
  0x000001eebfb8a7d0 JavaThread "block-manager-storage-async-thread-pool-311" daemon [_thread_blocked, id=25324, stack(0x000000bcdd600000,0x000000bcdd700000)]
  0x000001eeca805c40 JavaThread "block-manager-storage-async-thread-pool-312" daemon [_thread_blocked, id=28648, stack(0x000000bcdd700000,0x000000bcdd800000)]
  0x000001eeca807fb0 JavaThread "block-manager-storage-async-thread-pool-313" daemon [_thread_blocked, id=27124, stack(0x000000bcdd800000,0x000000bcdd900000)]
  0x000001eeca5c82a0 JavaThread "block-manager-ask-thread-pool-237" daemon [_thread_blocked, id=22620, stack(0x000000bcdd900000,0x000000bcdda00000)]
  0x000001eecc1a5720 JavaThread "QueryStageCreator-32" daemon [_thread_blocked, id=27492, stack(0x000000bcd7000000,0x000000bcd7100000)]
  0x000001eec87dccb0 JavaThread "shuffle-exchange-12" daemon [_thread_blocked, id=11848, stack(0x000000bcdb100000,0x000000bcdb200000)]
  0x000001eeca807590 JavaThread "block-manager-storage-async-thread-pool-314" daemon [_thread_blocked, id=25016, stack(0x000000bcddc00000,0x000000bcddd00000)]
  0x000001eec9f61240 JavaThread "block-manager-storage-async-thread-pool-315" daemon [_thread_blocked, id=14652, stack(0x000000bcddd00000,0x000000bcdde00000)]
  0x000001eec9f61750 JavaThread "block-manager-storage-async-thread-pool-316" daemon [_thread_blocked, id=16828, stack(0x000000bcdde00000,0x000000bcddf00000)]
  0x000001eec87dbd80 JavaThread "block-manager-ask-thread-pool-238" daemon [_thread_blocked, id=21684, stack(0x000000bcddf00000,0x000000bcde000000)]
  0x000001eec9dce660 JavaThread "block-manager-ask-thread-pool-239" daemon [_thread_blocked, id=15316, stack(0x000000bcde000000,0x000000bcde100000)]
  0x000001eeca5c6e60 JavaThread "block-manager-storage-async-thread-pool-317" daemon [_thread_blocked, id=15512, stack(0x000000bcde100000,0x000000bcde200000)]
  0x000001eecb163750 JavaThread "block-manager-storage-async-thread-pool-318" daemon [_thread_blocked, id=23180, stack(0x000000bcde200000,0x000000bcde300000)]
  0x000001eecb163c60 JavaThread "block-manager-storage-async-thread-pool-319" daemon [_thread_blocked, id=23920, stack(0x000000bcde300000,0x000000bcde400000)]
  0x000001eeca806b70 JavaThread "block-manager-ask-thread-pool-240" daemon [_thread_blocked, id=20976, stack(0x000000bcde400000,0x000000bcde500000)]
  0x000001eec22bbd30 JavaThread "block-manager-ask-thread-pool-241" daemon [_thread_blocked, id=21048, stack(0x000000bcde500000,0x000000bcde600000)]
  0x000001eecc1a42e0 JavaThread "QueryStageCreator-33" daemon [_thread_blocked, id=17760, stack(0x000000bcde700000,0x000000bcde800000)]
  0x000001eebfb8c120 JavaThread "QueryStageCreator-34" daemon [_thread_blocked, id=24836, stack(0x000000bcd5b00000,0x000000bcd5c00000)]
  0x000001eec9576380 JavaThread "shuffle-exchange-13" daemon [_thread_blocked, id=21056, stack(0x000000bcd5c00000,0x000000bcd5d00000)]
  0x000001eec2608b50 JavaThread "C2 CompilerThread1" daemon [_thread_blocked, id=26000, stack(0x000000bcdda00000,0x000000bcddb00000)]

Other Threads:
=>0x000001ee76603310 VMThread "VM Thread" [stack: 0x000000bcd6400000,0x000000bcd6500000] [id=22684]
  0x000001ee79732dc0 WatcherThread [stack: 0x000000bcd7500000,0x000000bcd7600000] [id=8876]
  0x000001ee698b6ad0 GCTaskThread "GC Thread#0" [stack: 0x000000bcd5f00000,0x000000bcd6000000] [id=16592]
  0x000001ee797fe500 GCTaskThread "GC Thread#1" [stack: 0x000000bcd7600000,0x000000bcd7700000] [id=19744]
  0x000001ee797fe7d0 GCTaskThread "GC Thread#2" [stack: 0x000000bcd7700000,0x000000bcd7800000] [id=27212]
  0x000001eebf2eb310 GCTaskThread "GC Thread#3" [stack: 0x000000bcd7800000,0x000000bcd7900000] [id=3804]
  0x000001eebf2ec6c0 GCTaskThread "GC Thread#4" [stack: 0x000000bcd7900000,0x000000bcd7a00000] [id=19732]
  0x000001eebf2ec120 GCTaskThread "GC Thread#5" [stack: 0x000000bcd7a00000,0x000000bcd7b00000] [id=12260]
  0x000001eebf2ead70 GCTaskThread "GC Thread#6" [stack: 0x000000bcd7c00000,0x000000bcd7d00000] [id=23224]
  0x000001eebf2eb5e0 GCTaskThread "GC Thread#7" [stack: 0x000000bcd7d00000,0x000000bcd7e00000] [id=26932]
  0x000001eebf2eb8b0 GCTaskThread "GC Thread#8" [stack: 0x000000bcd7e00000,0x000000bcd7f00000] [id=10836]
  0x000001eec0e452a0 GCTaskThread "GC Thread#9" [stack: 0x000000bcd7f00000,0x000000bcd8000000] [id=5372]
  0x000001eec0e45de0 GCTaskThread "GC Thread#10" [stack: 0x000000bcd8000000,0x000000bcd8100000] [id=24772]
  0x000001eec0e45570 GCTaskThread "GC Thread#11" [stack: 0x000000bcd8100000,0x000000bcd8200000] [id=26692]
  0x000001eec0e44490 GCTaskThread "GC Thread#12" [stack: 0x000000bcd8200000,0x000000bcd8300000] [id=20444]
  0x000001ee698bceb0 ConcurrentGCThread "G1 Main Marker" [stack: 0x000000bcd6000000,0x000000bcd6100000] [id=21184]
  0x000001ee698bebf0 ConcurrentGCThread "G1 Conc#0" [stack: 0x000000bcd6100000,0x000000bcd6200000] [id=7260]
  0x000001eec0e46380 ConcurrentGCThread "G1 Conc#1" [stack: 0x000000bcd8300000,0x000000bcd8400000] [id=4464]
  0x000001eec0e45b10 ConcurrentGCThread "G1 Conc#2" [stack: 0x000000bcd8400000,0x000000bcd8500000] [id=9316]
  0x000001ee76545410 ConcurrentGCThread "G1 Refine#0" [stack: 0x000000bcd6200000,0x000000bcd6300000] [id=22496]
  0x000001eec05e6b60 ConcurrentGCThread "G1 Refine#1" [stack: 0x000000bcdcc00000,0x000000bcdcd00000] [id=2912]
  0x000001eec05e5360 ConcurrentGCThread "G1 Refine#2" [stack: 0x000000bcdcd00000,0x000000bcdce00000] [id=3220]
  0x000001eec05e5060 ConcurrentGCThread "G1 Refine#3" [stack: 0x000000bcdce00000,0x000000bcdcf00000] [id=23840]
  0x000001eec05e5660 ConcurrentGCThread "G1 Refine#4" [stack: 0x000000bcdcf00000,0x000000bcdd000000] [id=21908]
  0x000001eec05e6860 ConcurrentGCThread "G1 Refine#5" [stack: 0x000000bcdd000000,0x000000bcdd100000] [id=22812]
  0x000001eec05e6260 ConcurrentGCThread "G1 Refine#6" [stack: 0x000000bcdd100000,0x000000bcdd200000] [id=7984]
  0x000001ee76545c00 ConcurrentGCThread "G1 Service" [stack: 0x000000bcd6300000,0x000000bcd6400000] [id=18608]

Threads with active compile tasks:
C2 CompilerThread0  3809921 26001   !   4       jdk.internal.math.FloatingDecimal::readJavaFormatString (826 bytes)
C2 CompilerThread1  3809921 25993 % !   4       org.apache.spark.sql.catalyst.expressions.GeneratedClass$GeneratedIteratorForCodegenStage6::sort_addToSorter_0$ @ 92 (977 bytes)

VM state: at safepoint (normal execution)

VM Mutex/Monitor currently owned by a thread:  ([mutex/lock_event])
[0x000001ee69828e60] Threads_lock - owner thread: 0x000001ee76603310
[0x000001ee69828560] Heap_lock - owner thread: 0x000001ee698bceb0

Heap address: 0x0000000500000000, size: 12288 MB, Compressed Oops mode: Zero based, Oop shift amount: 3

CDS archive(s) mapped at: [0x000001ee7a000000-0x000001ee7abb0000-0x000001ee7abb0000), size 12255232, SharedBaseAddress: 0x000001ee7a000000, ArchiveRelocationMode: 1.
Compressed class space mapped at: 0x000001ee7b000000-0x000001eebb000000, reserved size: 1073741824
Narrow klass base: 0x000001ee7a000000, Narrow klass shift: 0, Narrow klass range: 0x100000000

GC Precious Log:
 CPUs: 16 total, 16 available
 Memory: 16051M
 Large Page Support: Disabled
 NUMA Support: Disabled
 Compressed Oops: Enabled (Zero based)
 Heap Region Size: 8M
 Heap Min Capacity: 8M
 Heap Initial Capacity: 256M
 Heap Max Capacity: 12G
 Pre-touch: Disabled
 Parallel Workers: 13
 Concurrent Workers: 3
 Concurrent Refinement Workers: 13
 Periodic GC: Disabled

Heap:
 garbage-first heap   total 5300224K, used 5103356K [0x0000000500000000, 0x0000000800000000)
  region size 8192K, 10 young (81920K), 2 survivors (16384K)
 Metaspace       used 159768K, committed 161984K, reserved 1245184K
  class space    used 20143K, committed 21184K, reserved 1048576K

Heap Regions: E=young(eden), S=young(survivor), O=old, HS=humongous(starts), HC=humongous(continues), CS=collection set, F=free, OA=open archive, CA=closed archive, TAMS=top-at-mark-start (previous, next)
|   0|0x0000000500000000, 0x0000000500800000, 0x0000000500800000|100%| O|  |TAMS 0x0000000500800000, 0x0000000500000000| Untracked 
|   1|0x0000000500800000, 0x0000000501000000, 0x0000000501000000|100%| O|  |TAMS 0x0000000501000000, 0x0000000500800000| Untracked 
|   2|0x0000000501000000, 0x0000000501800000, 0x0000000501800000|100%| O|  |TAMS 0x0000000501800000, 0x0000000501000000| Untracked 
|   3|0x0000000501800000, 0x0000000502000000, 0x0000000502000000|100%| O|  |TAMS 0x0000000502000000, 0x0000000501800000| Untracked 
|   4|0x0000000502000000, 0x0000000502597818, 0x0000000502800000| 69%| O|  |TAMS 0x0000000502597818, 0x0000000502000000| Updating 
|   5|0x0000000502800000, 0x0000000503000000, 0x0000000503000000|100%| O|  |TAMS 0x0000000503000000, 0x0000000502800000| Untracked 
|   6|0x0000000503000000, 0x0000000503800000, 0x0000000503800000|100%| O|  |TAMS 0x0000000503800000, 0x0000000503000000| Untracked 
|   7|0x0000000503800000, 0x0000000504000000, 0x0000000504000000|100%| O|  |TAMS 0x0000000504000000, 0x0000000503800000| Untracked 
|   8|0x0000000504000000, 0x0000000504800000, 0x0000000504800000|100%|HS|  |TAMS 0x0000000504000000, 0x0000000504000000| Complete 
|   9|0x0000000504800000, 0x00000005048f41d0, 0x0000000505000000| 11%| O|  |TAMS 0x00000005048f41d0, 0x0000000504800000| Updating 
|  10|0x0000000505000000, 0x0000000505800000, 0x0000000505800000|100%| O|  |TAMS 0x0000000505800000, 0x0000000505000000| Updating 
|  11|0x0000000505800000, 0x00000005058b5028, 0x0000000506000000|  8%| O|  |TAMS 0x00000005058b5028, 0x0000000505800000| Updating 
|  12|0x0000000506000000, 0x00000005061b86f8, 0x0000000506800000| 21%| O|  |TAMS 0x00000005061b86f8, 0x0000000506000000| Updating 
|  13|0x0000000506800000, 0x0000000507000000, 0x0000000507000000|100%| O|  |TAMS 0x0000000507000000, 0x0000000506800000| Updating 
|  14|0x0000000507000000, 0x000000050773c200, 0x0000000507800000| 90%| O|  |TAMS 0x000000050773c200, 0x0000000507000000| Updating 
|  15|0x0000000507800000, 0x00000005078bc398, 0x0000000508000000|  9%| O|  |TAMS 0x00000005078bc398, 0x0000000507800000| Updating 
|  16|0x0000000508000000, 0x0000000508800000, 0x0000000508800000|100%| O|  |TAMS 0x0000000508800000, 0x0000000508000000| Updating 
|  17|0x0000000508800000, 0x0000000509000000, 0x0000000509000000|100%|HS|  |TAMS 0x0000000508800000, 0x0000000508800000| Complete 
|  18|0x0000000509000000, 0x000000050906c768, 0x0000000509800000|  5%| O|  |TAMS 0x000000050906c768, 0x0000000509000000| Updating 
|  19|0x0000000509800000, 0x0000000509800000, 0x000000050a000000|  0%| F|  |TAMS 0x0000000509800000, 0x0000000509800000| Untracked 
|  20|0x000000050a000000, 0x000000050a800000, 0x000000050a800000|100%|HS|  |TAMS 0x000000050a800000, 0x000000050a000000| Complete 
|  21|0x000000050a800000, 0x000000050b000000, 0x000000050b000000|100%| O|  |TAMS 0x000000050b000000, 0x000000050a800000| Updating 
|  22|0x000000050b000000, 0x000000050b159600, 0x000000050b800000| 16%| O|  |TAMS 0x000000050b159600, 0x000000050b000000| Updating 
|  23|0x000000050b800000, 0x000000050c000000, 0x000000050c000000|100%|HS|  |TAMS 0x000000050c000000, 0x000000050b800000| Complete 
|  24|0x000000050c000000, 0x000000050c800000, 0x000000050c800000|100%|HS|  |TAMS 0x000000050c800000, 0x000000050c000000| Complete 
|  25|0x000000050c800000, 0x000000050d000000, 0x000000050d000000|100%|HS|  |TAMS 0x000000050d000000, 0x000000050c800000| Complete 
|  26|0x000000050d000000, 0x000000050d1974a8, 0x000000050d800000| 19%| O|  |TAMS 0x000000050d1974a8, 0x000000050d000000| Updating 
|  27|0x000000050d800000, 0x000000050e000000, 0x000000050e000000|100%|HS|  |TAMS 0x000000050e000000, 0x000000050d800000| Complete 
|  28|0x000000050e000000, 0x000000050e800000, 0x000000050e800000|100%|HC|  |TAMS 0x000000050e800000, 0x000000050e000000| Complete 
|  29|0x000000050e800000, 0x000000050f000000, 0x000000050f000000|100%|HS|  |TAMS 0x000000050f000000, 0x000000050e800000| Complete 
|  30|0x000000050f000000, 0x000000050f800000, 0x000000050f800000|100%|HC|  |TAMS 0x000000050f800000, 0x000000050f000000| Complete 
|  31|0x000000050f800000, 0x0000000510000000, 0x0000000510000000|100%|HS|  |TAMS 0x0000000510000000, 0x000000050f800000| Complete 
|  32|0x0000000510000000, 0x000000051007feb0, 0x0000000510800000|  6%| O|  |TAMS 0x000000051007feb0, 0x0000000510000000| Updating 
|  33|0x0000000510800000, 0x0000000511000000, 0x0000000511000000|100%|HS|  |TAMS 0x0000000511000000, 0x0000000510800000| Complete 
|  34|0x0000000511000000, 0x0000000511800000, 0x0000000511800000|100%|HC|  |TAMS 0x0000000511800000, 0x0000000511000000| Complete 
|  35|0x0000000511800000, 0x0000000512000000, 0x0000000512000000|100%|HS|  |TAMS 0x0000000512000000, 0x0000000511800000| Complete 
|  36|0x0000000512000000, 0x0000000512800000, 0x0000000512800000|100%|HC|  |TAMS 0x0000000512800000, 0x0000000512000000| Complete 
|  37|0x0000000512800000, 0x0000000513000000, 0x0000000513000000|100%|HS|  |TAMS 0x0000000513000000, 0x0000000512800000| Complete 
|  38|0x0000000513000000, 0x0000000513800000, 0x0000000513800000|100%|HS|  |TAMS 0x0000000513800000, 0x0000000513000000| Complete 
|  39|0x0000000513800000, 0x0000000514000000, 0x0000000514000000|100%|HC|  |TAMS 0x0000000514000000, 0x0000000513800000| Complete 
|  40|0x0000000514000000, 0x0000000514800000, 0x0000000514800000|100%|HC|  |TAMS 0x0000000514800000, 0x0000000514000000| Complete 
|  41|0x0000000514800000, 0x0000000515000000, 0x0000000515000000|100%|HC|  |TAMS 0x0000000515000000, 0x0000000514800000| Complete 
|  42|0x0000000515000000, 0x0000000515800000, 0x0000000515800000|100%|HC|  |TAMS 0x0000000515800000, 0x0000000515000000| Complete 
|  43|0x0000000515800000, 0x0000000516000000, 0x0000000516000000|100%|HC|  |TAMS 0x0000000516000000, 0x0000000515800000| Complete 
|  44|0x0000000516000000, 0x0000000516800000, 0x0000000516800000|100%|HC|  |TAMS 0x0000000516800000, 0x0000000516000000| Complete 
|  45|0x0000000516800000, 0x0000000517000000, 0x0000000517000000|100%|HC|  |TAMS 0x0000000517000000, 0x0000000516800000| Complete 
|  46|0x0000000517000000, 0x0000000517800000, 0x0000000517800000|100%|HS|  |TAMS 0x0000000517800000, 0x0000000517000000| Complete 
|  47|0x0000000517800000, 0x0000000518000000, 0x0000000518000000|100%|HC|  |TAMS 0x0000000518000000, 0x0000000517800000| Complete 
|  48|0x0000000518000000, 0x0000000518800000, 0x0000000518800000|100%|HC|  |TAMS 0x0000000518800000, 0x0000000518000000| Complete 
|  49|0x0000000518800000, 0x0000000518800000, 0x0000000519000000|  0%| F|  |TAMS 0x0000000518800000, 0x0000000518800000| Untracked 
|  50|0x0000000519000000, 0x0000000519000000, 0x0000000519800000|  0%| F|  |TAMS 0x0000000519000000, 0x0000000519000000| Untracked 
|  51|0x0000000519800000, 0x0000000519800000, 0x000000051a000000|  0%| F|  |TAMS 0x0000000519800000, 0x0000000519800000| Untracked 
|  52|0x000000051a000000, 0x000000051a000000, 0x000000051a800000|  0%| F|  |TAMS 0x000000051a000000, 0x000000051a000000| Untracked 
|  53|0x000000051a800000, 0x000000051b000000, 0x000000051b000000|100%|HS|  |TAMS 0x000000051b000000, 0x000000051a800000| Complete 
|  54|0x000000051b000000, 0x000000051b800000, 0x000000051b800000|100%|HC|  |TAMS 0x000000051b800000, 0x000000051b000000| Complete 
|  55|0x000000051b800000, 0x000000051c000000, 0x000000051c000000|100%|HC|  |TAMS 0x000000051c000000, 0x000000051b800000| Complete 
|  56|0x000000051c000000, 0x000000051c800000, 0x000000051c800000|100%|HC|  |TAMS 0x000000051c800000, 0x000000051c000000| Complete 
|  57|0x000000051c800000, 0x000000051d000000, 0x000000051d000000|100%|HC|  |TAMS 0x000000051d000000, 0x000000051c800000| Complete 
|  58|0x000000051d000000, 0x000000051d800000, 0x000000051d800000|100%|HC|  |TAMS 0x000000051d800000, 0x000000051d000000| Complete 
|  59|0x000000051d800000, 0x000000051e000000, 0x000000051e000000|100%|HC|  |TAMS 0x000000051e000000, 0x000000051d800000| Complete 
|  60|0x000000051e000000, 0x000000051e800000, 0x000000051e800000|100%|HC|  |TAMS 0x000000051e800000, 0x000000051e000000| Complete 
|  61|0x000000051e800000, 0x000000051f000000, 0x000000051f000000|100%|HC|  |TAMS 0x000000051f000000, 0x000000051e800000| Complete 
|  62|0x000000051f000000, 0x000000051f800000, 0x000000051f800000|100%|HC|  |TAMS 0x000000051f800000, 0x000000051f000000| Complete 
|  63|0x000000051f800000, 0x0000000520000000, 0x0000000520000000|100%|HC|  |TAMS 0x0000000520000000, 0x000000051f800000| Complete 
|  64|0x0000000520000000, 0x0000000520800000, 0x0000000520800000|100%|HC|  |TAMS 0x0000000520800000, 0x0000000520000000| Complete 
|  65|0x0000000520800000, 0x0000000521000000, 0x0000000521000000|100%|HC|  |TAMS 0x0000000521000000, 0x0000000520800000| Complete 
|  66|0x0000000521000000, 0x0000000521800000, 0x0000000521800000|100%|HC|  |TAMS 0x0000000521800000, 0x0000000521000000| Complete 
|  67|0x0000000521800000, 0x0000000522000000, 0x0000000522000000|100%|HC|  |TAMS 0x0000000522000000, 0x0000000521800000| Complete 
|  68|0x0000000522000000, 0x0000000522800000, 0x0000000522800000|100%|HC|  |TAMS 0x0000000522800000, 0x0000000522000000| Complete 
|  69|0x0000000522800000, 0x0000000523000000, 0x0000000523000000|100%|HC|  |TAMS 0x0000000523000000, 0x0000000522800000| Complete 
|  70|0x0000000523000000, 0x0000000523800000, 0x0000000523800000|100%|HS|  |TAMS 0x0000000523800000, 0x0000000523000000| Complete 
|  71|0x0000000523800000, 0x0000000524000000, 0x0000000524000000|100%|HC|  |TAMS 0x0000000524000000, 0x0000000523800000| Complete 
|  72|0x0000000524000000, 0x0000000524800000, 0x0000000524800000|100%|HC|  |TAMS 0x0000000524800000, 0x0000000524000000| Complete 
|  73|0x0000000524800000, 0x0000000525000000, 0x0000000525000000|100%|HC|  |TAMS 0x0000000525000000, 0x0000000524800000| Complete 
|  74|0x0000000525000000, 0x0000000525800000, 0x0000000525800000|100%|HC|  |TAMS 0x0000000525800000, 0x0000000525000000| Complete 
|  75|0x0000000525800000, 0x0000000526000000, 0x0000000526000000|100%|HC|  |TAMS 0x0000000526000000, 0x0000000525800000| Complete 
|  76|0x0000000526000000, 0x0000000526800000, 0x0000000526800000|100%|HC|  |TAMS 0x0000000526800000, 0x0000000526000000| Complete 
|  77|0x0000000526800000, 0x0000000527000000, 0x0000000527000000|100%|HC|  |TAMS 0x0000000527000000, 0x0000000526800000| Complete 
|  78|0x0000000527000000, 0x0000000527000000, 0x0000000527800000|  0%| F|  |TAMS 0x0000000527000000, 0x0000000527000000| Untracked 
|  79|0x0000000527800000, 0x0000000527800000, 0x0000000528000000|  0%| F|  |TAMS 0x0000000527800000, 0x0000000527800000| Untracked 
|  80|0x0000000528000000, 0x0000000528000000, 0x0000000528800000|  0%| F|  |TAMS 0x0000000528000000, 0x0000000528000000| Untracked 
|  81|0x0000000528800000, 0x0000000528800000, 0x0000000529000000|  0%| F|  |TAMS 0x0000000528800000, 0x0000000528800000| Untracked 
|  82|0x0000000529000000, 0x0000000529800000, 0x0000000529800000|100%|HS|  |TAMS 0x0000000529800000, 0x0000000529000000| Complete 
|  83|0x0000000529800000, 0x000000052a000000, 0x000000052a000000|100%|HS|  |TAMS 0x000000052a000000, 0x0000000529800000| Complete 
|  84|0x000000052a000000, 0x000000052a800000, 0x000000052a800000|100%|HC|  |TAMS 0x000000052a800000, 0x000000052a000000| Complete 
|  85|0x000000052a800000, 0x000000052b000000, 0x000000052b000000|100%|HC|  |TAMS 0x000000052b000000, 0x000000052a800000| Complete 
|  86|0x000000052b000000, 0x000000052b800000, 0x000000052b800000|100%|HC|  |TAMS 0x000000052b800000, 0x000000052b000000| Complete 
|  87|0x000000052b800000, 0x000000052c000000, 0x000000052c000000|100%|HC|  |TAMS 0x000000052c000000, 0x000000052b800000| Complete 
|  88|0x000000052c000000, 0x000000052c800000, 0x000000052c800000|100%|HC|  |TAMS 0x000000052c800000, 0x000000052c000000| Complete 
|  89|0x000000052c800000, 0x000000052d000000, 0x000000052d000000|100%|HC|  |TAMS 0x000000052d000000, 0x000000052c800000| Complete 
|  90|0x000000052d000000, 0x000000052d800000, 0x000000052d800000|100%|HC|  |TAMS 0x000000052d800000, 0x000000052d000000| Complete 
|  91|0x000000052d800000, 0x000000052d800000, 0x000000052e000000|  0%| F|  |TAMS 0x000000052d800000, 0x000000052d800000| Untracked 
|  92|0x000000052e000000, 0x000000052e000000, 0x000000052e800000|  0%| F|  |TAMS 0x000000052e000000, 0x000000052e000000| Untracked 
|  93|0x000000052e800000, 0x000000052e800000, 0x000000052f000000|  0%| F|  |TAMS 0x000000052e800000, 0x000000052e800000| Untracked 
|  94|0x000000052f000000, 0x000000052f800000, 0x000000052f800000|100%|HS|  |TAMS 0x000000052f800000, 0x000000052f000000| Complete 
|  95|0x000000052f800000, 0x0000000530000000, 0x0000000530000000|100%|HS|  |TAMS 0x0000000530000000, 0x000000052f800000| Complete 
|  96|0x0000000530000000, 0x0000000530000000, 0x0000000530800000|  0%| F|  |TAMS 0x0000000530000000, 0x0000000530000000| Untracked 
|  97|0x0000000530800000, 0x0000000531000000, 0x0000000531000000|100%|HS|  |TAMS 0x0000000531000000, 0x0000000530800000| Complete 
|  98|0x0000000531000000, 0x0000000531800000, 0x0000000531800000|100%|HS|  |TAMS 0x0000000531800000, 0x0000000531000000| Complete 
|  99|0x0000000531800000, 0x0000000532000000, 0x0000000532000000|100%|HC|  |TAMS 0x0000000532000000, 0x0000000531800000| Complete 
| 100|0x0000000532000000, 0x0000000532800000, 0x0000000532800000|100%|HC|  |TAMS 0x0000000532800000, 0x0000000532000000| Complete 
| 101|0x0000000532800000, 0x0000000533000000, 0x0000000533000000|100%|HC|  |TAMS 0x0000000533000000, 0x0000000532800000| Complete 
| 102|0x0000000533000000, 0x0000000533800000, 0x0000000533800000|100%|HC|  |TAMS 0x0000000533800000, 0x0000000533000000| Complete 
| 103|0x0000000533800000, 0x0000000534000000, 0x0000000534000000|100%|HC|  |TAMS 0x0000000534000000, 0x0000000533800000| Complete 
| 104|0x0000000534000000, 0x0000000534800000, 0x0000000534800000|100%|HC|  |TAMS 0x0000000534800000, 0x0000000534000000| Complete 
| 105|0x0000000534800000, 0x0000000535000000, 0x0000000535000000|100%|HC|  |TAMS 0x0000000535000000, 0x0000000534800000| Complete 
| 106|0x0000000535000000, 0x0000000535800000, 0x0000000535800000|100%|HC|  |TAMS 0x0000000535800000, 0x0000000535000000| Complete 
| 107|0x0000000535800000, 0x0000000536000000, 0x0000000536000000|100%|HC|  |TAMS 0x0000000536000000, 0x0000000535800000| Complete 
| 108|0x0000000536000000, 0x0000000536800000, 0x0000000536800000|100%|HC|  |TAMS 0x0000000536800000, 0x0000000536000000| Complete 
| 109|0x0000000536800000, 0x0000000537000000, 0x0000000537000000|100%|HC|  |TAMS 0x0000000537000000, 0x0000000536800000| Complete 
| 110|0x0000000537000000, 0x0000000537800000, 0x0000000537800000|100%|HC|  |TAMS 0x0000000537800000, 0x0000000537000000| Complete 
| 111|0x0000000537800000, 0x0000000538000000, 0x0000000538000000|100%|HC|  |TAMS 0x0000000538000000, 0x0000000537800000| Complete 
| 112|0x0000000538000000, 0x0000000538800000, 0x0000000538800000|100%|HC|  |TAMS 0x0000000538800000, 0x0000000538000000| Complete 
| 113|0x0000000538800000, 0x0000000539000000, 0x0000000539000000|100%|HC|  |TAMS 0x0000000539000000, 0x0000000538800000| Complete 
| 114|0x0000000539000000, 0x0000000539800000, 0x0000000539800000|100%|HC|  |TAMS 0x0000000539800000, 0x0000000539000000| Complete 
| 115|0x0000000539800000, 0x000000053a000000, 0x000000053a000000|100%|HS|  |TAMS 0x000000053a000000, 0x0000000539800000| Complete 
| 116|0x000000053a000000, 0x000000053a800000, 0x000000053a800000|100%|HC|  |TAMS 0x000000053a800000, 0x000000053a000000| Complete 
| 117|0x000000053a800000, 0x000000053b000000, 0x000000053b000000|100%|HC|  |TAMS 0x000000053b000000, 0x000000053a800000| Complete 
| 118|0x000000053b000000, 0x000000053b800000, 0x000000053b800000|100%|HC|  |TAMS 0x000000053b800000, 0x000000053b000000| Complete 
| 119|0x000000053b800000, 0x000000053c000000, 0x000000053c000000|100%|HC|  |TAMS 0x000000053c000000, 0x000000053b800000| Complete 
| 120|0x000000053c000000, 0x000000053c800000, 0x000000053c800000|100%|HC|  |TAMS 0x000000053c800000, 0x000000053c000000| Complete 
| 121|0x000000053c800000, 0x000000053d000000, 0x000000053d000000|100%|HC|  |TAMS 0x000000053d000000, 0x000000053c800000| Complete 
| 122|0x000000053d000000, 0x000000053d800000, 0x000000053d800000|100%|HC|  |TAMS 0x000000053d800000, 0x000000053d000000| Complete 
| 123|0x000000053d800000, 0x000000053d800000, 0x000000053e000000|  0%| F|  |TAMS 0x000000053d800000, 0x000000053d800000| Untracked 
| 124|0x000000053e000000, 0x000000053e000000, 0x000000053e800000|  0%| F|  |TAMS 0x000000053e000000, 0x000000053e000000| Untracked 
| 125|0x000000053e800000, 0x000000053f000000, 0x000000053f000000|100%|HS|  |TAMS 0x000000053f000000, 0x000000053e800000| Complete 
| 126|0x000000053f000000, 0x000000053f800000, 0x000000053f800000|100%|HC|  |TAMS 0x000000053f800000, 0x000000053f000000| Complete 
| 127|0x000000053f800000, 0x0000000540000000, 0x0000000540000000|100%|HC|  |TAMS 0x0000000540000000, 0x000000053f800000| Complete 
| 128|0x0000000540000000, 0x0000000540800000, 0x0000000540800000|100%|HC|  |TAMS 0x0000000540800000, 0x0000000540000000| Complete 
| 129|0x0000000540800000, 0x0000000541000000, 0x0000000541000000|100%|HC|  |TAMS 0x0000000541000000, 0x0000000540800000| Complete 
| 130|0x0000000541000000, 0x0000000541800000, 0x0000000541800000|100%|HC|  |TAMS 0x0000000541800000, 0x0000000541000000| Complete 
| 131|0x0000000541800000, 0x0000000542000000, 0x0000000542000000|100%|HC|  |TAMS 0x0000000542000000, 0x0000000541800000| Complete 
| 132|0x0000000542000000, 0x0000000542800000, 0x0000000542800000|100%|HC|  |TAMS 0x0000000542800000, 0x0000000542000000| Complete 
| 133|0x0000000542800000, 0x0000000543000000, 0x0000000543000000|100%|HS|  |TAMS 0x0000000543000000, 0x0000000542800000| Complete 
| 134|0x0000000543000000, 0x0000000543800000, 0x0000000543800000|100%|HC|  |TAMS 0x0000000543800000, 0x0000000543000000| Complete 
| 135|0x0000000543800000, 0x0000000544000000, 0x0000000544000000|100%|HC|  |TAMS 0x0000000544000000, 0x0000000543800000| Complete 
| 136|0x0000000544000000, 0x0000000544800000, 0x0000000544800000|100%|HC|  |TAMS 0x0000000544800000, 0x0000000544000000| Complete 
| 137|0x0000000544800000, 0x0000000545000000, 0x0000000545000000|100%|HC|  |TAMS 0x0000000545000000, 0x0000000544800000| Complete 
| 138|0x0000000545000000, 0x0000000545800000, 0x0000000545800000|100%|HC|  |TAMS 0x0000000545800000, 0x0000000545000000| Complete 
| 139|0x0000000545800000, 0x0000000546000000, 0x0000000546000000|100%|HC|  |TAMS 0x0000000546000000, 0x0000000545800000| Complete 
| 140|0x0000000546000000, 0x0000000546800000, 0x0000000546800000|100%|HC|  |TAMS 0x0000000546800000, 0x0000000546000000| Complete 
| 141|0x0000000546800000, 0x0000000547000000, 0x0000000547000000|100%|HS|  |TAMS 0x0000000547000000, 0x0000000546800000| Complete 
| 142|0x0000000547000000, 0x0000000547800000, 0x0000000547800000|100%|HC|  |TAMS 0x0000000547800000, 0x0000000547000000| Complete 
| 143|0x0000000547800000, 0x0000000548000000, 0x0000000548000000|100%|HC|  |TAMS 0x0000000548000000, 0x0000000547800000| Complete 
| 144|0x0000000548000000, 0x0000000548800000, 0x0000000548800000|100%|HC|  |TAMS 0x0000000548800000, 0x0000000548000000| Complete 
| 145|0x0000000548800000, 0x0000000549000000, 0x0000000549000000|100%|HC|  |TAMS 0x0000000549000000, 0x0000000548800000| Complete 
| 146|0x0000000549000000, 0x0000000549800000, 0x0000000549800000|100%|HC|  |TAMS 0x0000000549800000, 0x0000000549000000| Complete 
| 147|0x0000000549800000, 0x000000054a000000, 0x000000054a000000|100%|HC|  |TAMS 0x000000054a000000, 0x0000000549800000| Complete 
| 148|0x000000054a000000, 0x000000054a800000, 0x000000054a800000|100%|HC|  |TAMS 0x000000054a800000, 0x000000054a000000| Complete 
| 149|0x000000054a800000, 0x000000054b000000, 0x000000054b000000|100%|HC|  |TAMS 0x000000054b000000, 0x000000054a800000| Complete 
| 150|0x000000054b000000, 0x000000054b800000, 0x000000054b800000|100%|HS|  |TAMS 0x000000054b800000, 0x000000054b000000| Complete 
| 151|0x000000054b800000, 0x000000054c000000, 0x000000054c000000|100%|HC|  |TAMS 0x000000054c000000, 0x000000054b800000| Complete 
| 152|0x000000054c000000, 0x000000054c800000, 0x000000054c800000|100%|HC|  |TAMS 0x000000054c800000, 0x000000054c000000| Complete 
| 153|0x000000054c800000, 0x000000054d000000, 0x000000054d000000|100%|HC|  |TAMS 0x000000054d000000, 0x000000054c800000| Complete 
| 154|0x000000054d000000, 0x000000054d800000, 0x000000054d800000|100%|HC|  |TAMS 0x000000054d800000, 0x000000054d000000| Complete 
| 155|0x000000054d800000, 0x000000054e000000, 0x000000054e000000|100%|HC|  |TAMS 0x000000054e000000, 0x000000054d800000| Complete 
| 156|0x000000054e000000, 0x000000054e800000, 0x000000054e800000|100%|HC|  |TAMS 0x000000054e800000, 0x000000054e000000| Complete 
| 157|0x000000054e800000, 0x000000054f000000, 0x000000054f000000|100%|HC|  |TAMS 0x000000054f000000, 0x000000054e800000| Complete 
| 158|0x000000054f000000, 0x000000054f800000, 0x000000054f800000|100%|HC|  |TAMS 0x000000054f800000, 0x000000054f000000| Complete 
| 159|0x000000054f800000, 0x0000000550000000, 0x0000000550000000|100%|HC|  |TAMS 0x0000000550000000, 0x000000054f800000| Complete 
| 160|0x0000000550000000, 0x0000000550800000, 0x0000000550800000|100%|HC|  |TAMS 0x0000000550800000, 0x0000000550000000| Complete 
| 161|0x0000000550800000, 0x0000000551000000, 0x0000000551000000|100%|HC|  |TAMS 0x0000000551000000, 0x0000000550800000| Complete 
| 162|0x0000000551000000, 0x0000000551800000, 0x0000000551800000|100%|HC|  |TAMS 0x0000000551800000, 0x0000000551000000| Complete 
| 163|0x0000000551800000, 0x0000000552000000, 0x0000000552000000|100%|HC|  |TAMS 0x0000000552000000, 0x0000000551800000| Complete 
| 164|0x0000000552000000, 0x0000000552800000, 0x0000000552800000|100%|HC|  |TAMS 0x0000000552800000, 0x0000000552000000| Complete 
| 165|0x0000000552800000, 0x0000000553000000, 0x0000000553000000|100%|HC|  |TAMS 0x0000000553000000, 0x0000000552800000| Complete 
| 166|0x0000000553000000, 0x0000000553800000, 0x0000000553800000|100%|HC|  |TAMS 0x0000000553800000, 0x0000000553000000| Complete 
| 167|0x0000000553800000, 0x0000000554000000, 0x0000000554000000|100%|HS|  |TAMS 0x0000000554000000, 0x0000000553800000| Complete 
| 168|0x0000000554000000, 0x0000000554800000, 0x0000000554800000|100%|HC|  |TAMS 0x0000000554800000, 0x0000000554000000| Complete 
| 169|0x0000000554800000, 0x0000000555000000, 0x0000000555000000|100%|HC|  |TAMS 0x0000000555000000, 0x0000000554800000| Complete 
| 170|0x0000000555000000, 0x0000000555800000, 0x0000000555800000|100%|HC|  |TAMS 0x0000000555800000, 0x0000000555000000| Complete 
| 171|0x0000000555800000, 0x0000000556000000, 0x0000000556000000|100%|HC|  |TAMS 0x0000000556000000, 0x0000000555800000| Complete 
| 172|0x0000000556000000, 0x0000000556800000, 0x0000000556800000|100%|HC|  |TAMS 0x0000000556800000, 0x0000000556000000| Complete 
| 173|0x0000000556800000, 0x0000000557000000, 0x0000000557000000|100%|HC|  |TAMS 0x0000000557000000, 0x0000000556800000| Complete 
| 174|0x0000000557000000, 0x0000000557800000, 0x0000000557800000|100%|HC|  |TAMS 0x0000000557800000, 0x0000000557000000| Complete 
| 175|0x0000000557800000, 0x0000000558000000, 0x0000000558000000|100%|HC|  |TAMS 0x0000000558000000, 0x0000000557800000| Complete 
| 176|0x0000000558000000, 0x0000000558800000, 0x0000000558800000|100%|HC|  |TAMS 0x0000000558800000, 0x0000000558000000| Complete 
| 177|0x0000000558800000, 0x0000000559000000, 0x0000000559000000|100%|HC|  |TAMS 0x0000000559000000, 0x0000000558800000| Complete 
| 178|0x0000000559000000, 0x0000000559800000, 0x0000000559800000|100%|HC|  |TAMS 0x0000000559800000, 0x0000000559000000| Complete 
| 179|0x0000000559800000, 0x000000055a000000, 0x000000055a000000|100%|HC|  |TAMS 0x000000055a000000, 0x0000000559800000| Complete 
| 180|0x000000055a000000, 0x000000055a800000, 0x000000055a800000|100%|HC|  |TAMS 0x000000055a800000, 0x000000055a000000| Complete 
| 181|0x000000055a800000, 0x000000055b000000, 0x000000055b000000|100%|HC|  |TAMS 0x000000055b000000, 0x000000055a800000| Complete 
| 182|0x000000055b000000, 0x000000055b800000, 0x000000055b800000|100%|HC|  |TAMS 0x000000055b800000, 0x000000055b000000| Complete 
| 183|0x000000055b800000, 0x000000055c000000, 0x000000055c000000|100%|HC|  |TAMS 0x000000055c000000, 0x000000055b800000| Complete 
| 184|0x000000055c000000, 0x000000055c800000, 0x000000055c800000|100%|HS|  |TAMS 0x000000055c800000, 0x000000055c000000| Complete 
| 185|0x000000055c800000, 0x000000055d000000, 0x000000055d000000|100%|HC|  |TAMS 0x000000055d000000, 0x000000055c800000| Complete 
| 186|0x000000055d000000, 0x000000055d800000, 0x000000055d800000|100%|HC|  |TAMS 0x000000055d800000, 0x000000055d000000| Complete 
| 187|0x000000055d800000, 0x000000055e000000, 0x000000055e000000|100%|HC|  |TAMS 0x000000055e000000, 0x000000055d800000| Complete 
| 188|0x000000055e000000, 0x000000055e800000, 0x000000055e800000|100%|HC|  |TAMS 0x000000055e800000, 0x000000055e000000| Complete 
| 189|0x000000055e800000, 0x000000055f000000, 0x000000055f000000|100%|HC|  |TAMS 0x000000055f000000, 0x000000055e800000| Complete 
| 190|0x000000055f000000, 0x000000055f800000, 0x000000055f800000|100%|HC|  |TAMS 0x000000055f800000, 0x000000055f000000| Complete 
| 191|0x000000055f800000, 0x0000000560000000, 0x0000000560000000|100%|HC|  |TAMS 0x0000000560000000, 0x000000055f800000| Complete 
| 192|0x0000000560000000, 0x000000056020e858, 0x0000000560800000| 25%| E|  |TAMS 0x0000000560000000, 0x0000000560000000| Complete 
| 193|0x0000000560800000, 0x0000000561000000, 0x0000000561000000|100%| E|CS|TAMS 0x0000000560800000, 0x0000000560800000| Complete 
| 194|0x0000000561000000, 0x0000000561800000, 0x0000000561800000|100%|HS|  |TAMS 0x0000000561800000, 0x0000000561000000| Complete 
| 195|0x0000000561800000, 0x0000000562000000, 0x0000000562000000|100%|HC|  |TAMS 0x0000000562000000, 0x0000000561800000| Complete 
| 196|0x0000000562000000, 0x0000000562800000, 0x0000000562800000|100%|HC|  |TAMS 0x0000000562800000, 0x0000000562000000| Complete 
| 197|0x0000000562800000, 0x0000000563000000, 0x0000000563000000|100%|HC|  |TAMS 0x0000000563000000, 0x0000000562800000| Complete 
| 198|0x0000000563000000, 0x0000000563800000, 0x0000000563800000|100%|HC|  |TAMS 0x0000000563800000, 0x0000000563000000| Complete 
| 199|0x0000000563800000, 0x0000000564000000, 0x0000000564000000|100%|HC|  |TAMS 0x0000000564000000, 0x0000000563800000| Complete 
| 200|0x0000000564000000, 0x0000000564800000, 0x0000000564800000|100%|HC|  |TAMS 0x0000000564800000, 0x0000000564000000| Complete 
| 201|0x0000000564800000, 0x0000000565000000, 0x0000000565000000|100%|HC|  |TAMS 0x0000000565000000, 0x0000000564800000| Complete 
| 202|0x0000000565000000, 0x0000000565800000, 0x0000000565800000|100%|HS|  |TAMS 0x0000000565800000, 0x0000000565000000| Complete 
| 203|0x0000000565800000, 0x0000000566000000, 0x0000000566000000|100%|HC|  |TAMS 0x0000000566000000, 0x0000000565800000| Complete 
| 204|0x0000000566000000, 0x0000000566800000, 0x0000000566800000|100%|HC|  |TAMS 0x0000000566800000, 0x0000000566000000| Complete 
| 205|0x0000000566800000, 0x0000000567000000, 0x0000000567000000|100%|HC|  |TAMS 0x0000000567000000, 0x0000000566800000| Complete 
| 206|0x0000000567000000, 0x0000000567800000, 0x0000000567800000|100%|HC|  |TAMS 0x0000000567800000, 0x0000000567000000| Complete 
| 207|0x0000000567800000, 0x0000000568000000, 0x0000000568000000|100%|HC|  |TAMS 0x0000000568000000, 0x0000000567800000| Complete 
| 208|0x0000000568000000, 0x0000000568800000, 0x0000000568800000|100%|HC|  |TAMS 0x0000000568800000, 0x0000000568000000| Complete 
| 209|0x0000000568800000, 0x0000000569000000, 0x0000000569000000|100%|HC|  |TAMS 0x0000000569000000, 0x0000000568800000| Complete 
| 210|0x0000000569000000, 0x0000000569800000, 0x0000000569800000|100%|HS|  |TAMS 0x0000000569800000, 0x0000000569000000| Complete 
| 211|0x0000000569800000, 0x000000056a000000, 0x000000056a000000|100%|HC|  |TAMS 0x000000056a000000, 0x0000000569800000| Complete 
| 212|0x000000056a000000, 0x000000056a800000, 0x000000056a800000|100%|HC|  |TAMS 0x000000056a800000, 0x000000056a000000| Complete 
| 213|0x000000056a800000, 0x000000056b000000, 0x000000056b000000|100%|HC|  |TAMS 0x000000056b000000, 0x000000056a800000| Complete 
| 214|0x000000056b000000, 0x000000056b800000, 0x000000056b800000|100%|HC|  |TAMS 0x000000056b800000, 0x000000056b000000| Complete 
| 215|0x000000056b800000, 0x000000056c000000, 0x000000056c000000|100%|HC|  |TAMS 0x000000056c000000, 0x000000056b800000| Complete 
| 216|0x000000056c000000, 0x000000056c800000, 0x000000056c800000|100%|HC|  |TAMS 0x000000056c800000, 0x000000056c000000| Complete 
| 217|0x000000056c800000, 0x000000056d000000, 0x000000056d000000|100%|HC|  |TAMS 0x000000056d000000, 0x000000056c800000| Complete 
| 218|0x000000056d000000, 0x000000056d800000, 0x000000056d800000|100%|HS|  |TAMS 0x000000056d800000, 0x000000056d000000| Complete 
| 219|0x000000056d800000, 0x000000056e000000, 0x000000056e000000|100%|HC|  |TAMS 0x000000056e000000, 0x000000056d800000| Complete 
| 220|0x000000056e000000, 0x000000056e800000, 0x000000056e800000|100%|HC|  |TAMS 0x000000056e800000, 0x000000056e000000| Complete 
| 221|0x000000056e800000, 0x000000056f000000, 0x000000056f000000|100%|HS|  |TAMS 0x000000056f000000, 0x000000056e800000| Complete 
| 222|0x000000056f000000, 0x000000056f800000, 0x000000056f800000|100%|HC|  |TAMS 0x000000056f800000, 0x000000056f000000| Complete 
| 223|0x000000056f800000, 0x0000000570000000, 0x0000000570000000|100%|HC|  |TAMS 0x0000000570000000, 0x000000056f800000| Complete 
| 224|0x0000000570000000, 0x0000000570800000, 0x0000000570800000|100%|HS|  |TAMS 0x0000000570800000, 0x0000000570000000| Complete 
| 225|0x0000000570800000, 0x0000000571000000, 0x0000000571000000|100%|HC|  |TAMS 0x0000000571000000, 0x0000000570800000| Complete 
| 226|0x0000000571000000, 0x0000000571800000, 0x0000000571800000|100%|HC|  |TAMS 0x0000000571800000, 0x0000000571000000| Complete 
| 227|0x0000000571800000, 0x0000000572000000, 0x0000000572000000|100%|HS|  |TAMS 0x0000000572000000, 0x0000000571800000| Complete 
| 228|0x0000000572000000, 0x0000000572800000, 0x0000000572800000|100%|HC|  |TAMS 0x0000000572800000, 0x0000000572000000| Complete 
| 229|0x0000000572800000, 0x0000000573000000, 0x0000000573000000|100%|HC|  |TAMS 0x0000000573000000, 0x0000000572800000| Complete 
| 230|0x0000000573000000, 0x0000000573800000, 0x0000000573800000|100%|HC|  |TAMS 0x0000000573800000, 0x0000000573000000| Complete 
| 231|0x0000000573800000, 0x0000000574000000, 0x0000000574000000|100%|HC|  |TAMS 0x0000000574000000, 0x0000000573800000| Complete 
| 232|0x0000000574000000, 0x0000000574800000, 0x0000000574800000|100%|HS|  |TAMS 0x0000000574800000, 0x0000000574000000| Complete 
| 233|0x0000000574800000, 0x0000000575000000, 0x0000000575000000|100%|HC|  |TAMS 0x0000000575000000, 0x0000000574800000| Complete 
| 234|0x0000000575000000, 0x0000000575800000, 0x0000000575800000|100%|HC|  |TAMS 0x0000000575800000, 0x0000000575000000| Complete 
| 235|0x0000000575800000, 0x0000000576000000, 0x0000000576000000|100%|HC|  |TAMS 0x0000000576000000, 0x0000000575800000| Complete 
| 236|0x0000000576000000, 0x0000000576800000, 0x0000000576800000|100%|HC|  |TAMS 0x0000000576800000, 0x0000000576000000| Complete 
| 237|0x0000000576800000, 0x0000000577000000, 0x0000000577000000|100%|HS|  |TAMS 0x0000000577000000, 0x0000000576800000| Complete 
| 238|0x0000000577000000, 0x0000000577800000, 0x0000000577800000|100%|HC|  |TAMS 0x0000000577800000, 0x0000000577000000| Complete 
| 239|0x0000000577800000, 0x0000000578000000, 0x0000000578000000|100%|HC|  |TAMS 0x0000000578000000, 0x0000000577800000| Complete 
| 240|0x0000000578000000, 0x0000000578800000, 0x0000000578800000|100%|HC|  |TAMS 0x0000000578800000, 0x0000000578000000| Complete 
| 241|0x0000000578800000, 0x0000000579000000, 0x0000000579000000|100%|HC|  |TAMS 0x0000000579000000, 0x0000000578800000| Complete 
| 242|0x0000000579000000, 0x0000000579800000, 0x0000000579800000|100%|HS|  |TAMS 0x0000000579800000, 0x0000000579000000| Complete 
| 243|0x0000000579800000, 0x000000057a000000, 0x000000057a000000|100%|HC|  |TAMS 0x000000057a000000, 0x0000000579800000| Complete 
| 244|0x000000057a000000, 0x000000057a800000, 0x000000057a800000|100%|HC|  |TAMS 0x000000057a800000, 0x000000057a000000| Complete 
| 245|0x000000057a800000, 0x000000057b000000, 0x000000057b000000|100%|HC|  |TAMS 0x000000057b000000, 0x000000057a800000| Complete 
| 246|0x000000057b000000, 0x000000057b800000, 0x000000057b800000|100%|HC|  |TAMS 0x000000057b800000, 0x000000057b000000| Complete 
| 247|0x000000057b800000, 0x000000057c000000, 0x000000057c000000|100%|HS|  |TAMS 0x000000057c000000, 0x000000057b800000| Complete 
| 248|0x000000057c000000, 0x000000057c800000, 0x000000057c800000|100%|HC|  |TAMS 0x000000057c800000, 0x000000057c000000| Complete 
| 249|0x000000057c800000, 0x000000057d000000, 0x000000057d000000|100%|HC|  |TAMS 0x000000057d000000, 0x000000057c800000| Complete 
| 250|0x000000057d000000, 0x000000057d800000, 0x000000057d800000|100%|HC|  |TAMS 0x000000057d800000, 0x000000057d000000| Complete 
| 251|0x000000057d800000, 0x000000057e000000, 0x000000057e000000|100%|HC|  |TAMS 0x000000057e000000, 0x000000057d800000| Complete 
| 252|0x000000057e000000, 0x000000057e800000, 0x000000057e800000|100%|HC|  |TAMS 0x000000057e800000, 0x000000057e000000| Complete 
| 253|0x000000057e800000, 0x000000057f000000, 0x000000057f000000|100%|HC|  |TAMS 0x000000057f000000, 0x000000057e800000| Complete 
| 254|0x000000057f000000, 0x000000057f800000, 0x000000057f800000|100%|HC|  |TAMS 0x000000057f800000, 0x000000057f000000| Complete 
| 255|0x000000057f800000, 0x0000000580000000, 0x0000000580000000|100%|HS|  |TAMS 0x0000000580000000, 0x000000057f800000| Complete 
| 256|0x0000000580000000, 0x0000000580800000, 0x0000000580800000|100%|HC|  |TAMS 0x0000000580800000, 0x0000000580000000| Complete 
| 257|0x0000000580800000, 0x0000000581000000, 0x0000000581000000|100%|HC|  |TAMS 0x0000000581000000, 0x0000000580800000| Complete 
| 258|0x0000000581000000, 0x0000000581800000, 0x0000000581800000|100%|HC|  |TAMS 0x0000000581800000, 0x0000000581000000| Complete 
| 259|0x0000000581800000, 0x0000000582000000, 0x0000000582000000|100%|HC|  |TAMS 0x0000000582000000, 0x0000000581800000| Complete 
| 260|0x0000000582000000, 0x0000000582800000, 0x0000000582800000|100%|HC|  |TAMS 0x0000000582800000, 0x0000000582000000| Complete 
| 261|0x0000000582800000, 0x0000000583000000, 0x0000000583000000|100%|HC|  |TAMS 0x0000000583000000, 0x0000000582800000| Complete 
| 262|0x0000000583000000, 0x0000000583800000, 0x0000000583800000|100%|HC|  |TAMS 0x0000000583800000, 0x0000000583000000| Complete 
| 263|0x0000000583800000, 0x0000000584000000, 0x0000000584000000|100%| E|CS|TAMS 0x0000000583800000, 0x0000000583800000| Complete 
| 264|0x0000000584000000, 0x0000000584800000, 0x0000000584800000|100%| E|CS|TAMS 0x0000000584000000, 0x0000000584000000| Complete 
| 265|0x0000000584800000, 0x0000000585000000, 0x0000000585000000|100%| E|CS|TAMS 0x0000000584800000, 0x0000000584800000| Complete 
| 266|0x0000000585000000, 0x0000000585800000, 0x0000000585800000|100%| E|CS|TAMS 0x0000000585000000, 0x0000000585000000| Complete 
| 267|0x0000000585800000, 0x0000000586000000, 0x0000000586000000|100%| E|CS|TAMS 0x0000000585800000, 0x0000000585800000| Complete 
| 268|0x0000000586000000, 0x0000000586800000, 0x0000000586800000|100%| E|CS|TAMS 0x0000000586000000, 0x0000000586000000| Complete 
| 269|0x0000000586800000, 0x0000000587000000, 0x0000000587000000|100%|HS|  |TAMS 0x0000000587000000, 0x0000000586800000| Complete 
| 270|0x0000000587000000, 0x0000000587800000, 0x0000000587800000|100%|HC|  |TAMS 0x0000000587800000, 0x0000000587000000| Complete 
| 271|0x0000000587800000, 0x0000000588000000, 0x0000000588000000|100%|HC|  |TAMS 0x0000000588000000, 0x0000000587800000| Complete 
| 272|0x0000000588000000, 0x0000000588800000, 0x0000000588800000|100%|HC|  |TAMS 0x0000000588800000, 0x0000000588000000| Complete 
| 273|0x0000000588800000, 0x0000000589000000, 0x0000000589000000|100%|HC|  |TAMS 0x0000000589000000, 0x0000000588800000| Complete 
| 274|0x0000000589000000, 0x0000000589800000, 0x0000000589800000|100%|HC|  |TAMS 0x0000000589800000, 0x0000000589000000| Complete 
| 275|0x0000000589800000, 0x000000058a000000, 0x000000058a000000|100%|HC|  |TAMS 0x000000058a000000, 0x0000000589800000| Complete 
| 276|0x000000058a000000, 0x000000058a800000, 0x000000058a800000|100%|HC|  |TAMS 0x000000058a800000, 0x000000058a000000| Complete 
| 277|0x000000058a800000, 0x000000058b000000, 0x000000058b000000|100%|HS|  |TAMS 0x000000058b000000, 0x000000058a800000| Complete 
| 278|0x000000058b000000, 0x000000058b800000, 0x000000058b800000|100%|HC|  |TAMS 0x000000058b800000, 0x000000058b000000| Complete 
| 279|0x000000058b800000, 0x000000058c000000, 0x000000058c000000|100%|HC|  |TAMS 0x000000058c000000, 0x000000058b800000| Complete 
| 280|0x000000058c000000, 0x000000058c800000, 0x000000058c800000|100%|HC|  |TAMS 0x000000058c800000, 0x000000058c000000| Complete 
| 281|0x000000058c800000, 0x000000058d000000, 0x000000058d000000|100%|HC|  |TAMS 0x000000058d000000, 0x000000058c800000| Complete 
| 282|0x000000058d000000, 0x000000058d800000, 0x000000058d800000|100%|HC|  |TAMS 0x000000058d800000, 0x000000058d000000| Complete 
| 283|0x000000058d800000, 0x000000058e000000, 0x000000058e000000|100%|HC|  |TAMS 0x000000058e000000, 0x000000058d800000| Complete 
| 284|0x000000058e000000, 0x000000058e800000, 0x000000058e800000|100%|HC|  |TAMS 0x000000058e800000, 0x000000058e000000| Complete 
| 285|0x000000058e800000, 0x000000058f000000, 0x000000058f000000|100%|HS|  |TAMS 0x000000058f000000, 0x000000058e800000| Complete 
| 286|0x000000058f000000, 0x000000058f800000, 0x000000058f800000|100%|HC|  |TAMS 0x000000058f800000, 0x000000058f000000| Complete 
| 287|0x000000058f800000, 0x0000000590000000, 0x0000000590000000|100%|HC|  |TAMS 0x0000000590000000, 0x000000058f800000| Complete 
| 288|0x0000000590000000, 0x0000000590800000, 0x0000000590800000|100%|HC|  |TAMS 0x0000000590800000, 0x0000000590000000| Complete 
| 289|0x0000000590800000, 0x0000000591000000, 0x0000000591000000|100%|HC|  |TAMS 0x0000000591000000, 0x0000000590800000| Complete 
| 290|0x0000000591000000, 0x0000000591800000, 0x0000000591800000|100%|HC|  |TAMS 0x0000000591800000, 0x0000000591000000| Complete 
| 291|0x0000000591800000, 0x0000000592000000, 0x0000000592000000|100%|HC|  |TAMS 0x0000000592000000, 0x0000000591800000| Complete 
| 292|0x0000000592000000, 0x0000000592800000, 0x0000000592800000|100%|HC|  |TAMS 0x0000000592800000, 0x0000000592000000| Complete 
| 293|0x0000000592800000, 0x0000000593000000, 0x0000000593000000|100%|HC|  |TAMS 0x0000000593000000, 0x0000000592800000| Complete 
| 294|0x0000000593000000, 0x0000000593800000, 0x0000000593800000|100%|HS|  |TAMS 0x0000000593800000, 0x0000000593000000| Complete 
| 295|0x0000000593800000, 0x0000000594000000, 0x0000000594000000|100%|HC|  |TAMS 0x0000000594000000, 0x0000000593800000| Complete 
| 296|0x0000000594000000, 0x0000000594800000, 0x0000000594800000|100%|HC|  |TAMS 0x0000000594800000, 0x0000000594000000| Complete 
| 297|0x0000000594800000, 0x0000000595000000, 0x0000000595000000|100%|HC|  |TAMS 0x0000000595000000, 0x0000000594800000| Complete 
| 298|0x0000000595000000, 0x0000000595800000, 0x0000000595800000|100%|HC|  |TAMS 0x0000000595800000, 0x0000000595000000| Complete 
| 299|0x0000000595800000, 0x0000000596000000, 0x0000000596000000|100%|HC|  |TAMS 0x0000000596000000, 0x0000000595800000| Complete 
| 300|0x0000000596000000, 0x0000000596800000, 0x0000000596800000|100%|HC|  |TAMS 0x0000000596800000, 0x0000000596000000| Complete 
| 301|0x0000000596800000, 0x0000000597000000, 0x0000000597000000|100%|HC|  |TAMS 0x0000000597000000, 0x0000000596800000| Complete 
| 302|0x0000000597000000, 0x0000000597800000, 0x0000000597800000|100%|HC|  |TAMS 0x0000000597800000, 0x0000000597000000| Complete 
| 303|0x0000000597800000, 0x0000000598000000, 0x0000000598000000|100%|HS|  |TAMS 0x0000000598000000, 0x0000000597800000| Complete 
| 304|0x0000000598000000, 0x0000000598800000, 0x0000000598800000|100%|HC|  |TAMS 0x0000000598800000, 0x0000000598000000| Complete 
| 305|0x0000000598800000, 0x0000000599000000, 0x0000000599000000|100%|HC|  |TAMS 0x0000000599000000, 0x0000000598800000| Complete 
| 306|0x0000000599000000, 0x0000000599800000, 0x0000000599800000|100%|HC|  |TAMS 0x0000000599800000, 0x0000000599000000| Complete 
| 307|0x0000000599800000, 0x000000059a000000, 0x000000059a000000|100%|HC|  |TAMS 0x000000059a000000, 0x0000000599800000| Complete 
| 308|0x000000059a000000, 0x000000059a800000, 0x000000059a800000|100%|HC|  |TAMS 0x000000059a800000, 0x000000059a000000| Complete 
| 309|0x000000059a800000, 0x000000059b000000, 0x000000059b000000|100%|HC|  |TAMS 0x000000059b000000, 0x000000059a800000| Complete 
| 310|0x000000059b000000, 0x000000059b800000, 0x000000059b800000|100%|HC|  |TAMS 0x000000059b800000, 0x000000059b000000| Complete 
| 311|0x000000059b800000, 0x000000059c000000, 0x000000059c000000|100%|HC|  |TAMS 0x000000059c000000, 0x000000059b800000| Complete 
| 312|0x000000059c000000, 0x000000059c800000, 0x000000059c800000|100%|HS|  |TAMS 0x000000059c800000, 0x000000059c000000| Complete 
| 313|0x000000059c800000, 0x000000059d000000, 0x000000059d000000|100%|HC|  |TAMS 0x000000059d000000, 0x000000059c800000| Complete 
| 314|0x000000059d000000, 0x000000059d800000, 0x000000059d800000|100%|HC|  |TAMS 0x000000059d800000, 0x000000059d000000| Complete 
| 315|0x000000059d800000, 0x000000059e000000, 0x000000059e000000|100%|HC|  |TAMS 0x000000059e000000, 0x000000059d800000| Complete 
| 316|0x000000059e000000, 0x000000059e800000, 0x000000059e800000|100%|HC|  |TAMS 0x000000059e800000, 0x000000059e000000| Complete 
| 317|0x000000059e800000, 0x000000059f000000, 0x000000059f000000|100%|HC|  |TAMS 0x000000059f000000, 0x000000059e800000| Complete 
| 318|0x000000059f000000, 0x000000059f800000, 0x000000059f800000|100%|HC|  |TAMS 0x000000059f800000, 0x000000059f000000| Complete 
| 319|0x000000059f800000, 0x00000005a0000000, 0x00000005a0000000|100%|HC|  |TAMS 0x00000005a0000000, 0x000000059f800000| Complete 
| 320|0x00000005a0000000, 0x00000005a0800000, 0x00000005a0800000|100%|HC|  |TAMS 0x00000005a0800000, 0x00000005a0000000| Complete 
| 321|0x00000005a0800000, 0x00000005a1000000, 0x00000005a1000000|100%|HS|  |TAMS 0x00000005a1000000, 0x00000005a0800000| Complete 
| 322|0x00000005a1000000, 0x00000005a1800000, 0x00000005a1800000|100%|HC|  |TAMS 0x00000005a1800000, 0x00000005a1000000| Complete 
| 323|0x00000005a1800000, 0x00000005a2000000, 0x00000005a2000000|100%|HC|  |TAMS 0x00000005a2000000, 0x00000005a1800000| Complete 
| 324|0x00000005a2000000, 0x00000005a2800000, 0x00000005a2800000|100%|HC|  |TAMS 0x00000005a2800000, 0x00000005a2000000| Complete 
| 325|0x00000005a2800000, 0x00000005a3000000, 0x00000005a3000000|100%|HC|  |TAMS 0x00000005a3000000, 0x00000005a2800000| Complete 
| 326|0x00000005a3000000, 0x00000005a3800000, 0x00000005a3800000|100%|HC|  |TAMS 0x00000005a3800000, 0x00000005a3000000| Complete 
| 327|0x00000005a3800000, 0x00000005a4000000, 0x00000005a4000000|100%|HC|  |TAMS 0x00000005a4000000, 0x00000005a3800000| Complete 
| 328|0x00000005a4000000, 0x00000005a4800000, 0x00000005a4800000|100%|HC|  |TAMS 0x00000005a4800000, 0x00000005a4000000| Complete 
| 329|0x00000005a4800000, 0x00000005a5000000, 0x00000005a5000000|100%|HS|  |TAMS 0x00000005a5000000, 0x00000005a4800000| Complete 
| 330|0x00000005a5000000, 0x00000005a5800000, 0x00000005a5800000|100%|HC|  |TAMS 0x00000005a5800000, 0x00000005a5000000| Complete 
| 331|0x00000005a5800000, 0x00000005a6000000, 0x00000005a6000000|100%|HC|  |TAMS 0x00000005a6000000, 0x00000005a5800000| Complete 
| 332|0x00000005a6000000, 0x00000005a6800000, 0x00000005a6800000|100%|HC|  |TAMS 0x00000005a6800000, 0x00000005a6000000| Complete 
| 333|0x00000005a6800000, 0x00000005a7000000, 0x00000005a7000000|100%|HC|  |TAMS 0x00000005a7000000, 0x00000005a6800000| Complete 
| 334|0x00000005a7000000, 0x00000005a7800000, 0x00000005a7800000|100%|HC|  |TAMS 0x00000005a7800000, 0x00000005a7000000| Complete 
| 335|0x00000005a7800000, 0x00000005a8000000, 0x00000005a8000000|100%|HC|  |TAMS 0x00000005a8000000, 0x00000005a7800000| Complete 
| 336|0x00000005a8000000, 0x00000005a8800000, 0x00000005a8800000|100%|HC|  |TAMS 0x00000005a8800000, 0x00000005a8000000| Complete 
| 337|0x00000005a8800000, 0x00000005a9000000, 0x00000005a9000000|100%|HS|  |TAMS 0x00000005a9000000, 0x00000005a8800000| Complete 
| 338|0x00000005a9000000, 0x00000005a9800000, 0x00000005a9800000|100%|HC|  |TAMS 0x00000005a9800000, 0x00000005a9000000| Complete 
| 339|0x00000005a9800000, 0x00000005aa000000, 0x00000005aa000000|100%|HC|  |TAMS 0x00000005aa000000, 0x00000005a9800000| Complete 
| 340|0x00000005aa000000, 0x00000005aa800000, 0x00000005aa800000|100%|HC|  |TAMS 0x00000005aa800000, 0x00000005aa000000| Complete 
| 341|0x00000005aa800000, 0x00000005ab000000, 0x00000005ab000000|100%|HC|  |TAMS 0x00000005ab000000, 0x00000005aa800000| Complete 
| 342|0x00000005ab000000, 0x00000005ab800000, 0x00000005ab800000|100%|HC|  |TAMS 0x00000005ab800000, 0x00000005ab000000| Complete 
| 343|0x00000005ab800000, 0x00000005ac000000, 0x00000005ac000000|100%|HC|  |TAMS 0x00000005ac000000, 0x00000005ab800000| Complete 
| 344|0x00000005ac000000, 0x00000005ac800000, 0x00000005ac800000|100%|HC|  |TAMS 0x00000005ac800000, 0x00000005ac000000| Complete 
| 345|0x00000005ac800000, 0x00000005ad000000, 0x00000005ad000000|100%|HS|  |TAMS 0x00000005ad000000, 0x00000005ac800000| Complete 
| 346|0x00000005ad000000, 0x00000005ad800000, 0x00000005ad800000|100%|HC|  |TAMS 0x00000005ad800000, 0x00000005ad000000| Complete 
| 347|0x00000005ad800000, 0x00000005ae000000, 0x00000005ae000000|100%|HC|  |TAMS 0x00000005ae000000, 0x00000005ad800000| Complete 
| 348|0x00000005ae000000, 0x00000005ae800000, 0x00000005ae800000|100%|HC|  |TAMS 0x00000005ae800000, 0x00000005ae000000| Complete 
| 349|0x00000005ae800000, 0x00000005af000000, 0x00000005af000000|100%|HC|  |TAMS 0x00000005af000000, 0x00000005ae800000| Complete 
| 350|0x00000005af000000, 0x00000005af800000, 0x00000005af800000|100%|HC|  |TAMS 0x00000005af800000, 0x00000005af000000| Complete 
| 351|0x00000005af800000, 0x00000005b0000000, 0x00000005b0000000|100%|HC|  |TAMS 0x00000005b0000000, 0x00000005af800000| Complete 
| 352|0x00000005b0000000, 0x00000005b0800000, 0x00000005b0800000|100%|HC|  |TAMS 0x00000005b0800000, 0x00000005b0000000| Complete 
| 353|0x00000005b0800000, 0x00000005b1000000, 0x00000005b1000000|100%|HS|  |TAMS 0x00000005b1000000, 0x00000005b0800000| Complete 
| 354|0x00000005b1000000, 0x00000005b1800000, 0x00000005b1800000|100%|HC|  |TAMS 0x00000005b1800000, 0x00000005b1000000| Complete 
| 355|0x00000005b1800000, 0x00000005b2000000, 0x00000005b2000000|100%|HC|  |TAMS 0x00000005b2000000, 0x00000005b1800000| Complete 
| 356|0x00000005b2000000, 0x00000005b2800000, 0x00000005b2800000|100%|HC|  |TAMS 0x00000005b2800000, 0x00000005b2000000| Complete 
| 357|0x00000005b2800000, 0x00000005b3000000, 0x00000005b3000000|100%|HC|  |TAMS 0x00000005b3000000, 0x00000005b2800000| Complete 
| 358|0x00000005b3000000, 0x00000005b3800000, 0x00000005b3800000|100%|HC|  |TAMS 0x00000005b3800000, 0x00000005b3000000| Complete 
| 359|0x00000005b3800000, 0x00000005b4000000, 0x00000005b4000000|100%|HC|  |TAMS 0x00000005b4000000, 0x00000005b3800000| Complete 
| 360|0x00000005b4000000, 0x00000005b4800000, 0x00000005b4800000|100%|HC|  |TAMS 0x00000005b4800000, 0x00000005b4000000| Complete 
| 361|0x00000005b4800000, 0x00000005b5000000, 0x00000005b5000000|100%|HS|  |TAMS 0x00000005b5000000, 0x00000005b4800000| Complete 
| 362|0x00000005b5000000, 0x00000005b5800000, 0x00000005b5800000|100%|HC|  |TAMS 0x00000005b5800000, 0x00000005b5000000| Complete 
| 363|0x00000005b5800000, 0x00000005b6000000, 0x00000005b6000000|100%|HC|  |TAMS 0x00000005b6000000, 0x00000005b5800000| Complete 
| 364|0x00000005b6000000, 0x00000005b6800000, 0x00000005b6800000|100%|HC|  |TAMS 0x00000005b6800000, 0x00000005b6000000| Complete 
| 365|0x00000005b6800000, 0x00000005b7000000, 0x00000005b7000000|100%|HC|  |TAMS 0x00000005b7000000, 0x00000005b6800000| Complete 
| 366|0x00000005b7000000, 0x00000005b7800000, 0x00000005b7800000|100%|HC|  |TAMS 0x00000005b7800000, 0x00000005b7000000| Complete 
| 367|0x00000005b7800000, 0x00000005b8000000, 0x00000005b8000000|100%|HC|  |TAMS 0x00000005b8000000, 0x00000005b7800000| Complete 
| 368|0x00000005b8000000, 0x00000005b8800000, 0x00000005b8800000|100%|HC|  |TAMS 0x00000005b8800000, 0x00000005b8000000| Complete 
| 369|0x00000005b8800000, 0x00000005b9000000, 0x00000005b9000000|100%|HS|  |TAMS 0x00000005b9000000, 0x00000005b8800000| Complete 
| 370|0x00000005b9000000, 0x00000005b9800000, 0x00000005b9800000|100%|HC|  |TAMS 0x00000005b9800000, 0x00000005b9000000| Complete 
| 371|0x00000005b9800000, 0x00000005ba000000, 0x00000005ba000000|100%|HC|  |TAMS 0x00000005ba000000, 0x00000005b9800000| Complete 
| 372|0x00000005ba000000, 0x00000005ba800000, 0x00000005ba800000|100%|HC|  |TAMS 0x00000005ba800000, 0x00000005ba000000| Complete 
| 373|0x00000005ba800000, 0x00000005bb000000, 0x00000005bb000000|100%|HC|  |TAMS 0x00000005bb000000, 0x00000005ba800000| Complete 
| 374|0x00000005bb000000, 0x00000005bb800000, 0x00000005bb800000|100%|HC|  |TAMS 0x00000005bb800000, 0x00000005bb000000| Complete 
| 375|0x00000005bb800000, 0x00000005bc000000, 0x00000005bc000000|100%|HC|  |TAMS 0x00000005bc000000, 0x00000005bb800000| Complete 
| 376|0x00000005bc000000, 0x00000005bc800000, 0x00000005bc800000|100%|HC|  |TAMS 0x00000005bc800000, 0x00000005bc000000| Complete 
| 377|0x00000005bc800000, 0x00000005bd000000, 0x00000005bd000000|100%|HS|  |TAMS 0x00000005bd000000, 0x00000005bc800000| Complete 
| 378|0x00000005bd000000, 0x00000005bd800000, 0x00000005bd800000|100%|HC|  |TAMS 0x00000005bd800000, 0x00000005bd000000| Complete 
| 379|0x00000005bd800000, 0x00000005be000000, 0x00000005be000000|100%|HC|  |TAMS 0x00000005be000000, 0x00000005bd800000| Complete 
| 380|0x00000005be000000, 0x00000005be800000, 0x00000005be800000|100%|HC|  |TAMS 0x00000005be800000, 0x00000005be000000| Complete 
| 381|0x00000005be800000, 0x00000005bf000000, 0x00000005bf000000|100%|HC|  |TAMS 0x00000005bf000000, 0x00000005be800000| Complete 
| 382|0x00000005bf000000, 0x00000005bf800000, 0x00000005bf800000|100%|HC|  |TAMS 0x00000005bf800000, 0x00000005bf000000| Complete 
| 383|0x00000005bf800000, 0x00000005c0000000, 0x00000005c0000000|100%|HC|  |TAMS 0x00000005c0000000, 0x00000005bf800000| Complete 
| 384|0x00000005c0000000, 0x00000005c0800000, 0x00000005c0800000|100%|HC|  |TAMS 0x00000005c0800000, 0x00000005c0000000| Complete 
| 385|0x00000005c0800000, 0x00000005c1000000, 0x00000005c1000000|100%|HS|  |TAMS 0x00000005c1000000, 0x00000005c0800000| Complete 
| 386|0x00000005c1000000, 0x00000005c1800000, 0x00000005c1800000|100%|HC|  |TAMS 0x00000005c1800000, 0x00000005c1000000| Complete 
| 387|0x00000005c1800000, 0x00000005c2000000, 0x00000005c2000000|100%|HC|  |TAMS 0x00000005c2000000, 0x00000005c1800000| Complete 
| 388|0x00000005c2000000, 0x00000005c2800000, 0x00000005c2800000|100%|HC|  |TAMS 0x00000005c2800000, 0x00000005c2000000| Complete 
| 389|0x00000005c2800000, 0x00000005c3000000, 0x00000005c3000000|100%|HC|  |TAMS 0x00000005c3000000, 0x00000005c2800000| Complete 
| 390|0x00000005c3000000, 0x00000005c3800000, 0x00000005c3800000|100%|HC|  |TAMS 0x00000005c3800000, 0x00000005c3000000| Complete 
| 391|0x00000005c3800000, 0x00000005c4000000, 0x00000005c4000000|100%|HC|  |TAMS 0x00000005c4000000, 0x00000005c3800000| Complete 
| 392|0x00000005c4000000, 0x00000005c4800000, 0x00000005c4800000|100%|HC|  |TAMS 0x00000005c4800000, 0x00000005c4000000| Complete 
| 393|0x00000005c4800000, 0x00000005c5000000, 0x00000005c5000000|100%|HS|  |TAMS 0x00000005c5000000, 0x00000005c4800000| Complete 
| 394|0x00000005c5000000, 0x00000005c5800000, 0x00000005c5800000|100%|HC|  |TAMS 0x00000005c5800000, 0x00000005c5000000| Complete 
| 395|0x00000005c5800000, 0x00000005c6000000, 0x00000005c6000000|100%|HC|  |TAMS 0x00000005c6000000, 0x00000005c5800000| Complete 
| 396|0x00000005c6000000, 0x00000005c6800000, 0x00000005c6800000|100%|HC|  |TAMS 0x00000005c6800000, 0x00000005c6000000| Complete 
| 397|0x00000005c6800000, 0x00000005c7000000, 0x00000005c7000000|100%|HC|  |TAMS 0x00000005c7000000, 0x00000005c6800000| Complete 
| 398|0x00000005c7000000, 0x00000005c7800000, 0x00000005c7800000|100%|HC|  |TAMS 0x00000005c7800000, 0x00000005c7000000| Complete 
| 399|0x00000005c7800000, 0x00000005c8000000, 0x00000005c8000000|100%|HC|  |TAMS 0x00000005c8000000, 0x00000005c7800000| Complete 
| 400|0x00000005c8000000, 0x00000005c8800000, 0x00000005c8800000|100%|HC|  |TAMS 0x00000005c8800000, 0x00000005c8000000| Complete 
| 401|0x00000005c8800000, 0x00000005c9000000, 0x00000005c9000000|100%|HS|  |TAMS 0x00000005c9000000, 0x00000005c8800000| Complete 
| 402|0x00000005c9000000, 0x00000005c9800000, 0x00000005c9800000|100%|HC|  |TAMS 0x00000005c9800000, 0x00000005c9000000| Complete 
| 403|0x00000005c9800000, 0x00000005ca000000, 0x00000005ca000000|100%|HC|  |TAMS 0x00000005ca000000, 0x00000005c9800000| Complete 
| 404|0x00000005ca000000, 0x00000005ca800000, 0x00000005ca800000|100%|HC|  |TAMS 0x00000005ca800000, 0x00000005ca000000| Complete 
| 405|0x00000005ca800000, 0x00000005cb000000, 0x00000005cb000000|100%|HC|  |TAMS 0x00000005cb000000, 0x00000005ca800000| Complete 
| 406|0x00000005cb000000, 0x00000005cb800000, 0x00000005cb800000|100%|HC|  |TAMS 0x00000005cb800000, 0x00000005cb000000| Complete 
| 407|0x00000005cb800000, 0x00000005cc000000, 0x00000005cc000000|100%|HC|  |TAMS 0x00000005cc000000, 0x00000005cb800000| Complete 
| 408|0x00000005cc000000, 0x00000005cc800000, 0x00000005cc800000|100%|HC|  |TAMS 0x00000005cc800000, 0x00000005cc000000| Complete 
| 409|0x00000005cc800000, 0x00000005cd000000, 0x00000005cd000000|100%|HS|  |TAMS 0x00000005cd000000, 0x00000005cc800000| Complete 
| 410|0x00000005cd000000, 0x00000005cd800000, 0x00000005cd800000|100%|HC|  |TAMS 0x00000005cd800000, 0x00000005cd000000| Complete 
| 411|0x00000005cd800000, 0x00000005ce000000, 0x00000005ce000000|100%|HC|  |TAMS 0x00000005ce000000, 0x00000005cd800000| Complete 
| 412|0x00000005ce000000, 0x00000005ce800000, 0x00000005ce800000|100%|HC|  |TAMS 0x00000005ce800000, 0x00000005ce000000| Complete 
| 413|0x00000005ce800000, 0x00000005cf000000, 0x00000005cf000000|100%|HC|  |TAMS 0x00000005cf000000, 0x00000005ce800000| Complete 
| 414|0x00000005cf000000, 0x00000005cf800000, 0x00000005cf800000|100%|HC|  |TAMS 0x00000005cf800000, 0x00000005cf000000| Complete 
| 415|0x00000005cf800000, 0x00000005d0000000, 0x00000005d0000000|100%|HC|  |TAMS 0x00000005d0000000, 0x00000005cf800000| Complete 
| 416|0x00000005d0000000, 0x00000005d0800000, 0x00000005d0800000|100%|HC|  |TAMS 0x00000005d0800000, 0x00000005d0000000| Complete 
| 417|0x00000005d0800000, 0x00000005d1000000, 0x00000005d1000000|100%|HS|  |TAMS 0x00000005d1000000, 0x00000005d0800000| Complete 
| 418|0x00000005d1000000, 0x00000005d1800000, 0x00000005d1800000|100%|HC|  |TAMS 0x00000005d1800000, 0x00000005d1000000| Complete 
| 419|0x00000005d1800000, 0x00000005d2000000, 0x00000005d2000000|100%|HC|  |TAMS 0x00000005d2000000, 0x00000005d1800000| Complete 
| 420|0x00000005d2000000, 0x00000005d2800000, 0x00000005d2800000|100%|HC|  |TAMS 0x00000005d2800000, 0x00000005d2000000| Complete 
| 421|0x00000005d2800000, 0x00000005d3000000, 0x00000005d3000000|100%|HC|  |TAMS 0x00000005d3000000, 0x00000005d2800000| Complete 
| 422|0x00000005d3000000, 0x00000005d3800000, 0x00000005d3800000|100%|HC|  |TAMS 0x00000005d3800000, 0x00000005d3000000| Complete 
| 423|0x00000005d3800000, 0x00000005d4000000, 0x00000005d4000000|100%|HC|  |TAMS 0x00000005d4000000, 0x00000005d3800000| Complete 
| 424|0x00000005d4000000, 0x00000005d4800000, 0x00000005d4800000|100%|HC|  |TAMS 0x00000005d4800000, 0x00000005d4000000| Complete 
| 425|0x00000005d4800000, 0x00000005d5000000, 0x00000005d5000000|100%|HC|  |TAMS 0x00000005d5000000, 0x00000005d4800000| Complete 
| 426|0x00000005d5000000, 0x00000005d5800000, 0x00000005d5800000|100%|HC|  |TAMS 0x00000005d5800000, 0x00000005d5000000| Complete 
| 427|0x00000005d5800000, 0x00000005d6000000, 0x00000005d6000000|100%|HC|  |TAMS 0x00000005d6000000, 0x00000005d5800000| Complete 
| 428|0x00000005d6000000, 0x00000005d6800000, 0x00000005d6800000|100%|HC|  |TAMS 0x00000005d6800000, 0x00000005d6000000| Complete 
| 429|0x00000005d6800000, 0x00000005d7000000, 0x00000005d7000000|100%|HC|  |TAMS 0x00000005d7000000, 0x00000005d6800000| Complete 
| 430|0x00000005d7000000, 0x00000005d7800000, 0x00000005d7800000|100%|HC|  |TAMS 0x00000005d7800000, 0x00000005d7000000| Complete 
| 431|0x00000005d7800000, 0x00000005d8000000, 0x00000005d8000000|100%|HC|  |TAMS 0x00000005d8000000, 0x00000005d7800000| Complete 
| 432|0x00000005d8000000, 0x00000005d8800000, 0x00000005d8800000|100%|HC|  |TAMS 0x00000005d8800000, 0x00000005d8000000| Complete 
| 433|0x00000005d8800000, 0x00000005d9000000, 0x00000005d9000000|100%|HC|  |TAMS 0x00000005d9000000, 0x00000005d8800000| Complete 
| 434|0x00000005d9000000, 0x00000005d9800000, 0x00000005d9800000|100%|HC|  |TAMS 0x00000005d9800000, 0x00000005d9000000| Complete 
| 435|0x00000005d9800000, 0x00000005da000000, 0x00000005da000000|100%|HC|  |TAMS 0x00000005da000000, 0x00000005d9800000| Complete 
| 436|0x00000005da000000, 0x00000005da800000, 0x00000005da800000|100%|HC|  |TAMS 0x00000005da800000, 0x00000005da000000| Complete 
| 437|0x00000005da800000, 0x00000005db000000, 0x00000005db000000|100%|HC|  |TAMS 0x00000005db000000, 0x00000005da800000| Complete 
| 438|0x00000005db000000, 0x00000005db800000, 0x00000005db800000|100%|HC|  |TAMS 0x00000005db800000, 0x00000005db000000| Complete 
| 439|0x00000005db800000, 0x00000005dc000000, 0x00000005dc000000|100%|HC|  |TAMS 0x00000005dc000000, 0x00000005db800000| Complete 
| 440|0x00000005dc000000, 0x00000005dc800000, 0x00000005dc800000|100%|HC|  |TAMS 0x00000005dc800000, 0x00000005dc000000| Complete 
| 441|0x00000005dc800000, 0x00000005dd000000, 0x00000005dd000000|100%|HC|  |TAMS 0x00000005dd000000, 0x00000005dc800000| Complete 
| 442|0x00000005dd000000, 0x00000005dd800000, 0x00000005dd800000|100%|HC|  |TAMS 0x00000005dd800000, 0x00000005dd000000| Complete 
| 443|0x00000005dd800000, 0x00000005de000000, 0x00000005de000000|100%|HC|  |TAMS 0x00000005de000000, 0x00000005dd800000| Complete 
| 444|0x00000005de000000, 0x00000005de800000, 0x00000005de800000|100%|HC|  |TAMS 0x00000005de800000, 0x00000005de000000| Complete 
| 445|0x00000005de800000, 0x00000005df000000, 0x00000005df000000|100%|HC|  |TAMS 0x00000005df000000, 0x00000005de800000| Complete 
| 446|0x00000005df000000, 0x00000005df800000, 0x00000005df800000|100%|HC|  |TAMS 0x00000005df800000, 0x00000005df000000| Complete 
| 447|0x00000005df800000, 0x00000005e0000000, 0x00000005e0000000|100%|HC|  |TAMS 0x00000005e0000000, 0x00000005df800000| Complete 
| 448|0x00000005e0000000, 0x00000005e0800000, 0x00000005e0800000|100%|HC|  |TAMS 0x00000005e0800000, 0x00000005e0000000| Complete 
| 449|0x00000005e0800000, 0x00000005e1000000, 0x00000005e1000000|100%|HC|  |TAMS 0x00000005e1000000, 0x00000005e0800000| Complete 
| 450|0x00000005e1000000, 0x00000005e1800000, 0x00000005e1800000|100%|HS|  |TAMS 0x00000005e1800000, 0x00000005e1000000| Complete 
| 451|0x00000005e1800000, 0x00000005e2000000, 0x00000005e2000000|100%|HC|  |TAMS 0x00000005e2000000, 0x00000005e1800000| Complete 
| 452|0x00000005e2000000, 0x00000005e2800000, 0x00000005e2800000|100%|HC|  |TAMS 0x00000005e2800000, 0x00000005e2000000| Complete 
| 453|0x00000005e2800000, 0x00000005e3000000, 0x00000005e3000000|100%|HC|  |TAMS 0x00000005e3000000, 0x00000005e2800000| Complete 
| 454|0x00000005e3000000, 0x00000005e3800000, 0x00000005e3800000|100%|HC|  |TAMS 0x00000005e3800000, 0x00000005e3000000| Complete 
| 455|0x00000005e3800000, 0x00000005e4000000, 0x00000005e4000000|100%|HC|  |TAMS 0x00000005e4000000, 0x00000005e3800000| Complete 
| 456|0x00000005e4000000, 0x00000005e4800000, 0x00000005e4800000|100%|HC|  |TAMS 0x00000005e4800000, 0x00000005e4000000| Complete 
| 457|0x00000005e4800000, 0x00000005e5000000, 0x00000005e5000000|100%|HC|  |TAMS 0x00000005e5000000, 0x00000005e4800000| Complete 
| 458|0x00000005e5000000, 0x00000005e5800000, 0x00000005e5800000|100%|HC|  |TAMS 0x00000005e5800000, 0x00000005e5000000| Complete 
| 459|0x00000005e5800000, 0x00000005e6000000, 0x00000005e6000000|100%|HC|  |TAMS 0x00000005e6000000, 0x00000005e5800000| Complete 
| 460|0x00000005e6000000, 0x00000005e6800000, 0x00000005e6800000|100%|HC|  |TAMS 0x00000005e6800000, 0x00000005e6000000| Complete 
| 461|0x00000005e6800000, 0x00000005e7000000, 0x00000005e7000000|100%|HC|  |TAMS 0x00000005e7000000, 0x00000005e6800000| Complete 
| 462|0x00000005e7000000, 0x00000005e7800000, 0x00000005e7800000|100%|HC|  |TAMS 0x00000005e7800000, 0x00000005e7000000| Complete 
| 463|0x00000005e7800000, 0x00000005e8000000, 0x00000005e8000000|100%|HC|  |TAMS 0x00000005e8000000, 0x00000005e7800000| Complete 
| 464|0x00000005e8000000, 0x00000005e8800000, 0x00000005e8800000|100%|HC|  |TAMS 0x00000005e8800000, 0x00000005e8000000| Complete 
| 465|0x00000005e8800000, 0x00000005e9000000, 0x00000005e9000000|100%|HC|  |TAMS 0x00000005e9000000, 0x00000005e8800000| Complete 
| 466|0x00000005e9000000, 0x00000005e9800000, 0x00000005e9800000|100%|HC|  |TAMS 0x00000005e9800000, 0x00000005e9000000| Complete 
| 467|0x00000005e9800000, 0x00000005ea000000, 0x00000005ea000000|100%|HC|  |TAMS 0x00000005ea000000, 0x00000005e9800000| Complete 
| 468|0x00000005ea000000, 0x00000005ea800000, 0x00000005ea800000|100%|HC|  |TAMS 0x00000005ea800000, 0x00000005ea000000| Complete 
| 469|0x00000005ea800000, 0x00000005eb000000, 0x00000005eb000000|100%|HC|  |TAMS 0x00000005eb000000, 0x00000005ea800000| Complete 
| 470|0x00000005eb000000, 0x00000005eb800000, 0x00000005eb800000|100%|HC|  |TAMS 0x00000005eb800000, 0x00000005eb000000| Complete 
| 471|0x00000005eb800000, 0x00000005ec000000, 0x00000005ec000000|100%|HC|  |TAMS 0x00000005ec000000, 0x00000005eb800000| Complete 
| 472|0x00000005ec000000, 0x00000005ec800000, 0x00000005ec800000|100%|HC|  |TAMS 0x00000005ec800000, 0x00000005ec000000| Complete 
| 473|0x00000005ec800000, 0x00000005ed000000, 0x00000005ed000000|100%|HC|  |TAMS 0x00000005ed000000, 0x00000005ec800000| Complete 
| 474|0x00000005ed000000, 0x00000005ed800000, 0x00000005ed800000|100%|HC|  |TAMS 0x00000005ed800000, 0x00000005ed000000| Complete 
| 475|0x00000005ed800000, 0x00000005ee000000, 0x00000005ee000000|100%|HC|  |TAMS 0x00000005ee000000, 0x00000005ed800000| Complete 
| 476|0x00000005ee000000, 0x00000005ee800000, 0x00000005ee800000|100%|HC|  |TAMS 0x00000005ee800000, 0x00000005ee000000| Complete 
| 477|0x00000005ee800000, 0x00000005ef000000, 0x00000005ef000000|100%|HC|  |TAMS 0x00000005ef000000, 0x00000005ee800000| Complete 
| 478|0x00000005ef000000, 0x00000005ef800000, 0x00000005ef800000|100%|HC|  |TAMS 0x00000005ef800000, 0x00000005ef000000| Complete 
| 479|0x00000005ef800000, 0x00000005f0000000, 0x00000005f0000000|100%|HC|  |TAMS 0x00000005f0000000, 0x00000005ef800000| Complete 
| 480|0x00000005f0000000, 0x00000005f0800000, 0x00000005f0800000|100%|HC|  |TAMS 0x00000005f0800000, 0x00000005f0000000| Complete 
| 481|0x00000005f0800000, 0x00000005f1000000, 0x00000005f1000000|100%|HC|  |TAMS 0x00000005f1000000, 0x00000005f0800000| Complete 
| 482|0x00000005f1000000, 0x00000005f1800000, 0x00000005f1800000|100%|HC|  |TAMS 0x00000005f1800000, 0x00000005f1000000| Complete 
| 483|0x00000005f1800000, 0x00000005f2000000, 0x00000005f2000000|100%|HS|  |TAMS 0x00000005f2000000, 0x00000005f1800000| Complete 
| 484|0x00000005f2000000, 0x00000005f2800000, 0x00000005f2800000|100%|HC|  |TAMS 0x00000005f2800000, 0x00000005f2000000| Complete 
| 485|0x00000005f2800000, 0x00000005f3000000, 0x00000005f3000000|100%|HC|  |TAMS 0x00000005f3000000, 0x00000005f2800000| Complete 
| 486|0x00000005f3000000, 0x00000005f3800000, 0x00000005f3800000|100%|HC|  |TAMS 0x00000005f3800000, 0x00000005f3000000| Complete 
| 487|0x00000005f3800000, 0x00000005f4000000, 0x00000005f4000000|100%|HC|  |TAMS 0x00000005f4000000, 0x00000005f3800000| Complete 
| 488|0x00000005f4000000, 0x00000005f4800000, 0x00000005f4800000|100%|HC|  |TAMS 0x00000005f4800000, 0x00000005f4000000| Complete 
| 489|0x00000005f4800000, 0x00000005f5000000, 0x00000005f5000000|100%|HC|  |TAMS 0x00000005f5000000, 0x00000005f4800000| Complete 
| 490|0x00000005f5000000, 0x00000005f5800000, 0x00000005f5800000|100%|HC|  |TAMS 0x00000005f5800000, 0x00000005f5000000| Complete 
| 491|0x00000005f5800000, 0x00000005f6000000, 0x00000005f6000000|100%|HC|  |TAMS 0x00000005f6000000, 0x00000005f5800000| Complete 
| 492|0x00000005f6000000, 0x00000005f6800000, 0x00000005f6800000|100%|HC|  |TAMS 0x00000005f6800000, 0x00000005f6000000| Complete 
| 493|0x00000005f6800000, 0x00000005f7000000, 0x00000005f7000000|100%|HC|  |TAMS 0x00000005f7000000, 0x00000005f6800000| Complete 
| 494|0x00000005f7000000, 0x00000005f7800000, 0x00000005f7800000|100%|HC|  |TAMS 0x00000005f7800000, 0x00000005f7000000| Complete 
| 495|0x00000005f7800000, 0x00000005f8000000, 0x00000005f8000000|100%|HC|  |TAMS 0x00000005f8000000, 0x00000005f7800000| Complete 
| 496|0x00000005f8000000, 0x00000005f8800000, 0x00000005f8800000|100%|HC|  |TAMS 0x00000005f8800000, 0x00000005f8000000| Complete 
| 497|0x00000005f8800000, 0x00000005f9000000, 0x00000005f9000000|100%|HC|  |TAMS 0x00000005f9000000, 0x00000005f8800000| Complete 
| 498|0x00000005f9000000, 0x00000005f9800000, 0x00000005f9800000|100%|HC|  |TAMS 0x00000005f9800000, 0x00000005f9000000| Complete 
| 499|0x00000005f9800000, 0x00000005fa000000, 0x00000005fa000000|100%|HC|  |TAMS 0x00000005fa000000, 0x00000005f9800000| Complete 
| 500|0x00000005fa000000, 0x00000005fa800000, 0x00000005fa800000|100%|HC|  |TAMS 0x00000005fa800000, 0x00000005fa000000| Complete 
| 501|0x00000005fa800000, 0x00000005fb000000, 0x00000005fb000000|100%|HC|  |TAMS 0x00000005fb000000, 0x00000005fa800000| Complete 
| 502|0x00000005fb000000, 0x00000005fb800000, 0x00000005fb800000|100%|HC|  |TAMS 0x00000005fb800000, 0x00000005fb000000| Complete 
| 503|0x00000005fb800000, 0x00000005fc000000, 0x00000005fc000000|100%|HC|  |TAMS 0x00000005fc000000, 0x00000005fb800000| Complete 
| 504|0x00000005fc000000, 0x00000005fc800000, 0x00000005fc800000|100%|HC|  |TAMS 0x00000005fc800000, 0x00000005fc000000| Complete 
| 505|0x00000005fc800000, 0x00000005fd000000, 0x00000005fd000000|100%|HC|  |TAMS 0x00000005fd000000, 0x00000005fc800000| Complete 
| 506|0x00000005fd000000, 0x00000005fd800000, 0x00000005fd800000|100%|HC|  |TAMS 0x00000005fd800000, 0x00000005fd000000| Complete 
| 507|0x00000005fd800000, 0x00000005fe000000, 0x00000005fe000000|100%|HC|  |TAMS 0x00000005fe000000, 0x00000005fd800000| Complete 
| 508|0x00000005fe000000, 0x00000005fe800000, 0x00000005fe800000|100%|HC|  |TAMS 0x00000005fe800000, 0x00000005fe000000| Complete 
| 509|0x00000005fe800000, 0x00000005ff000000, 0x00000005ff000000|100%|HC|  |TAMS 0x00000005ff000000, 0x00000005fe800000| Complete 
| 510|0x00000005ff000000, 0x00000005ff800000, 0x00000005ff800000|100%|HC|  |TAMS 0x00000005ff800000, 0x00000005ff000000| Complete 
| 511|0x00000005ff800000, 0x0000000600000000, 0x0000000600000000|100%|HC|  |TAMS 0x0000000600000000, 0x00000005ff800000| Complete 
| 512|0x0000000600000000, 0x0000000600800000, 0x0000000600800000|100%|HC|  |TAMS 0x0000000600800000, 0x0000000600000000| Complete 
| 513|0x0000000600800000, 0x0000000601000000, 0x0000000601000000|100%|HC|  |TAMS 0x0000000601000000, 0x0000000600800000| Complete 
| 514|0x0000000601000000, 0x0000000601800000, 0x0000000601800000|100%|HC|  |TAMS 0x0000000601800000, 0x0000000601000000| Complete 
| 515|0x0000000601800000, 0x0000000602000000, 0x0000000602000000|100%|HC|  |TAMS 0x0000000602000000, 0x0000000601800000| Complete 
| 516|0x0000000602000000, 0x0000000602800000, 0x0000000602800000|100%|HS|  |TAMS 0x0000000602800000, 0x0000000602000000| Complete 
| 517|0x0000000602800000, 0x0000000603000000, 0x0000000603000000|100%|HC|  |TAMS 0x0000000603000000, 0x0000000602800000| Complete 
| 518|0x0000000603000000, 0x0000000603800000, 0x0000000603800000|100%|HC|  |TAMS 0x0000000603800000, 0x0000000603000000| Complete 
| 519|0x0000000603800000, 0x0000000604000000, 0x0000000604000000|100%|HC|  |TAMS 0x0000000604000000, 0x0000000603800000| Complete 
| 520|0x0000000604000000, 0x0000000604800000, 0x0000000604800000|100%|HC|  |TAMS 0x0000000604800000, 0x0000000604000000| Complete 
| 521|0x0000000604800000, 0x0000000605000000, 0x0000000605000000|100%|HC|  |TAMS 0x0000000605000000, 0x0000000604800000| Complete 
| 522|0x0000000605000000, 0x0000000605800000, 0x0000000605800000|100%|HC|  |TAMS 0x0000000605800000, 0x0000000605000000| Complete 
| 523|0x0000000605800000, 0x0000000606000000, 0x0000000606000000|100%|HC|  |TAMS 0x0000000606000000, 0x0000000605800000| Complete 
| 524|0x0000000606000000, 0x0000000606800000, 0x0000000606800000|100%|HC|  |TAMS 0x0000000606800000, 0x0000000606000000| Complete 
| 525|0x0000000606800000, 0x0000000607000000, 0x0000000607000000|100%|HC|  |TAMS 0x0000000607000000, 0x0000000606800000| Complete 
| 526|0x0000000607000000, 0x0000000607800000, 0x0000000607800000|100%|HC|  |TAMS 0x0000000607800000, 0x0000000607000000| Complete 
| 527|0x0000000607800000, 0x0000000608000000, 0x0000000608000000|100%|HC|  |TAMS 0x0000000608000000, 0x0000000607800000| Complete 
| 528|0x0000000608000000, 0x0000000608800000, 0x0000000608800000|100%|HC|  |TAMS 0x0000000608800000, 0x0000000608000000| Complete 
| 529|0x0000000608800000, 0x0000000609000000, 0x0000000609000000|100%|HC|  |TAMS 0x0000000609000000, 0x0000000608800000| Complete 
| 530|0x0000000609000000, 0x0000000609800000, 0x0000000609800000|100%|HC|  |TAMS 0x0000000609800000, 0x0000000609000000| Complete 
| 531|0x0000000609800000, 0x000000060a000000, 0x000000060a000000|100%|HC|  |TAMS 0x000000060a000000, 0x0000000609800000| Complete 
| 532|0x000000060a000000, 0x000000060a800000, 0x000000060a800000|100%|HC|  |TAMS 0x000000060a800000, 0x000000060a000000| Complete 
| 533|0x000000060a800000, 0x000000060b000000, 0x000000060b000000|100%|HC|  |TAMS 0x000000060b000000, 0x000000060a800000| Complete 
| 534|0x000000060b000000, 0x000000060b800000, 0x000000060b800000|100%|HC|  |TAMS 0x000000060b800000, 0x000000060b000000| Complete 
| 535|0x000000060b800000, 0x000000060c000000, 0x000000060c000000|100%|HC|  |TAMS 0x000000060c000000, 0x000000060b800000| Complete 
| 536|0x000000060c000000, 0x000000060c800000, 0x000000060c800000|100%|HC|  |TAMS 0x000000060c800000, 0x000000060c000000| Complete 
| 537|0x000000060c800000, 0x000000060d000000, 0x000000060d000000|100%|HC|  |TAMS 0x000000060d000000, 0x000000060c800000| Complete 
| 538|0x000000060d000000, 0x000000060d800000, 0x000000060d800000|100%|HC|  |TAMS 0x000000060d800000, 0x000000060d000000| Complete 
| 539|0x000000060d800000, 0x000000060e000000, 0x000000060e000000|100%|HC|  |TAMS 0x000000060e000000, 0x000000060d800000| Complete 
| 540|0x000000060e000000, 0x000000060e800000, 0x000000060e800000|100%|HC|  |TAMS 0x000000060e800000, 0x000000060e000000| Complete 
| 541|0x000000060e800000, 0x000000060f000000, 0x000000060f000000|100%|HC|  |TAMS 0x000000060f000000, 0x000000060e800000| Complete 
| 542|0x000000060f000000, 0x000000060f800000, 0x000000060f800000|100%|HC|  |TAMS 0x000000060f800000, 0x000000060f000000| Complete 
| 543|0x000000060f800000, 0x0000000610000000, 0x0000000610000000|100%|HC|  |TAMS 0x0000000610000000, 0x000000060f800000| Complete 
| 544|0x0000000610000000, 0x0000000610800000, 0x0000000610800000|100%|HC|  |TAMS 0x0000000610800000, 0x0000000610000000| Complete 
| 545|0x0000000610800000, 0x0000000611000000, 0x0000000611000000|100%|HC|  |TAMS 0x0000000611000000, 0x0000000610800000| Complete 
| 546|0x0000000611000000, 0x0000000611800000, 0x0000000611800000|100%|HC|  |TAMS 0x0000000611800000, 0x0000000611000000| Complete 
| 547|0x0000000611800000, 0x0000000612000000, 0x0000000612000000|100%|HC|  |TAMS 0x0000000612000000, 0x0000000611800000| Complete 
| 548|0x0000000612000000, 0x0000000612800000, 0x0000000612800000|100%|HC|  |TAMS 0x0000000612800000, 0x0000000612000000| Complete 
| 549|0x0000000612800000, 0x0000000613000000, 0x0000000613000000|100%|HS|  |TAMS 0x0000000613000000, 0x0000000612800000| Complete 
| 550|0x0000000613000000, 0x0000000613800000, 0x0000000613800000|100%|HC|  |TAMS 0x0000000613800000, 0x0000000613000000| Complete 
| 551|0x0000000613800000, 0x0000000614000000, 0x0000000614000000|100%|HC|  |TAMS 0x0000000614000000, 0x0000000613800000| Complete 
| 552|0x0000000614000000, 0x0000000614800000, 0x0000000614800000|100%|HC|  |TAMS 0x0000000614800000, 0x0000000614000000| Complete 
| 553|0x0000000614800000, 0x0000000615000000, 0x0000000615000000|100%|HC|  |TAMS 0x0000000615000000, 0x0000000614800000| Complete 
| 554|0x0000000615000000, 0x0000000615800000, 0x0000000615800000|100%|HC|  |TAMS 0x0000000615800000, 0x0000000615000000| Complete 
| 555|0x0000000615800000, 0x0000000616000000, 0x0000000616000000|100%|HC|  |TAMS 0x0000000616000000, 0x0000000615800000| Complete 
| 556|0x0000000616000000, 0x0000000616800000, 0x0000000616800000|100%|HC|  |TAMS 0x0000000616800000, 0x0000000616000000| Complete 
| 557|0x0000000616800000, 0x0000000617000000, 0x0000000617000000|100%|HS|  |TAMS 0x0000000617000000, 0x0000000616800000| Complete 
| 558|0x0000000617000000, 0x0000000617800000, 0x0000000617800000|100%|HC|  |TAMS 0x0000000617800000, 0x0000000617000000| Complete 
| 559|0x0000000617800000, 0x0000000618000000, 0x0000000618000000|100%|HC|  |TAMS 0x0000000618000000, 0x0000000617800000| Complete 
| 560|0x0000000618000000, 0x0000000618800000, 0x0000000618800000|100%|HC|  |TAMS 0x0000000618800000, 0x0000000618000000| Complete 
| 561|0x0000000618800000, 0x0000000619000000, 0x0000000619000000|100%|HC|  |TAMS 0x0000000619000000, 0x0000000618800000| Complete 
| 562|0x0000000619000000, 0x0000000619800000, 0x0000000619800000|100%|HC|  |TAMS 0x0000000619800000, 0x0000000619000000| Complete 
| 563|0x0000000619800000, 0x000000061a000000, 0x000000061a000000|100%|HC|  |TAMS 0x000000061a000000, 0x0000000619800000| Complete 
| 564|0x000000061a000000, 0x000000061a800000, 0x000000061a800000|100%|HC|  |TAMS 0x000000061a800000, 0x000000061a000000| Complete 
| 565|0x000000061a800000, 0x000000061b000000, 0x000000061b000000|100%|HS|  |TAMS 0x000000061b000000, 0x000000061a800000| Complete 
| 566|0x000000061b000000, 0x000000061b800000, 0x000000061b800000|100%|HC|  |TAMS 0x000000061b800000, 0x000000061b000000| Complete 
| 567|0x000000061b800000, 0x000000061c000000, 0x000000061c000000|100%|HC|  |TAMS 0x000000061c000000, 0x000000061b800000| Complete 
| 568|0x000000061c000000, 0x000000061c800000, 0x000000061c800000|100%|HC|  |TAMS 0x000000061c800000, 0x000000061c000000| Complete 
| 569|0x000000061c800000, 0x000000061d000000, 0x000000061d000000|100%|HC|  |TAMS 0x000000061d000000, 0x000000061c800000| Complete 
| 570|0x000000061d000000, 0x000000061d800000, 0x000000061d800000|100%|HC|  |TAMS 0x000000061d800000, 0x000000061d000000| Complete 
| 571|0x000000061d800000, 0x000000061e000000, 0x000000061e000000|100%|HC|  |TAMS 0x000000061e000000, 0x000000061d800000| Complete 
| 572|0x000000061e000000, 0x000000061e800000, 0x000000061e800000|100%|HC|  |TAMS 0x000000061e800000, 0x000000061e000000| Complete 
| 573|0x000000061e800000, 0x000000061f000000, 0x000000061f000000|100%|HS|  |TAMS 0x000000061f000000, 0x000000061e800000| Complete 
| 574|0x000000061f000000, 0x000000061f800000, 0x000000061f800000|100%|HC|  |TAMS 0x000000061f800000, 0x000000061f000000| Complete 
| 575|0x000000061f800000, 0x0000000620000000, 0x0000000620000000|100%|HC|  |TAMS 0x0000000620000000, 0x000000061f800000| Complete 
| 576|0x0000000620000000, 0x0000000620800000, 0x0000000620800000|100%|HC|  |TAMS 0x0000000620800000, 0x0000000620000000| Complete 
| 577|0x0000000620800000, 0x0000000621000000, 0x0000000621000000|100%|HC|  |TAMS 0x0000000621000000, 0x0000000620800000| Complete 
| 578|0x0000000621000000, 0x0000000621800000, 0x0000000621800000|100%|HC|  |TAMS 0x0000000621800000, 0x0000000621000000| Complete 
| 579|0x0000000621800000, 0x0000000622000000, 0x0000000622000000|100%|HC|  |TAMS 0x0000000622000000, 0x0000000621800000| Complete 
| 580|0x0000000622000000, 0x0000000622800000, 0x0000000622800000|100%|HC|  |TAMS 0x0000000622800000, 0x0000000622000000| Complete 
| 581|0x0000000622800000, 0x0000000623000000, 0x0000000623000000|100%|HS|  |TAMS 0x0000000623000000, 0x0000000622800000| Complete 
| 582|0x0000000623000000, 0x0000000623800000, 0x0000000623800000|100%|HC|  |TAMS 0x0000000623800000, 0x0000000623000000| Complete 
| 583|0x0000000623800000, 0x0000000624000000, 0x0000000624000000|100%|HC|  |TAMS 0x0000000624000000, 0x0000000623800000| Complete 
| 584|0x0000000624000000, 0x0000000624800000, 0x0000000624800000|100%|HC|  |TAMS 0x0000000624800000, 0x0000000624000000| Complete 
| 585|0x0000000624800000, 0x0000000625000000, 0x0000000625000000|100%|HC|  |TAMS 0x0000000625000000, 0x0000000624800000| Complete 
| 586|0x0000000625000000, 0x0000000625800000, 0x0000000625800000|100%|HC|  |TAMS 0x0000000625800000, 0x0000000625000000| Complete 
| 587|0x0000000625800000, 0x0000000626000000, 0x0000000626000000|100%|HC|  |TAMS 0x0000000626000000, 0x0000000625800000| Complete 
| 588|0x0000000626000000, 0x0000000626800000, 0x0000000626800000|100%|HC|  |TAMS 0x0000000626800000, 0x0000000626000000| Complete 
| 589|0x0000000626800000, 0x0000000627000000, 0x0000000627000000|100%|HS|  |TAMS 0x0000000627000000, 0x0000000626800000| Complete 
| 590|0x0000000627000000, 0x0000000627800000, 0x0000000627800000|100%|HC|  |TAMS 0x0000000627800000, 0x0000000627000000| Complete 
| 591|0x0000000627800000, 0x0000000628000000, 0x0000000628000000|100%|HC|  |TAMS 0x0000000628000000, 0x0000000627800000| Complete 
| 592|0x0000000628000000, 0x0000000628800000, 0x0000000628800000|100%|HC|  |TAMS 0x0000000628800000, 0x0000000628000000| Complete 
| 593|0x0000000628800000, 0x0000000629000000, 0x0000000629000000|100%|HC|  |TAMS 0x0000000629000000, 0x0000000628800000| Complete 
| 594|0x0000000629000000, 0x0000000629800000, 0x0000000629800000|100%|HC|  |TAMS 0x0000000629800000, 0x0000000629000000| Complete 
| 595|0x0000000629800000, 0x000000062a000000, 0x000000062a000000|100%|HC|  |TAMS 0x000000062a000000, 0x0000000629800000| Complete 
| 596|0x000000062a000000, 0x000000062a800000, 0x000000062a800000|100%|HC|  |TAMS 0x000000062a800000, 0x000000062a000000| Complete 
| 597|0x000000062a800000, 0x000000062b000000, 0x000000062b000000|100%|HS|  |TAMS 0x000000062b000000, 0x000000062a800000| Complete 
| 598|0x000000062b000000, 0x000000062b800000, 0x000000062b800000|100%|HC|  |TAMS 0x000000062b800000, 0x000000062b000000| Complete 
| 599|0x000000062b800000, 0x000000062c000000, 0x000000062c000000|100%|HC|  |TAMS 0x000000062c000000, 0x000000062b800000| Complete 
| 600|0x000000062c000000, 0x000000062c800000, 0x000000062c800000|100%|HC|  |TAMS 0x000000062c800000, 0x000000062c000000| Complete 
| 601|0x000000062c800000, 0x000000062d000000, 0x000000062d000000|100%|HC|  |TAMS 0x000000062d000000, 0x000000062c800000| Complete 
| 602|0x000000062d000000, 0x000000062d800000, 0x000000062d800000|100%|HC|  |TAMS 0x000000062d800000, 0x000000062d000000| Complete 
| 603|0x000000062d800000, 0x000000062e000000, 0x000000062e000000|100%|HC|  |TAMS 0x000000062e000000, 0x000000062d800000| Complete 
| 604|0x000000062e000000, 0x000000062e800000, 0x000000062e800000|100%|HC|  |TAMS 0x000000062e800000, 0x000000062e000000| Complete 
| 605|0x000000062e800000, 0x000000062f000000, 0x000000062f000000|100%|HS|  |TAMS 0x000000062f000000, 0x000000062e800000| Complete 
| 606|0x000000062f000000, 0x000000062f800000, 0x000000062f800000|100%|HC|  |TAMS 0x000000062f800000, 0x000000062f000000| Complete 
| 607|0x000000062f800000, 0x0000000630000000, 0x0000000630000000|100%|HC|  |TAMS 0x0000000630000000, 0x000000062f800000| Complete 
| 608|0x0000000630000000, 0x0000000630800000, 0x0000000630800000|100%|HC|  |TAMS 0x0000000630800000, 0x0000000630000000| Complete 
| 609|0x0000000630800000, 0x0000000631000000, 0x0000000631000000|100%|HC|  |TAMS 0x0000000631000000, 0x0000000630800000| Complete 
| 610|0x0000000631000000, 0x0000000631800000, 0x0000000631800000|100%|HC|  |TAMS 0x0000000631800000, 0x0000000631000000| Complete 
| 611|0x0000000631800000, 0x0000000632000000, 0x0000000632000000|100%|HC|  |TAMS 0x0000000632000000, 0x0000000631800000| Complete 
| 612|0x0000000632000000, 0x0000000632800000, 0x0000000632800000|100%|HC|  |TAMS 0x0000000632800000, 0x0000000632000000| Complete 
| 613|0x0000000632800000, 0x0000000633000000, 0x0000000633000000|100%|HS|  |TAMS 0x0000000633000000, 0x0000000632800000| Complete 
| 614|0x0000000633000000, 0x0000000633800000, 0x0000000633800000|100%|HC|  |TAMS 0x0000000633800000, 0x0000000633000000| Complete 
| 615|0x0000000633800000, 0x0000000634000000, 0x0000000634000000|100%|HC|  |TAMS 0x0000000634000000, 0x0000000633800000| Complete 
| 616|0x0000000634000000, 0x0000000634800000, 0x0000000634800000|100%|HC|  |TAMS 0x0000000634800000, 0x0000000634000000| Complete 
| 617|0x0000000634800000, 0x0000000635000000, 0x0000000635000000|100%|HC|  |TAMS 0x0000000635000000, 0x0000000634800000| Complete 
| 618|0x0000000635000000, 0x0000000635800000, 0x0000000635800000|100%|HC|  |TAMS 0x0000000635800000, 0x0000000635000000| Complete 
| 619|0x0000000635800000, 0x0000000636000000, 0x0000000636000000|100%|HC|  |TAMS 0x0000000636000000, 0x0000000635800000| Complete 
| 620|0x0000000636000000, 0x0000000636800000, 0x0000000636800000|100%|HC|  |TAMS 0x0000000636800000, 0x0000000636000000| Complete 
| 621|0x0000000636800000, 0x0000000637000000, 0x0000000637000000|100%|HS|  |TAMS 0x0000000637000000, 0x0000000636800000| Complete 
| 622|0x0000000637000000, 0x0000000637800000, 0x0000000637800000|100%|HC|  |TAMS 0x0000000637800000, 0x0000000637000000| Complete 
| 623|0x0000000637800000, 0x0000000638000000, 0x0000000638000000|100%|HC|  |TAMS 0x0000000638000000, 0x0000000637800000| Complete 
| 624|0x0000000638000000, 0x0000000638800000, 0x0000000638800000|100%|HC|  |TAMS 0x0000000638800000, 0x0000000638000000| Complete 
| 625|0x0000000638800000, 0x0000000639000000, 0x0000000639000000|100%|HC|  |TAMS 0x0000000639000000, 0x0000000638800000| Complete 
| 626|0x0000000639000000, 0x0000000639800000, 0x0000000639800000|100%|HC|  |TAMS 0x0000000639800000, 0x0000000639000000| Complete 
| 627|0x0000000639800000, 0x000000063a000000, 0x000000063a000000|100%|HC|  |TAMS 0x000000063a000000, 0x0000000639800000| Complete 
| 628|0x000000063a000000, 0x000000063a800000, 0x000000063a800000|100%|HC|  |TAMS 0x000000063a800000, 0x000000063a000000| Complete 
| 629|0x000000063a800000, 0x000000063b000000, 0x000000063b000000|100%|HS|  |TAMS 0x000000063b000000, 0x000000063a800000| Complete 
| 630|0x000000063b000000, 0x000000063b800000, 0x000000063b800000|100%|HC|  |TAMS 0x000000063b800000, 0x000000063b000000| Complete 
| 631|0x000000063b800000, 0x000000063c000000, 0x000000063c000000|100%|HC|  |TAMS 0x000000063c000000, 0x000000063b800000| Complete 
| 632|0x000000063c000000, 0x000000063c800000, 0x000000063c800000|100%|HC|  |TAMS 0x000000063c800000, 0x000000063c000000| Complete 
| 633|0x000000063c800000, 0x000000063d000000, 0x000000063d000000|100%|HC|  |TAMS 0x000000063d000000, 0x000000063c800000| Complete 
| 634|0x000000063d000000, 0x000000063d800000, 0x000000063d800000|100%|HC|  |TAMS 0x000000063d800000, 0x000000063d000000| Complete 
| 635|0x000000063d800000, 0x000000063e000000, 0x000000063e000000|100%|HC|  |TAMS 0x000000063e000000, 0x000000063d800000| Complete 
| 636|0x000000063e000000, 0x000000063e800000, 0x000000063e800000|100%|HC|  |TAMS 0x000000063e800000, 0x000000063e000000| Complete 
| 637|0x000000063e800000, 0x000000063f000000, 0x000000063f000000|100%|HS|  |TAMS 0x000000063f000000, 0x000000063e800000| Complete 
| 638|0x000000063f000000, 0x000000063f800000, 0x000000063f800000|100%|HC|  |TAMS 0x000000063f800000, 0x000000063f000000| Complete 
| 639|0x000000063f800000, 0x0000000640000000, 0x0000000640000000|100%|HC|  |TAMS 0x0000000640000000, 0x000000063f800000| Complete 
| 640|0x0000000640000000, 0x0000000640800000, 0x0000000640800000|100%|HC|  |TAMS 0x0000000640800000, 0x0000000640000000| Complete 
| 641|0x0000000640800000, 0x0000000641000000, 0x0000000641000000|100%|HC|  |TAMS 0x0000000641000000, 0x0000000640800000| Complete 
| 642|0x0000000641000000, 0x0000000641800000, 0x0000000641800000|100%|HC|  |TAMS 0x0000000641800000, 0x0000000641000000| Complete 
| 643|0x0000000641800000, 0x0000000642000000, 0x0000000642000000|100%|HC|  |TAMS 0x0000000642000000, 0x0000000641800000| Complete 
| 644|0x0000000642000000, 0x0000000642800000, 0x0000000642800000|100%|HC|  |TAMS 0x0000000642800000, 0x0000000642000000| Complete 
| 645|0x0000000642800000, 0x0000000643000000, 0x0000000643000000|100%| S|CS|TAMS 0x0000000642800000, 0x0000000642800000| Complete 
| 646|0x0000000643000000, 0x00000006432f0b28, 0x0000000643800000| 36%| S|CS|TAMS 0x0000000643000000, 0x0000000643000000| Complete 

Card table byte_map: [0x000001ee73420000,0x000001ee74c20000] _byte_map_base: 0x000001ee70c20000

Marking Bits (Prev, Next): (CMBitMap*) 0x000001ee76450200, (CMBitMap*) 0x000001ee76450240
 Prev Bits: [0x000001ee0f000000, 0x000001ee1b000000)
 Next Bits: [0x000001ee1b000000, 0x000001ee27000000)

Polling page: 0x000001ee67640000

Metaspace:

Usage:
  Non-class:    136.35 MB used.
      Class:     19.67 MB used.
       Both:    156.02 MB used.

Virtual space:
  Non-class space:      192.00 MB reserved,     137.50 MB ( 72%) committed,  3 nodes.
      Class space:        1.00 GB reserved,      20.69 MB (  2%) committed,  1 nodes.
             Both:        1.19 GB reserved,     158.19 MB ( 13%) committed. 

Chunk freelists:
   Non-Class:  6.28 MB
       Class:  11.27 MB
        Both:  17.55 MB

MaxMetaspaceSize: unlimited
CompressedClassSpaceSize: 1.00 GB
Initial GC threshold: 21.00 MB
Current GC threshold: 260.75 MB
CDS: on
MetaspaceReclaimPolicy: balanced
 - commit_granule_bytes: 65536.
 - commit_granule_words: 8192.
 - virtual_space_node_default_size: 8388608.
 - enlarge_chunks_in_place: 1.
 - new_chunks_are_fully_committed: 0.
 - uncommit_free_chunks: 1.
 - use_allocation_guard: 0.
 - handle_deallocations: 1.


Internal statistics:

num_allocs_failed_limit: 21.
num_arena_births: 4684.
num_arena_deaths: 804.
num_vsnodes_births: 4.
num_vsnodes_deaths: 0.
num_space_committed: 2524.
num_space_uncommitted: 0.
num_chunks_returned_to_freelist: 1159.
num_chunks_taken_from_freelist: 12291.
num_chunk_merges: 406.
num_chunk_splits: 7886.
num_chunks_enlarged: 5059.
num_inconsistent_stats: 0.

CodeHeap 'non-profiled nmethods': size=119168Kb used=16050Kb max_used=16050Kb free=103117Kb
 bounds [0x000001ee07ba0000, 0x000001ee08b50000, 0x000001ee0f000000]
CodeHeap 'profiled nmethods': size=119104Kb used=45692Kb max_used=45692Kb free=73411Kb
 bounds [0x000001ee00000000, 0x000001ee02cb0000, 0x000001ee07450000]
CodeHeap 'non-nmethods': size=7488Kb used=1802Kb max_used=3567Kb free=5685Kb
 bounds [0x000001ee07450000, 0x000001ee077d0000, 0x000001ee07ba0000]
 total_blobs=23318 nmethods=22089 adapters=1137
 compilation: enabled
              stopped_count=0, restarted_count=0
 full_count=0

Compilation events (20 events):
Event: 3809.533 Thread 0x000001ee7949e430 nmethod 25905 0x000001ee08b3d910 code [0x000001ee08b3daa0, 0x000001ee08b3dcb8]
Event: 3809.533 Thread 0x000001ee7949e430 25906       4       org.apache.spark.util.collection.unsafe.sort.UnsafeSortDataFormat::copyElement (35 bytes)
Event: 3809.535 Thread 0x000001ee7949e430 nmethod 25906 0x000001ee08b3df90 code [0x000001ee08b3e120, 0x000001ee08b3e2b8]
Event: 3809.758 Thread 0x000001eec2608b50 nmethod 25990% 0x000001ee08b3e510 code [0x000001ee08b3e9a0, 0x000001ee08b43528]
Event: 3809.762 Thread 0x000001eec2608b50 25993 % !   4       org.apache.spark.sql.catalyst.expressions.GeneratedClass$GeneratedIteratorForCodegenStage6::sort_addToSorter_0$ @ 92 (977 bytes)
Event: 3809.766 Thread 0x000001ee7949f140 25994 % !   3       jdk.internal.math.FloatingDecimal::readJavaFormatString @ 231 (826 bytes)
Event: 3809.769 Thread 0x000001ee7949e430 25995       4       org.apache.spark.sql.catalyst.expressions.UnsafeRow::copy (55 bytes)
Event: 3809.773 Thread 0x000001ee7949e430 nmethod 25995 0x000001ee08b48f10 code [0x000001ee08b490c0, 0x000001ee08b49448]
Event: 3809.773 Thread 0x000001ee7949e430 25996       4       org.apache.spark.unsafe.types.UTF8String::clone (8 bytes)
Event: 3809.775 Thread 0x000001ee7949f140 nmethod 25994% 0x000001ee02c8ed10 code [0x000001ee02c8f6a0, 0x000001ee02c959a8]
Event: 3809.777 Thread 0x000001ee7949e430 nmethod 25996 0x000001ee08b49610 code [0x000001ee08b497c0, 0x000001ee08b49d28]
Event: 3809.777 Thread 0x000001ee7949e430 25997   !   4       jdk.internal.math.FloatingDecimal::readJavaFormatString (826 bytes)
Event: 3809.797 Thread 0x000001ee7949e430 nmethod 25997 0x000001ee08b49f10 code [0x000001ee08b4a100, 0x000001ee08b4acc8]
Event: 3809.797 Thread 0x000001ee7949e430 25998       4       org.apache.spark.sql.execution.ExternalAppendOnlyUnsafeRowArray::add (213 bytes)
Event: 3809.812 Thread 0x000001ee7949e430 nmethod 25998 0x000001ee08b4b790 code [0x000001ee08b4b960, 0x000001ee08b4c408]
Event: 3809.840 Thread 0x000001ee7949f140 25999   !   3       jdk.internal.math.FloatingDecimal::readJavaFormatString (826 bytes)
Event: 3809.849 Thread 0x000001ee7949f140 nmethod 25999 0x000001ee02c98c90 code [0x000001ee02c99600, 0x000001ee02c9f5e8]
Event: 3809.849 Thread 0x000001ee7949f140 26000       3       jdk.internal.math.FloatingDecimal$ASCIIToBinaryBuffer::<init> (26 bytes)
Event: 3809.849 Thread 0x000001ee7949e430 26001   !   4       jdk.internal.math.FloatingDecimal::readJavaFormatString (826 bytes)
Event: 3809.850 Thread 0x000001ee7949f140 nmethod 26000 0x000001ee02ca2690 code [0x000001ee02ca2840, 0x000001ee02ca2a18]

GC Heap History (20 events):
Event: 3795.656 GC heap before
{Heap before GC invocations=175 (full 2):
 garbage-first heap   total 1638400K, used 1296532K [0x0000000500000000, 0x0000000800000000)
  region size 8192K, 113 young (925696K), 2 survivors (16384K)
 Metaspace       used 158161K, committed 160256K, reserved 1245184K
  class space    used 19879K, committed 20864K, reserved 1048576K
}
Event: 3795.662 GC heap after
{Heap after GC invocations=176 (full 2):
 garbage-first heap   total 1638400K, used 387831K [0x0000000500000000, 0x0000000800000000)
  region size 8192K, 2 young (16384K), 2 survivors (16384K)
 Metaspace       used 158161K, committed 160256K, reserved 1245184K
  class space    used 19879K, committed 20864K, reserved 1048576K
}
Event: 3796.615 GC heap before
{Heap before GC invocations=176 (full 2):
 garbage-first heap   total 1638400K, used 1313527K [0x0000000500000000, 0x0000000800000000)
  region size 8192K, 115 young (942080K), 2 survivors (16384K)
 Metaspace       used 158161K, committed 160256K, reserved 1245184K
  class space    used 19879K, committed 20864K, reserved 1048576K
}
Event: 3796.619 GC heap after
{Heap after GC invocations=177 (full 2):
 garbage-first heap   total 1638400K, used 387006K [0x0000000500000000, 0x0000000800000000)
  region size 8192K, 2 young (16384K), 2 survivors (16384K)
 Metaspace       used 158161K, committed 160256K, reserved 1245184K
  class space    used 19879K, committed 20864K, reserved 1048576K
}
Event: 3797.698 GC heap before
{Heap before GC invocations=178 (full 2):
 garbage-first heap   total 1638400K, used 1320894K [0x0000000500000000, 0x0000000800000000)
  region size 8192K, 116 young (950272K), 2 survivors (16384K)
 Metaspace       used 158166K, committed 160256K, reserved 1245184K
  class space    used 19879K, committed 20864K, reserved 1048576K
}
Event: 3797.703 GC heap after
{Heap after GC invocations=179 (full 2):
 garbage-first heap   total 1638400K, used 391171K [0x0000000500000000, 0x0000000800000000)
  region size 8192K, 2 young (16384K), 2 survivors (16384K)
 Metaspace       used 158166K, committed 160256K, reserved 1245184K
  class space    used 19879K, committed 20864K, reserved 1048576K
}
Event: 3797.769 GC heap before
{Heap before GC invocations=179 (full 2):
 garbage-first heap   total 1638400K, used 456707K [0x0000000500000000, 0x0000000800000000)
  region size 8192K, 10 young (81920K), 2 survivors (16384K)
 Metaspace       used 158166K, committed 160256K, reserved 1245184K
  class space    used 19879K, committed 20864K, reserved 1048576K
}
Event: 3797.772 GC heap after
{Heap after GC invocations=180 (full 2):
 garbage-first heap   total 1638400K, used 380204K [0x0000000500000000, 0x0000000800000000)
  region size 8192K, 1 young (8192K), 1 survivors (8192K)
 Metaspace       used 158166K, committed 160256K, reserved 1245184K
  class space    used 19879K, committed 20864K, reserved 1048576K
}
Event: 3798.741 GC heap before
{Heap before GC invocations=180 (full 2):
 garbage-first heap   total 1638400K, used 1322284K [0x0000000500000000, 0x0000000800000000)
  region size 8192K, 117 young (958464K), 1 survivors (8192K)
 Metaspace       used 158168K, committed 160256K, reserved 1245184K
  class space    used 19879K, committed 20864K, reserved 1048576K
}
Event: 3798.745 GC heap after
{Heap after GC invocations=181 (full 2):
 garbage-first heap   total 1638400K, used 384809K [0x0000000500000000, 0x0000000800000000)
  region size 8192K, 1 young (8192K), 1 survivors (8192K)
 Metaspace       used 158168K, committed 160256K, reserved 1245184K
  class space    used 19879K, committed 20864K, reserved 1048576K
}
Event: 3799.739 GC heap before
{Heap before GC invocations=181 (full 2):
 garbage-first heap   total 1638400K, used 1335081K [0x0000000500000000, 0x0000000800000000)
  region size 8192K, 117 young (958464K), 1 survivors (8192K)
 Metaspace       used 158176K, committed 160256K, reserved 1245184K
  class space    used 19879K, committed 20864K, reserved 1048576K
}
Event: 3799.744 GC heap after
{Heap after GC invocations=182 (full 2):
 garbage-first heap   total 1638400K, used 385730K [0x0000000500000000, 0x0000000800000000)
  region size 8192K, 2 young (16384K), 2 survivors (16384K)
 Metaspace       used 158176K, committed 160256K, reserved 1245184K
  class space    used 19879K, committed 20864K, reserved 1048576K
}
Event: 3800.789 GC heap before
{Heap before GC invocations=182 (full 2):
 garbage-first heap   total 1638400K, used 1336002K [0x0000000500000000, 0x0000000800000000)
  region size 8192K, 118 young (966656K), 2 survivors (16384K)
 Metaspace       used 158177K, committed 160256K, reserved 1245184K
  class space    used 19879K, committed 20864K, reserved 1048576K
}
Event: 3800.795 GC heap after
{Heap after GC invocations=183 (full 2):
 garbage-first heap   total 1638400K, used 387885K [0x0000000500000000, 0x0000000800000000)
  region size 8192K, 2 young (16384K), 2 survivors (16384K)
 Metaspace       used 158177K, committed 160256K, reserved 1245184K
  class space    used 19879K, committed 20864K, reserved 1048576K
}
Event: 3805.417 GC heap before
{Heap before GC invocations=184 (full 2):
 garbage-first heap   total 2891776K, used 2788141K [0x0000000500000000, 0x0000000800000000)
  region size 8192K, 119 young (974848K), 2 survivors (16384K)
 Metaspace       used 159490K, committed 161728K, reserved 1245184K
  class space    used 20130K, committed 21184K, reserved 1048576K
}
Event: 3805.421 GC heap after
{Heap after GC invocations=185 (full 2):
 garbage-first heap   total 2891776K, used 1822867K [0x0000000500000000, 0x0000000800000000)
  region size 8192K, 1 young (8192K), 1 survivors (8192K)
 Metaspace       used 159490K, committed 161728K, reserved 1245184K
  class space    used 20130K, committed 21184K, reserved 1048576K
}
Event: 3808.954 GC heap before
{Heap before GC invocations=185 (full 2):
 garbage-first heap   total 5283840K, used 5157011K [0x0000000500000000, 0x0000000800000000)
  region size 8192K, 17 young (139264K), 1 survivors (8192K)
 Metaspace       used 159730K, committed 161920K, reserved 1245184K
  class space    used 20143K, committed 21184K, reserved 1048576K
}
Event: 3808.964 GC heap after
{Heap after GC invocations=186 (full 2):
 garbage-first heap   total 5283840K, used 5021511K [0x0000000500000000, 0x0000000800000000)
  region size 8192K, 1 young (8192K), 1 survivors (8192K)
 Metaspace       used 159730K, committed 161920K, reserved 1245184K
  class space    used 20143K, committed 21184K, reserved 1048576K
}
Event: 3809.806 GC heap before
{Heap before GC invocations=186 (full 2):
 garbage-first heap   total 5283840K, used 5209927K [0x0000000500000000, 0x0000000800000000)
  region size 8192K, 25 young (204800K), 1 survivors (8192K)
 Metaspace       used 159768K, committed 161984K, reserved 1245184K
  class space    used 20143K, committed 21184K, reserved 1048576K
}
Event: 3809.811 GC heap after
{Heap after GC invocations=187 (full 2):
 garbage-first heap   total 5300224K, used 5029628K [0x0000000500000000, 0x0000000800000000)
  region size 8192K, 2 young (16384K), 2 survivors (16384K)
 Metaspace       used 159768K, committed 161984K, reserved 1245184K
  class space    used 20143K, committed 21184K, reserved 1048576K
}

Dll operation events (15 events):
Event: 0.009 Loaded shared library C:\Program Files\Microsoft\jdk-17.0.20.101-hotspot\bin\java.dll
Event: 0.026 Loaded shared library C:\Program Files\Microsoft\jdk-17.0.20.101-hotspot\bin\jsvml.dll
Event: 0.249 Loaded shared library C:\Program Files\Microsoft\jdk-17.0.20.101-hotspot\bin\net.dll
Event: 0.250 Loaded shared library C:\Program Files\Microsoft\jdk-17.0.20.101-hotspot\bin\nio.dll
Event: 0.254 Loaded shared library C:\Program Files\Microsoft\jdk-17.0.20.101-hotspot\bin\zip.dll
Event: 0.904 Loaded shared library C:\Program Files\Microsoft\jdk-17.0.20.101-hotspot\bin\jimage.dll
Event: 1.202 Loaded shared library C:\Program Files\Microsoft\jdk-17.0.20.101-hotspot\bin\management.dll
Event: 1.209 Loaded shared library C:\Program Files\Microsoft\jdk-17.0.20.101-hotspot\bin\management_ext.dll
Event: 2.222 Loaded shared library C:\Program Files\Microsoft\jdk-17.0.20.101-hotspot\bin\extnet.dll
Event: 2.564 Loaded shared library C:\hadoop\bin\hadoop.dll
Event: 2.683 Loaded shared library C:\Program Files\Microsoft\jdk-17.0.20.101-hotspot\bin\jaas.dll
Event: 3.111 Loaded shared library C:\Program Files\Microsoft\jdk-17.0.20.101-hotspot\bin\sunmscapi.dll
Event: 9.153 Loaded shared library C:\Program Files\Microsoft\jdk-17.0.20.101-hotspot\bin\verify.dll
Event: 9.524 Loaded shared library C:\Users\vorad\AppData\Local\Temp\liblz4-java-10012460833542919003.dll
Event: 218.045 Loaded shared library C:\Users\vorad\AppData\Local\Temp\snappy-1.1.10-ce81f586-2e80-4665-b7db-9f35c83108b4-snappyjava.dll

Deoptimization events (20 events):
Event: 3809.383 Thread 0x000001eec00f2ee0 DEOPT PACKING pc=0x000001ee08b2a548 sp=0x000000bcdb2fdf30
Event: 3809.383 Thread 0x000001eec00f2ee0 DEOPT UNPACKING pc=0x000001ee074a69a3 sp=0x000000bcdb2fdd60 mode 2
Event: 3809.761 Thread 0x000001eec00f6ba0 DEOPT PACKING pc=0x000001ee02c7af83 sp=0x000000bcdb6fd7f0
Event: 3809.761 Thread 0x000001eec00f6ba0 DEOPT UNPACKING pc=0x000001ee074a7143 sp=0x000000bcdb6fccc8 mode 0
Event: 3809.766 Thread 0x000001eec00f6ba0 Uncommon trap: trap_request=0xffffff45 fr.pc=0x000001ee08b271ac relative=0x00000000000006ac
Event: 3809.766 Thread 0x000001eec00f6ba0 Uncommon trap: reason=unstable_if action=reinterpret pc=0x000001ee08b271ac method=jdk.internal.math.FloatingDecimal.readJavaFormatString(Ljava/lang/String;)Ljdk/internal/math/FloatingDecimal$ASCIIToBinaryConverter; @ 169 c2
Event: 3809.766 Thread 0x000001eec00f6ba0 DEOPT PACKING pc=0x000001ee08b271ac sp=0x000000bcdb6fd850
Event: 3809.766 Thread 0x000001eec00f6ba0 DEOPT UNPACKING pc=0x000001ee074a69a3 sp=0x000000bcdb6fd768 mode 2
Event: 3809.768 Thread 0x000001eec00f7ad0 DEOPT PACKING pc=0x000001ee02c7af83 sp=0x000000bcdb3fd810
Event: 3809.768 Thread 0x000001eec00f7ad0 DEOPT UNPACKING pc=0x000001ee074a7143 sp=0x000000bcdb3fcce8 mode 0
Event: 3809.771 Thread 0x000001eec00f4320 DEOPT PACKING pc=0x000001ee02c7af83 sp=0x000000bcdb5fdd50
Event: 3809.771 Thread 0x000001eec00f4320 DEOPT UNPACKING pc=0x000001ee074a7143 sp=0x000000bcdb5fd228 mode 0
Event: 3809.839 Thread 0x000001eec00f6ba0 Uncommon trap: trap_request=0xffffff45 fr.pc=0x000001ee08b4aaf0 relative=0x00000000000009f0
Event: 3809.839 Thread 0x000001eec00f6ba0 Uncommon trap: reason=unstable_if action=reinterpret pc=0x000001ee08b4aaf0 method=jdk.internal.math.FloatingDecimal.readJavaFormatString(Ljava/lang/String;)Ljdk/internal/math/FloatingDecimal$ASCIIToBinaryConverter; @ 327 c2
Event: 3809.839 Thread 0x000001eec00f6ba0 DEOPT PACKING pc=0x000001ee08b4aaf0 sp=0x000000bcdb6fd850
Event: 3809.839 Thread 0x000001eec00f6ba0 DEOPT UNPACKING pc=0x000001ee074a69a3 sp=0x000000bcdb6fd768 mode 2
Event: 3809.841 Thread 0x000001eec00f6ba0 Uncommon trap: trap_request=0x000000fb fr.pc=0x000001ee08b433c0 relative=0x0000000000004a20
Event: 3809.841 Thread 0x000001eec00f6ba0 Uncommon trap: reason=unloaded action=reinterpret pc=0x000001ee08b433c0 method=org.apache.spark.sql.catalyst.expressions.GeneratedClass$GeneratedIteratorForCodegenStage6.sort_addToSorter_0$(Lorg/apache/spark/sql/catalyst/expressions/GeneratedClass$Generat
Event: 3809.842 Thread 0x000001eec00f6ba0 DEOPT PACKING pc=0x000001ee08b433c0 sp=0x000000bcdb6fd8a0
Event: 3809.842 Thread 0x000001eec00f6ba0 DEOPT UNPACKING pc=0x000001ee074a69a3 sp=0x000000bcdb6fd7d0 mode 2

Classes loaded (20 events):
Event: 3787.267 Loading class java/lang/org
Event: 3787.267 Loading class java/lang/org done
Event: 3803.891 Loading class java/lang/org
Event: 3803.891 Loading class java/lang/org done
Event: 3803.961 Loading class java/lang/org
Event: 3803.961 Loading class java/lang/org done
Event: 3803.991 Loading class java/lang/org
Event: 3803.991 Loading class java/lang/org done
Event: 3804.012 Loading class java/lang/org
Event: 3804.012 Loading class java/lang/org done
Event: 3804.093 Loading class java/lang/org
Event: 3804.093 Loading class java/lang/org done
Event: 3804.120 Loading class java/lang/org
Event: 3804.120 Loading class java/lang/org done
Event: 3804.142 Loading class java/lang/org
Event: 3804.142 Loading class java/lang/org done
Event: 3804.168 Loading class java/lang/org
Event: 3804.168 Loading class java/lang/org done
Event: 3804.178 Loading class java/lang/org
Event: 3804.178 Loading class java/lang/org done

Classes unloaded (20 events):
Event: 3491.638 Thread 0x000001ee76603310 Unloading class 0x000001ee7c3edc00 'java/lang/invoke/LambdaForm$MH+0x000001ee7c3edc00'
Event: 3491.638 Thread 0x000001ee76603310 Unloading class 0x000001ee7c3ed800 'java/lang/invoke/LambdaForm$MH+0x000001ee7c3ed800'
Event: 3491.638 Thread 0x000001ee76603310 Unloading class 0x000001ee7c3ed400 'java/lang/invoke/LambdaForm$DMH+0x000001ee7c3ed400'
Event: 3491.638 Thread 0x000001ee76603310 Unloading class 0x000001ee7c3ed000 'java/lang/invoke/LambdaForm$DMH+0x000001ee7c3ed000'
Event: 3491.638 Thread 0x000001ee76603310 Unloading class 0x000001ee7c3ecc00 'java/lang/invoke/LambdaForm$DMH+0x000001ee7c3ecc00'
Event: 3491.638 Thread 0x000001ee76603310 Unloading class 0x000001ee7c3ebc00 'java/lang/invoke/LambdaForm$MH+0x000001ee7c3ebc00'
Event: 3491.638 Thread 0x000001ee76603310 Unloading class 0x000001ee7c3ec000 'java/lang/invoke/LambdaForm$MH+0x000001ee7c3ec000'
Event: 3491.638 Thread 0x000001ee76603310 Unloading class 0x000001ee7c3eb800 'java/lang/invoke/LambdaForm$MH+0x000001ee7c3eb800'
Event: 3491.638 Thread 0x000001ee76603310 Unloading class 0x000001ee7c3eb400 'java/lang/invoke/LambdaForm$DMH+0x000001ee7c3eb400'
Event: 3491.638 Thread 0x000001ee76603310 Unloading class 0x000001ee7c3eb000 'java/lang/invoke/LambdaForm$DMH+0x000001ee7c3eb000'
Event: 3491.638 Thread 0x000001ee76603310 Unloading class 0x000001ee7c3eac00 'java/lang/invoke/LambdaForm$DMH+0x000001ee7c3eac00'
Event: 3566.143 Thread 0x000001ee76603310 Unloading class 0x000001ee7c43a800 'jdk/internal/reflect/GeneratedSerializationConstructorAccessor254'
Event: 3566.143 Thread 0x000001ee76603310 Unloading class 0x000001ee7c43a400 'jdk/internal/reflect/GeneratedSerializationConstructorAccessor253'
Event: 3566.143 Thread 0x000001ee76603310 Unloading class 0x000001ee7c43a000 'jdk/internal/reflect/GeneratedSerializationConstructorAccessor252'
Event: 3566.143 Thread 0x000001ee76603310 Unloading class 0x000001ee7c439800 'jdk/internal/reflect/GeneratedSerializationConstructorAccessor250'
Event: 3566.143 Thread 0x000001ee76603310 Unloading class 0x000001ee7c439400 'jdk/internal/reflect/GeneratedSerializationConstructorAccessor249'
Event: 3566.143 Thread 0x000001ee76603310 Unloading class 0x000001ee7c439000 'jdk/internal/reflect/GeneratedSerializationConstructorAccessor248'
Event: 3566.143 Thread 0x000001ee76603310 Unloading class 0x000001ee7c438800 'jdk/internal/reflect/GeneratedSerializationConstructorAccessor246'
Event: 3566.143 Thread 0x000001ee76603310 Unloading class 0x000001ee7c438400 'jdk/internal/reflect/GeneratedSerializationConstructorAccessor245'
Event: 3790.158 Thread 0x000001ee76603310 Unloading class 0x000001ee7c461c00 'jdk/internal/reflect/GeneratedSerializationConstructorAccessor256'

Classes redefined (0 events):
No events

Internal exceptions (20 events):
Event: 3804.078 Thread 0x000001eec00f4320 Exception <a 'java/lang/NoSuchMethodError'{0x000000051dd64678}: 'java.lang.Object java.lang.invoke.Invokers$Holder.invoke_MT(java.lang.Object, java.lang.Object, java.lang.Object, java.lang.Object, java.lang.Object, java.lang.Object)'> (0x000000051dd64678) 
thrown [s\src\hotspot\share\interpreter\linkResolver.cpp, line 759]
Event: 3804.210 Thread 0x000001eec00f2ee0 Implicit null exception at 0x000001ee084a9f55 to 0x000001ee084aa0a8
Event: 3804.210 Thread 0x000001eec00f4320 Implicit null exception at 0x000001ee084a9f55 to 0x000001ee084aa0a8
Event: 3804.210 Thread 0x000001eec00f6ba0 Implicit null exception at 0x000001ee08719a33 to 0x000001ee08719b74
Event: 3804.212 Thread 0x000001eec00f2ee0 Exception <a 'java/lang/NoSuchMethodError'{0x000000051cd0c460}: 'java.lang.Object java.lang.invoke.DirectMethodHandle$Holder.invokeStatic(java.lang.Object, java.lang.Object, java.lang.Object, java.lang.Object, java.lang.Object, java.lang.Object, int, java.lang.Object, java.lang.Object)'> (0x000000051cd0c460) 
thrown [s\src\hotspot\share\interpreter\linkResolver.cpp, line 759]
Event: 3804.212 Thread 0x000001eec00f7ad0 Exception <a 'java/lang/NoSuchMethodError'{0x000000051c9eed48}: 'java.lang.Object java.lang.invoke.DirectMethodHandle$Holder.invokeStatic(java.lang.Object, java.lang.Object, java.lang.Object, java.lang.Object, java.lang.Object, java.lang.Object, int, java.lang.Object, java.lang.Object)'> (0x000000051c9eed48) 
thrown [s\src\hotspot\share\interpreter\linkResolver.cpp, line 759]
Event: 3804.212 Thread 0x000001eec00f6ba0 Exception <a 'java/lang/NoSuchMethodError'{0x000000051d52ce38}: 'java.lang.Object java.lang.invoke.DirectMethodHandle$Holder.invokeStatic(java.lang.Object, java.lang.Object, java.lang.Object, java.lang.Object, java.lang.Object, java.lang.Object, int, java.lang.Object, java.lang.Object)'> (0x000000051d52ce38) 
thrown [s\src\hotspot\share\interpreter\linkResolver.cpp, line 759]
Event: 3804.212 Thread 0x000001eec00f4320 Exception <a 'java/lang/NoSuchMethodError'{0x000000051c121490}: 'java.lang.Object java.lang.invoke.DirectMethodHandle$Holder.invokeStatic(java.lang.Object, java.lang.Object, java.lang.Object, java.lang.Object, java.lang.Object, java.lang.Object, int, java.lang.Object, java.lang.Object)'> (0x000000051c121490) 
thrown [s\src\hotspot\share\interpreter\linkResolver.cpp, line 759]
Event: 3804.213 Thread 0x000001eec00f2ee0 Exception <a 'java/lang/NoSuchMethodError'{0x000000051cd18d60}: 'java.lang.Object java.lang.invoke.DirectMethodHandle$Holder.newInvokeSpecial(java.lang.Object, java.lang.Object, java.lang.Object, java.lang.Object, java.lang.Object, java.lang.Object, int, java.lang.Object)'> (0x000000051cd18d60) 
thrown [s\src\hotspot\share\interpreter\linkResolver.cpp, line 759]
Event: 3804.213 Thread 0x000001eec00f6ba0 Exception <a 'java/lang/NoSuchMethodError'{0x000000051d5379c0}: 'java.lang.Object java.lang.invoke.DirectMethodHandle$Holder.newInvokeSpecial(java.lang.Object, java.lang.Object, java.lang.Object, java.lang.Object, java.lang.Object, java.lang.Object, int, java.lang.Object)'> (0x000000051d5379c0) 
thrown [s\src\hotspot\share\interpreter\linkResolver.cpp, line 759]
Event: 3804.213 Thread 0x000001eec00f7ad0 Exception <a 'java/lang/NoSuchMethodError'{0x000000051c9f98d0}: 'java.lang.Object java.lang.invoke.DirectMethodHandle$Holder.newInvokeSpecial(java.lang.Object, java.lang.Object, java.lang.Object, java.lang.Object, java.lang.Object, java.lang.Object, int, java.lang.Object)'> (0x000000051c9f98d0) 
thrown [s\src\hotspot\share\interpreter\linkResolver.cpp, line 759]
Event: 3804.213 Thread 0x000001eec00f4320 Exception <a 'java/lang/NoSuchMethodError'{0x000000051c12c018}: 'java.lang.Object java.lang.invoke.DirectMethodHandle$Holder.newInvokeSpecial(java.lang.Object, java.lang.Object, java.lang.Object, java.lang.Object, java.lang.Object, java.lang.Object, int, java.lang.Object)'> (0x000000051c12c018) 
thrown [s\src\hotspot\share\interpreter\linkResolver.cpp, line 759]
Event: 3804.213 Thread 0x000001eec00f6ba0 Exception <a 'java/lang/NoSuchMethodError'{0x000000051d53c488}: 'java.lang.Object java.lang.invoke.DirectMethodHandle$Holder.invokeSpecial(java.lang.Object, java.lang.Object, java.lang.Object, java.lang.Object, java.lang.Object, java.lang.Object, java.lang.Object, int, java.lang.Object)'> (0x000000051d53c488) 
thrown [s\src\hotspot\share\interpreter\linkResolver.cpp, line 759]
Event: 3804.213 Thread 0x000001eec00f2ee0 Exception <a 'java/lang/NoSuchMethodError'{0x000000051cd1d958}: 'java.lang.Object java.lang.invoke.DirectMethodHandle$Holder.invokeSpecial(java.lang.Object, java.lang.Object, java.lang.Object, java.lang.Object, java.lang.Object, java.lang.Object, java.lang.Object, int, java.lang.Object)'> (0x000000051cd1d958) 
thrown [s\src\hotspot\share\interpreter\linkResolver.cpp, line 759]
Event: 3804.213 Thread 0x000001eec00f6ba0 Exception <a 'java/lang/NoSuchMethodError'{0x000000051d5407a0}: 'java.lang.Object java.lang.invoke.Invokers$Holder.linkToTargetMethod(java.lang.Object, java.lang.Object, java.lang.Object, java.lang.Object, java.lang.Object, int, java.lang.Object, java.lang.Object)'> (0x000000051d5407a0) 
thrown [s\src\hotspot\share\interpreter\linkResolver.cpp, line 759]
Event: 3804.213 Thread 0x000001eec00f4320 Exception <a 'java/lang/NoSuchMethodError'{0x000000051c130480}: 'java.lang.Object java.lang.invoke.Invokers$Holder.linkToTargetMethod(java.lang.Object, java.lang.Object, java.lang.Object, java.lang.Object, java.lang.Object, int, java.lang.Object, java.lang.Object)'> (0x000000051c130480) 
thrown [s\src\hotspot\share\interpreter\linkResolver.cpp, line 759]
Event: 3804.214 Thread 0x000001eec00f7ad0 Exception <a 'java/lang/NoSuchMethodError'{0x000000051c9fdd38}: 'java.lang.Object java.lang.invoke.Invokers$Holder.linkToTargetMethod(java.lang.Object, java.lang.Object, java.lang.Object, java.lang.Object, java.lang.Object, int, java.lang.Object, java.lang.Object)'> (0x000000051c9fdd38) 
thrown [s\src\hotspot\share\interpreter\linkResolver.cpp, line 759]
Event: 3804.214 Thread 0x000001eec00f2ee0 Exception <a 'java/lang/NoSuchMethodError'{0x000000051cd21c20}: 'java.lang.Object java.lang.invoke.Invokers$Holder.linkToTargetMethod(java.lang.Object, java.lang.Object, java.lang.Object, java.lang.Object, java.lang.Object, int, java.lang.Object, java.lang.Object)'> (0x000000051cd21c20) 
thrown [s\src\hotspot\share\interpreter\linkResolver.cpp, line 759]
Event: 3808.348 Thread 0x000001eec00f2ee0 Implicit null exception at 0x000001ee08af405d to 0x000001ee08af48f4
Event: 3808.385 Thread 0x000001eec00f6ba0 Implicit null exception at 0x000001ee08ac1a53 to 0x000001ee08ac1aa4

VM Operations (20 events):
Event: 3800.795 Executing VM operation: G1CollectForAllocation done
Event: 3800.850 Executing VM operation: G1PauseRemark
Event: 3800.862 Executing VM operation: G1PauseRemark done
Event: 3800.885 Executing VM operation: G1PauseCleanup
Event: 3800.886 Executing VM operation: G1PauseCleanup done
Event: 3803.911 Executing VM operation: Cleanup
Event: 3803.912 Executing VM operation: Cleanup done
Event: 3804.924 Executing VM operation: Cleanup
Event: 3804.924 Executing VM operation: Cleanup done
Event: 3805.369 Executing VM operation: G1CollectForAllocation
Event: 3805.421 Executing VM operation: G1CollectForAllocation done
Event: 3807.427 Executing VM operation: Cleanup
Event: 3807.427 Executing VM operation: Cleanup done
Event: 3808.442 Executing VM operation: Cleanup
Event: 3808.551 Executing VM operation: Cleanup done
Event: 3808.953 Executing VM operation: G1CollectForAllocation
Event: 3808.964 Executing VM operation: G1CollectForAllocation done
Event: 3809.806 Executing VM operation: G1CollectForAllocation
Event: 3809.811 Executing VM operation: G1CollectForAllocation done
Event: 3809.855 Executing VM operation: G1PauseRemark

Memory protections (0 events):
No events

Nmethod flushes (20 events):
Event: 3790.744 Thread 0x000001ee794b15b0 flushing  nmethod 0x000001ee007b0590
Event: 3790.744 Thread 0x000001ee794b15b0 flushing  nmethod 0x000001ee008b7410
Event: 3790.747 Thread 0x000001ee794b15b0 flushing  nmethod 0x000001ee00d04d10
Event: 3790.748 Thread 0x000001ee794b15b0 flushing  nmethod 0x000001ee00dae610
Event: 3790.748 Thread 0x000001ee794b15b0 flushing  nmethod 0x000001ee00dd6110
Event: 3790.748 Thread 0x000001ee794b15b0 flushing  nmethod 0x000001ee00e61490
Event: 3790.749 Thread 0x000001ee794b15b0 flushing  nmethod 0x000001ee00ea6710
Event: 3790.749 Thread 0x000001ee794b15b0 flushing  nmethod 0x000001ee00f06210
Event: 3790.749 Thread 0x000001ee794b15b0 flushing  nmethod 0x000001ee00fbd990
Event: 3790.750 Thread 0x000001ee794b15b0 flushing  nmethod 0x000001ee01112610
Event: 3790.750 Thread 0x000001ee794b15b0 flushing  nmethod 0x000001ee01112e10
Event: 3790.750 Thread 0x000001ee794b15b0 flushing  nmethod 0x000001ee01126f90
Event: 3790.751 Thread 0x000001ee794b15b0 flushing  nmethod 0x000001ee0129ce90
Event: 3790.752 Thread 0x000001ee794b15b0 flushing  nmethod 0x000001ee013a7f10
Event: 3790.754 Thread 0x000001ee794b15b0 flushing  nmethod 0x000001ee0161f010
Event: 3790.754 Thread 0x000001ee794b15b0 flushing  nmethod 0x000001ee01708410
Event: 3790.755 Thread 0x000001ee794b15b0 flushing  nmethod 0x000001ee01815190
Event: 3790.755 Thread 0x000001ee794b15b0 flushing  nmethod 0x000001ee01892710
Event: 3790.756 Thread 0x000001ee794b15b0 flushing  nmethod 0x000001ee019ca190
Event: 3790.761 Thread 0x000001ee794b15b0 flushing  nmethod 0x000001ee023bf590

Events (20 events):
Event: 3788.953 Thread 0x000001eecbe6d6b0 Thread exited: 0x000001eecbe6d6b0
Event: 3803.859 Thread 0x000001eec16cc140 Thread added: 0x000001eebfb8c120
Event: 3803.876 Thread 0x000001ee797157a0 Thread added: 0x000001eec9576380
Event: 3804.021 Thread 0x000001ee7949e430 Thread added: 0x000001eecb2f9050
Event: 3804.264 Thread 0x000001ee7949f140 Thread added: 0x000001eeca16c6a0
Event: 3804.264 Thread 0x000001ee7949f140 Thread added: 0x000001eeca170110
Event: 3804.341 Thread 0x000001eeca170110 Thread added: 0x000001eec941fb40
Event: 3804.341 Thread 0x000001eeca170110 Thread added: 0x000001eec941f5f0
Event: 3804.341 Thread 0x000001eeca170110 Thread added: 0x000001eec941e600
Event: 3804.341 Thread 0x000001eeca170110 Thread added: 0x000001eec941eb50
Event: 3804.562 Thread 0x000001eec941eb50 Thread exited: 0x000001eec941eb50
Event: 3804.565 Thread 0x000001eec941e600 Thread exited: 0x000001eec941e600
Event: 3804.797 Thread 0x000001eec941f5f0 Thread exited: 0x000001eec941f5f0
Event: 3804.924 Thread 0x000001eec941fb40 Thread exited: 0x000001eec941fb40
Event: 3805.088 Thread 0x000001eecb2f9050 Thread exited: 0x000001eecb2f9050
Event: 3807.514 Thread 0x000001eeca170110 Thread exited: 0x000001eeca170110
Event: 3808.951 Thread 0x000001ee7949f140 Thread added: 0x000001eecbe6d6b0
Event: 3809.124 Thread 0x000001ee7949e430 Thread added: 0x000001eec2608b50
Event: 3809.762 Thread 0x000001eecbe6d6b0 Thread exited: 0x000001eecbe6d6b0
Event: 3809.762 Thread 0x000001eeca16c6a0 Thread exited: 0x000001eeca16c6a0


Dynamic libraries:
0x00007ff708620000 - 0x00007ff70862e000 	C:\Program Files\Microsoft\jdk-17.0.20.101-hotspot\bin\java.exe
0x00007ff8623e0000 - 0x00007ff862646000 	C:\WINDOWS\SYSTEM32\ntdll.dll
0x00007ff861d00000 - 0x00007ff861dc9000 	C:\WINDOWS\System32\KERNEL32.DLL
0x00007ff85f8a0000 - 0x00007ff85fc9f000 	C:\WINDOWS\System32\KERNELBASE.dll
0x00007ff85f740000 - 0x00007ff85f88c000 	C:\WINDOWS\System32\ucrtbase.dll
0x00007fff9ce60000 - 0x00007fff9ce78000 	C:\Program Files\Microsoft\jdk-17.0.20.101-hotspot\bin\jli.dll
0x00007fff9ce40000 - 0x00007fff9ce5e000 	C:\Program Files\Microsoft\jdk-17.0.20.101-hotspot\bin\VCRUNTIME140.dll
0x00007ff861f40000 - 0x00007ff862106000 	C:\WINDOWS\System32\USER32.dll
0x00007ff85fef0000 - 0x00007ff85ff17000 	C:\WINDOWS\System32\win32u.dll
0x00007ff83ee00000 - 0x00007ff83f091000 	C:\WINDOWS\WinSxS\amd64_microsoft.windows.common-controls_6595b64144ccf1df_6.0.26100.8972_none_3e0da176e32f9d4b\COMCTL32.dll
0x00007ff860850000 - 0x00007ff86087b000 	C:\WINDOWS\System32\GDI32.dll
0x00007ff8607a0000 - 0x00007ff860849000 	C:\WINDOWS\System32\msvcrt.dll
0x00007ff85ff20000 - 0x00007ff860049000 	C:\WINDOWS\System32\gdi32full.dll
0x00007ff85fcb0000 - 0x00007ff85fd53000 	C:\WINDOWS\System32\msvcp_win.dll
0x00007ff860640000 - 0x00007ff860672000 	C:\WINDOWS\System32\IMM32.DLL
0x00007ff824820000 - 0x00007ff82482c000 	C:\Program Files\Microsoft\jdk-17.0.20.101-hotspot\bin\vcruntime140_1.dll
0x00007fff9cdb0000 - 0x00007fff9ce39000 	C:\Program Files\Microsoft\jdk-17.0.20.101-hotspot\bin\msvcp140.dll
0x00007fff91db0000 - 0x00007fff92a2b000 	C:\Program Files\Microsoft\jdk-17.0.20.101-hotspot\bin\server\jvm.dll
0x00007ff8622d0000 - 0x00007ff86238c000 	C:\WINDOWS\System32\ADVAPI32.dll
0x00007ff860140000 - 0x00007ff8601ea000 	C:\WINDOWS\System32\sechost.dll
0x00007ff860680000 - 0x00007ff860798000 	C:\WINDOWS\System32\RPCRT4.dll
0x00007ff861190000 - 0x00007ff861212000 	C:\WINDOWS\System32\WS2_32.dll
0x00007ff85eda0000 - 0x00007ff85edfe000 	C:\WINDOWS\SYSTEM32\POWRPROF.dll
0x00007ff849d60000 - 0x00007ff849d96000 	C:\WINDOWS\SYSTEM32\WINMM.dll
0x00007ff854270000 - 0x00007ff85427b000 	C:\WINDOWS\SYSTEM32\VERSION.dll
0x00007ff85ed80000 - 0x00007ff85ed95000 	C:\WINDOWS\SYSTEM32\UMPDC.dll
0x00007ff85e2e0000 - 0x00007ff85e2fb000 	C:\WINDOWS\SYSTEM32\kernel.appcore.dll
0x00007ff823ae0000 - 0x00007ff823aea000 	C:\Program Files\Microsoft\jdk-17.0.20.101-hotspot\bin\jimage.dll
0x00007ff85c9f0000 - 0x00007ff85cc32000 	C:\WINDOWS\SYSTEM32\DBGHELP.DLL
0x00007ff860880000 - 0x00007ff860c05000 	C:\WINDOWS\System32\combase.dll
0x00007ff860540000 - 0x00007ff860619000 	C:\WINDOWS\System32\OLEAUT32.dll
0x00007ff827eb0000 - 0x00007ff827eeb000 	C:\WINDOWS\SYSTEM32\dbgcore.DLL
0x00007ff860050000 - 0x00007ff8600fc000 	C:\WINDOWS\System32\bcryptPrimitives.dll
0x00007fff9cd80000 - 0x00007fff9cda6000 	C:\Program Files\Microsoft\jdk-17.0.20.101-hotspot\bin\java.dll
0x00007fff9c980000 - 0x00007fff9ca56000 	C:\Program Files\Microsoft\jdk-17.0.20.101-hotspot\bin\jsvml.dll
0x00007ff861570000 - 0x00007ff861cf8000 	C:\WINDOWS\System32\SHELL32.dll
0x00007ff85d060000 - 0x00007ff85d8fb000 	C:\WINDOWS\SYSTEM32\windows.storage.dll
0x00007ff860410000 - 0x00007ff860509000 	C:\WINDOWS\System32\SHCORE.dll
0x00007ff861220000 - 0x00007ff861286000 	C:\WINDOWS\System32\shlwapi.dll
0x00007ff85f510000 - 0x00007ff85f539000 	C:\WINDOWS\SYSTEM32\profapi.dll
0x00007fff9cd60000 - 0x00007fff9cd7b000 	C:\Program Files\Microsoft\jdk-17.0.20.101-hotspot\bin\net.dll
0x00007ff857df0000 - 0x00007ff857f18000 	C:\WINDOWS\SYSTEM32\WINHTTP.dll
0x00007ff85e890000 - 0x00007ff85e8fc000 	C:\WINDOWS\system32\mswsock.dll
0x00007fff9cd40000 - 0x00007fff9cd56000 	C:\Program Files\Microsoft\jdk-17.0.20.101-hotspot\bin\nio.dll
0x00007fff9cd20000 - 0x00007fff9cd38000 	C:\Program Files\Microsoft\jdk-17.0.20.101-hotspot\bin\zip.dll
0x00007ff821a70000 - 0x00007ff821a7a000 	C:\Program Files\Microsoft\jdk-17.0.20.101-hotspot\bin\management.dll
0x00007ff821760000 - 0x00007ff82176c000 	C:\Program Files\Microsoft\jdk-17.0.20.101-hotspot\bin\management_ext.dll
0x00007ff8621a0000 - 0x00007ff8621a8000 	C:\WINDOWS\System32\PSAPI.DLL
0x00007ff82db10000 - 0x00007ff82db28000 	C:\WINDOWS\system32\napinsp.dll
0x00007ff85ddf0000 - 0x00007ff85df48000 	C:\WINDOWS\SYSTEM32\DNSAPI.dll
0x00007ff85e690000 - 0x00007ff85e69d000 	C:\WINDOWS\SYSTEM32\DSPARSE.dll
0x00007ff85dd10000 - 0x00007ff85dd43000 	C:\WINDOWS\SYSTEM32\IPHLPAPI.DLL
0x00007ff8621b0000 - 0x00007ff8621ba000 	C:\WINDOWS\System32\NSI.dll
0x00007ff82e270000 - 0x00007ff82e283000 	C:\WINDOWS\System32\winrnr.dll
0x00007ff82db90000 - 0x00007ff82dbb2000 	C:\WINDOWS\system32\nlansp_c.dll
0x00007ff854e40000 - 0x00007ff854e56000 	C:\WINDOWS\system32\wshbth.dll
0x00007ff858180000 - 0x00007ff85818b000 	C:\Windows\System32\rasadhlp.dll
0x00007ff8589d0000 - 0x00007ff858a56000 	C:\WINDOWS\System32\fwpuclnt.dll
0x00007ff85ebf0000 - 0x00007ff85ec0b000 	C:\WINDOWS\SYSTEM32\CRYPTSP.dll
0x00007ff85e240000 - 0x00007ff85e279000 	C:\WINDOWS\system32\rsaenh.dll
0x00007ff85e9b0000 - 0x00007ff85e9e2000 	C:\WINDOWS\SYSTEM32\USERENV.dll
0x00007ff85f4e0000 - 0x00007ff85f50a000 	C:\WINDOWS\SYSTEM32\bcrypt.dll
0x00007ff85ec10000 - 0x00007ff85ec1c000 	C:\WINDOWS\SYSTEM32\CRYPTBASE.dll
0x00007ff858870000 - 0x00007ff85888d000 	C:\WINDOWS\SYSTEM32\dhcpcsvc6.DLL
0x00007ff8584a0000 - 0x00007ff8584c5000 	C:\WINDOWS\SYSTEM32\dhcpcsvc.DLL
0x00007ff821640000 - 0x00007ff821649000 	C:\Program Files\Microsoft\jdk-17.0.20.101-hotspot\bin\extnet.dll
0x00007fff9cd00000 - 0x00007fff9cd19000 	C:\hadoop\bin\hadoop.dll
0x00007ff848070000 - 0x00007ff84808a000 	C:\WINDOWS\SYSTEM32\NETAPI32.dll
0x00007ff85dc70000 - 0x00007ff85dcc0000 	C:\WINDOWS\SYSTEM32\AUTHZ.dll
0x00007ff85dc50000 - 0x00007ff85dc6b000 	C:\WINDOWS\SYSTEM32\SAMCLI.DLL
0x00007ff85dba0000 - 0x00007ff85dbad000 	C:\WINDOWS\SYSTEM32\NETUTILS.DLL
0x00007ff81ed20000 - 0x00007ff81ed29000 	C:\Program Files\Microsoft\jdk-17.0.20.101-hotspot\bin\jaas.dll
0x00007ff81de60000 - 0x00007ff81de6e000 	C:\Program Files\Microsoft\jdk-17.0.20.101-hotspot\bin\sunmscapi.dll
0x00007ff85fd60000 - 0x00007ff85fede000 	C:\WINDOWS\System32\CRYPT32.dll
0x00007ff85eee0000 - 0x00007ff85ef10000 	C:\WINDOWS\SYSTEM32\ncrypt.dll
0x00007ff85ee90000 - 0x00007ff85eecf000 	C:\WINDOWS\SYSTEM32\NTASN1.dll
0x00007ff82e1c0000 - 0x00007ff82e1c8000 	C:\WINDOWS\system32\wshunix.dll
0x00007ff81b5e0000 - 0x00007ff81b5f0000 	C:\Program Files\Microsoft\jdk-17.0.20.101-hotspot\bin\verify.dll
0x00007fff9cb20000 - 0x00007fff9cb68000 	C:\Users\vorad\AppData\Local\Temp\liblz4-java-10012460833542919003.dll
0x00007ff85e410000 - 0x00007ff85e446000 	C:\WINDOWS\SYSTEM32\ntmarta.dll
0x0000000070fc0000 - 0x000000007108f000 	C:\Users\vorad\AppData\Local\Temp\snappy-1.1.10-ce81f586-2e80-4665-b7db-9f35c83108b4-snappyjava.dll

dbghelp: loaded successfully - version: 4.0.5 - missing functions: none
symbol engine: initialized successfully - sym options: 0x614 - pdb path: .;C:\Program Files\Microsoft\jdk-17.0.20.101-hotspot\bin;C:\WINDOWS\SYSTEM32;C:\WINDOWS\WinSxS\amd64_microsoft.windows.common-controls_6595b64144ccf1df_6.0.26100.8972_none_3e0da176e32f9d4b;C:\Program Files\Microsoft\jdk-17.0.20.101-hotspot\bin\server;C:\hadoop\bin;C:\Users\vorad\AppData\Local\Temp

VM Arguments:
jvm_args: -Xmx12g -XX:+IgnoreUnrecognizedVMOptions --add-modules=jdk.incubator.vector --add-opens=java.base/java.lang=ALL-UNNAMED --add-opens=java.base/java.lang.invoke=ALL-UNNAMED --add-opens=java.base/java.lang.reflect=ALL-UNNAMED --add-opens=java.base/java.io=ALL-UNNAMED --add-opens=java.base/java.net=ALL-UNNAMED --add-opens=java.base/java.nio=ALL-UNNAMED --add-opens=java.base/java.util=ALL-UNNAMED --add-opens=java.base/java.util.concurrent=ALL-UNNAMED --add-opens=java.base/java.util.concurrent.atomic=ALL-UNNAMED --add-opens=java.base/jdk.internal.ref=ALL-UNNAMED --add-opens=java.base/sun.nio.ch=ALL-UNNAMED --add-opens=java.base/sun.nio.cs=ALL-UNNAMED --add-opens=java.base/sun.security.action=ALL-UNNAMED --add-opens=java.base/sun.util.calendar=ALL-UNNAMED --add-opens=java.security.jgss/sun.security.krb5=ALL-UNNAMED -Dio.netty.tryReflectionSetAccessible=true -Dio.netty.allocator.type=pooled -Dio.netty.handler.ssl.defaultEndpointVerificationAlgorithm=NONE --sun-misc-unsafe-memory-access=allow --enable-native-access=ALL-UNNAMED -Dderby.connection.requireAuthentication=false 
java_command: org.apache.spark.deploy.SparkSubmit --conf spark.master=local[4] --conf spark.driver.memory=12g --conf spark.default.parallelism=16 --conf spark.sql.adaptive.enabled=true --conf spark.sql.adaptive.coalescePartitions.enabled=true --conf spark.app.name=mortgage-credit-risk-preprocessing --conf spark.sql.shuffle.partitions=16 --conf spark.sql.adaptive.skewJoin.enabled=true pyspark-shell
java_class_path (initial): C:\Users\vorad\OneDrive\Desktop\Projects\mortgage-credit-risk\venv\Lib\site-packages\pyspark\bin\..\conf;C:\Users\vorad\OneDrive\Desktop\Projects\mortgage-credit-risk\venv\Lib\site-packages\pyspark\bin\..\jars\slf4j-api-2.0.17.jar;C:\Users\vorad\OneDrive\Desktop\Projects\mortgage-credit-risk\venv\Lib\site-packages\pyspark\bin\..\jars\aircompressor-2.0.3.jar;C:\Users\vorad\OneDrive\Desktop\Projects\mortgage-credit-risk\venv\Lib\site-packages\pyspark\bin\..\jars\algebra_2.13-2.8.0.jar;C:\Users\vorad\OneDrive\Desktop\Projects\mortgage-credit-risk\venv\Lib\site-packages\pyspark\bin\..\jars\antlr-runtime-3.5.2.jar;C:\Users\vorad\OneDrive\Desktop\Projects\mortgage-credit-risk\venv\Lib\site-packages\pyspark\bin\..\jars\antlr4-runtime-4.13.1.jar;C:\Users\vorad\OneDrive\Desktop\Projects\mortgage-credit-risk\venv\Lib\site-packages\pyspark\bin\..\jars\aopalliance-repackaged-3.0.6.jar;C:\Users\vorad\OneDrive\Desktop\Projects\mortgage-credit-risk\venv\Lib\site-packages\pyspark\bin\..\jars\arpack-3.2.0.jar;C:\Users\vorad\OneDrive\Desktop\Projects\mortgage-credit-risk\venv\Lib\site-packages\pyspark\bin\..\jars\arpack_combined_all-0.1.jar;C:\Users\vorad\OneDrive\Desktop\Projects\mortgage-credit-risk\venv\Lib\site-packages\pyspark\bin\..\jars\arrow-compression-19.0.0.jar;C:\Users\vorad\OneDrive\Desktop\Projects\mortgage-credit-risk\venv\Lib\site-packages\pyspark\bin\..\jars\arrow-format-19.0.0.jar;C:\Users\vorad\OneDrive\Desktop\Projects\mortgage-credit-risk\venv\Lib\site-packages\pyspark\bin\..\jars\arrow-memory-core-19.0.0.jar;C:\Users\vorad\OneDrive\Desktop\Projects\mortgage-credit-risk\venv\Lib\site-packages\pyspark\bin\..\jars\arrow-memory-netty-19.0.0.jar;C:\Users\vorad\OneDrive\Desktop\Projects\mortgage-credit-risk\venv\Lib\site-packages\pyspark\bin\..\jars\arrow-memory-netty-buffer-patch-19.0.0.jar;C:\Users\vorad\OneDrive\Desktop\Projects\mortgage-credit-risk\venv\Lib\site-packages\pyspark\bin\..\jars\arrow-vector-19.0.0.jar;C:\Users\vorad\OneDri
Launcher Type: SUN_STANDARD

[Global flags]
     intx CICompilerCount                          = 12                                        {product} {ergonomic}
     uint ConcGCThreads                            = 3                                         {product} {ergonomic}
     uint G1ConcRefinementThreads                  = 13                                        {product} {ergonomic}
   size_t G1HeapRegionSize                         = 8388608                                   {product} {ergonomic}
    uintx GCDrainStackTargetSize                   = 64                                        {product} {ergonomic}
     bool IgnoreUnrecognizedVMOptions              = true                                      {product} {command line}
   size_t InitialHeapSize                          = 268435456                                 {product} {ergonomic}
   size_t MarkStackSize                            = 4194304                                   {product} {ergonomic}
   size_t MaxHeapSize                              = 12884901888                               {product} {command line}
   size_t MaxNewSize                               = 7725907968                                {product} {ergonomic}
   size_t MinHeapDeltaBytes                        = 8388608                                   {product} {ergonomic}
   size_t MinHeapSize                              = 8388608                                   {product} {ergonomic}
    uintx NonNMethodCodeHeapSize                   = 7602480                                {pd product} {ergonomic}
    uintx NonProfiledCodeHeapSize                  = 122027880                              {pd product} {ergonomic}
    uintx ProfiledCodeHeapSize                     = 122027880                              {pd product} {ergonomic}
    uintx ReservedCodeCacheSize                    = 251658240                              {pd product} {ergonomic}
     bool SegmentedCodeCache                       = true                                      {product} {ergonomic}
   size_t SoftMaxHeapSize                          = 12884901888                            {manageable} {ergonomic}
     bool UseCompressedClassPointers               = true                           {product lp64_product} {ergonomic}
     bool UseCompressedOops                        = true                           {product lp64_product} {ergonomic}
     bool UseG1GC                                  = true                                      {product} {ergonomic}
     bool UseLargePagesIndividualAllocation        = false                                  {pd product} {ergonomic}

Logging:
Log output configuration:
 #0: stdout all=warning uptime,level,tags
 #1: stderr all=off uptime,level,tags

Environment Variables:
JAVA_HOME=C:\Program Files\Microsoft\jdk-17.0.20.101-hotspot
PATH=C:\hadoop\bin;c:\Users\vorad\OneDrive\Desktop\Projects\mortgage-credit-risk\venv\Scripts;C:\Users\vorad\OneDrive\Desktop\Projects\mortgage-credit-risk\venv\Scripts;C:\Program Files\Microsoft\jdk-17.0.20.101-hotspot\bin;C:\Program Files (x86)\Common Files\Oracle\Java\javapath;C:\WINDOWS\system32;C:\WINDOWS;C:\WINDOWS\System32\Wbem;C:\WINDOWS\System32\WindowsPowerShell\v1.0\;C:\WINDOWS\System32\OpenSSH\;C:\ProgramData\chocolatey\bin;C:\ProgramData\nvm;C:\Program Files\nodejs;C:\Program Files\dotnet\;C:\Program Files\NVIDIA Corporation\NVIDIA app\NvDLISR;C:\Program Files (x86)\NVIDIA Corporation\PhysX\Common;C:\Program Files\Git\cmd;C:\Program Files\GitHub CLI\;C:\Program Files\Microsoft\jdk-17.0.20.101-hotspot\bin;C:\Users\vorad\AppData\Local\Programs\Python\Python313\Scripts\;C:\Users\vorad\AppData\Local\Programs\Python\Python313\;C:\Users\vorad\AppData\Local\Microsoft\WindowsApps;C:\Users\vorad\AppData\Local\Programs\Microsoft VS Code\bin;C:\Users\vorad\AppData\Roaming\npm;C:\ProgramData\nvm;C:\Program Files\nodejs;C:\Users\vorad\AppData\Local\GitHubDesktop\bin;C:\Users\vorad\AppData\Local\Python\bin;C:\Users\vorad\AppData\Local\Google\Cloud SDK\google-cloud-sdk\bin
USERNAME=vorad
TERM=xterm-color
OS=Windows_NT
PROCESSOR_IDENTIFIER=Intel64 Family 6 Model 154 Stepping 3, GenuineIntel
TMP=C:\Users\vorad\AppData\Local\Temp
TEMP=C:\Users\vorad\AppData\Local\Temp



Periodic native trim disabled


---------------  S Y S T E M  ---------------

OS:
 Windows 11 , 64 bit Build 26100 (10.0.26100.9168)
OS uptime: 0 days 18:50 hours
Hyper-V role detected

CPU: total 16 (initial active 16) (8 cores per cpu, 2 threads per core) family 6 model 154 stepping 3 microcode 0x437, cx8, cmov, fxsr, ht, mmx, 3dnowpref, sse, sse2, sse3, ssse3, sse4.1, sse4.2, popcnt, lzcnt, tsc, tscinvbit, avx, avx2, aes, erms, clmul, bmi1, bmi2, adx, sha, fma, vzeroupper, clflush, clflushopt, clwb, hv
Processor Information for processor 0
  Max Mhz: 2300, Current Mhz: 2300, Mhz Limit: 2300
Processor Information for processor 1
  Max Mhz: 2300, Current Mhz: 1506, Mhz Limit: 2300
Processor Information for processor 2
  Max Mhz: 2300, Current Mhz: 1506, Mhz Limit: 2300
Processor Information for processor 3
  Max Mhz: 2300, Current Mhz: 2300, Mhz Limit: 2300
Processor Information for processor 4
  Max Mhz: 2300, Current Mhz: 1506, Mhz Limit: 2300
Processor Information for processor 5
  Max Mhz: 2300, Current Mhz: 2300, Mhz Limit: 2300
Processor Information for processor 6
  Max Mhz: 2300, Current Mhz: 2300, Mhz Limit: 2300
Processor Information for processor 7
  Max Mhz: 2300, Current Mhz: 2300, Mhz Limit: 2300
Processor Information for processor 8
  Max Mhz: 2300, Current Mhz: 1506, Mhz Limit: 2300
Processor Information for processor 9
  Max Mhz: 2300, Current Mhz: 2300, Mhz Limit: 2300
Processor Information for processor 10
  Max Mhz: 2300, Current Mhz: 2300, Mhz Limit: 2300
Processor Information for processor 11
  Max Mhz: 2300, Current Mhz: 1506, Mhz Limit: 2300
Processor Information for processor 12
  Max Mhz: 2300, Current Mhz: 2300, Mhz Limit: 2300
Processor Information for processor 13
  Max Mhz: 2300, Current Mhz: 2300, Mhz Limit: 2300
Processor Information for processor 14
  Max Mhz: 2300, Current Mhz: 2300, Mhz Limit: 2300
Processor Information for processor 15
  Max Mhz: 2300, Current Mhz: 2300, Mhz Limit: 2300

Memory: 4k page, system-wide physical 16051M (428M free)
TotalPageFile size 64957M (AvailPageFile size 2380M)
current process WorkingSet (physical memory assigned to process): 5156M, peak: 5156M
current process commit charge ("private bytes"): 5886M, peak: 9142M

vm_info: OpenJDK 64-Bit Server VM (17.0.20.1+1-LTS) for windows-amd64 JRE (17.0.20.1+1-LTS), built on Aug 11 2026 20:17:22 by "MicrosoftCorporation" with MS VC++ 17.14 (VS2022)

END.
